container_code,season,year,site,functional_group,common_name,species_name,spp_code,replicate_number,SL_cm,TL_cm,WT_g,fate_c_r,DO%,DO_mg,Temp_C,Salinity_ppt,Depth_m,conductivity,Drift_gal,lat.,long.,time in,time out
FIMS_1,Dry,2024,TS10,,Tidewater Mojarra,,,1,,5.4,4.3,c,76,5.1,26.8,31,0.8,47670,4,,,9:12,9:41
FIMS_1,Dry,2024,TS10,,Tidewater Mojarra,,,1,,6.8,4.9,c,76,5.1,26.8,31,0.8,47670,4,,,9:12,9:41
FIMS_1,Dry,2024,TS10,,Tidewater Mojarra,,,1,,7.4,4,c,76,5.1,26.8,31,0.8,47670,4,,,9:12,9:41
FIMS_1,Dry,2024,TS10,,Tidewater Mojarra,,,1,,6.3,6.4,c,76,5.1,26.8,31,0.8,47670,4,,,9:12,9:41
FIMS_1,Dry,2024,TS10,,Tidewater Mojarra,,,1,,5.4,4.6,c,76,5.1,26.8,31,0.8,47670,4,,,9:12,9:41
FIMS_1,Dry,2024,TS10,,Tidewater Mojarra,,,1,,5.1,3.8,c,76,5.1,26.8,31,0.8,47670,4,,,9:12,9:41
FIMS_1,Dry,2024,TS10,,Tidewater Mojarra,,,1,,1.5,0.1,c,76,5.1,26.8,31,0.8,47670,4,,,9:12,9:41
FIMS_1,Dry,2024,TS10,,Tidewater Mojarra,,,1,,4.9,3.1,c,76,5.1,26.8,31,0.8,47670,4,,,9:12,9:41
FIMS_1,Dry,2024,TS10,,Tidewater Mojarra,,,1,,4.9,3,c,76,5.1,26.8,31,0.8,47670,4,,,9:12,9:41
FIMS_1,Dry,2024,TS10,,Tidewater Mojarra,,,1,,4.9,5.9,c,76,5.1,26.8,31,0.8,47670,4,,,9:12,9:41
FIMS_1,Dry,2024,TS10,,Tidewater Mojarra,,,1,,5.4,1.3,c,76,5.1,26.8,31,0.8,47670,4,,,9:12,9:41
FIMS_1,Dry,2024,TS10,,Tidewater Mojarra,,,1,,6.2,7.6,c,76,5.1,26.8,31,0.8,47670,4,,,9:12,9:41
FIMS_1,Dry,2024,TS10,,Tidewater Mojarra,,,1,,6.9,6.3,c,76,5.1,26.8,31,0.8,47670,4,,,9:12,9:41
FIMS_1,Dry,2024,TS10,,Tidewater Mojarra,,,1,,4.1,1.9,c,76,5.1,26.8,31,0.8,47670,4,,,9:12,9:41
FIMS_1,Dry,2024,TS10,,Tidewater Mojarra,,,1,,1.3,0.1,c,76,5.1,26.8,31,0.8,47670,4,,,9:12,9:41
FIMS_1,Dry,2024,TS10,,Tidewater Mojarra,,,1,,5.7,5.9,c,76,5.1,26.8,31,0.8,47670,4,,,9:12,9:41
FIMS_1,Dry,2024,TS10,,Tidewater Mojarra,,,1,,6,6.3,c,76,5.1,26.8,31,0.8,47670,4,,,9:12,9:41
FIMS_1,Dry,2024,TS10,,Tidewater Mojarra,,,1,,4.1,1.8,c,76,5.1,26.8,31,0.8,47670,4,,,9:12,9:41
FIMS_1,Dry,2024,TS10,,Tidewater Mojarra,,,1,,4.7,3,c,76,5.1,26.8,31,0.8,47670,4,,,9:12,9:41
FIMS_1,Dry,2024,TS10,,Tidewater Mojarra,,,1,,5.9,3.3,c,76,5.1,26.8,31,0.8,47670,4,,,9:12,9:41
FIMS_1,Dry,2024,TS10,,Tidewater Mojarra,,,1,,8.4,14.7,c,76,5.1,26.8,31,0.8,47670,4,,,9:12,9:41
FIMS_1,Dry,2024,TS10,,Tidewater Mojarra,,,1,,4.6,2.7,c,76,5.1,26.8,31,0.8,47670,4,,,9:12,9:41
FIMS_1,Dry,2024,TS10,,Tidewater Mojarra,,,1,,7.1,9.1,c,76,5.1,26.8,31,0.8,47670,4,,,9:12,9:41
FIMS_1,Dry,2024,TS10,,Tidewater Mojarra,,,1,,4.4,2.4,c,76,5.1,26.8,31,0.8,47670,4,,,9:12,9:41
FIMS_1,Dry,2024,TS10,,Tidewater Mojarra,,,1,,6.4,6.8,c,76,5.1,26.8,31,0.8,47670,4,,,9:12,9:41
FIMS_1,Dry,2024,TS10,,Tidewater Mojarra,,,1,,3.3,1,c,76,5.1,26.8,31,0.8,47670,4,,,9:12,9:41
FIMS_1,Dry,2024,TS10,,Tidewater Mojarra,,,1,,5.3,3.7,c,76,5.1,26.8,31,0.8,47670,4,,,9:12,9:41
FIMS_1,Dry,2024,TS10,,Tidewater Mojarra,,,1,,3.7,1.6,c,76,5.1,26.8,31,0.8,47670,4,,,9:12,9:41
FIMS_1,Dry,2024,TS10,,Tidewater Mojarra,,,1,,5.7,4.8,c,76,5.1,26.8,31,0.8,47670,4,,,9:12,9:41
FIMS_1,Dry,2024,TS10,,Tidewater Mojarra,,,1,,4.5,2.2,c,76,5.1,26.8,31,0.8,47670,4,,,9:12,9:41
FIMS_1,Dry,2024,TS10,,Tidewater Mojarra,,,1,,6.1,7.4,c,76,5.1,26.8,31,0.8,47670,4,,,9:12,9:41
FIMS_1,Dry,2024,TS10,,Tidewater Mojarra,,,1,,4,1.7,c,76,5.1,26.8,31,0.8,47670,4,,,9:12,9:41
FIMS_1,Dry,2024,TS10,,Tidewater Mojarra,,,1,,5,4.2,c,76,5.1,26.8,31,0.8,47670,4,,,9:12,9:41
FIMS_1,Dry,2024,TS10,,Tidewater Mojarra,,,1,,3.4,1.4,c,76,5.1,26.8,31,0.8,47670,4,,,9:12,9:41
FIMS_1,Dry,2024,TS10,,Tidewater Mojarra,,,1,,5.4,3.9,c,76,5.1,26.8,31,0.8,47670,4,,,9:12,9:41
FIMS_1,Dry,2024,TS10,,Tidewater Mojarra,,,1,,5.2,4.1,c,76,5.1,26.8,31,0.8,47670,4,,,9:12,9:41
FIMS_1,Dry,2024,TS10,,Tidewater Mojarra,,,1,,4.1,5.7,c,76,5.1,26.8,31,0.8,47670,4,,,9:12,9:41
FIMS_1,Dry,2024,TS10,,Tidewater Mojarra,,,1,,4.5,2.5,c,76,5.1,26.8,31,0.8,47670,4,,,9:12,9:41
FIMS_1,Dry,2024,TS10,,Tidewater Mojarra,,,1,,2.8,0.3,c,76,5.1,26.8,31,0.8,47670,4,,,9:12,9:41
FIMS_1,Dry,2024,TS10,,Tidewater Mojarra,,,1,,4.8,2.9,c,76,5.1,26.8,31,0.8,47670,4,,,9:12,9:41
FIMS_1,Dry,2024,TS10,,Tidewater Mojarra,,,1,,,,c,76,5.1,26.8,31,0.8,47670,4,,,9:12,9:41
FIMS_1,Dry,2024,TS10,,Tidewater Mojarra,,,1,,,,c,76,5.1,26.8,31,0.8,47670,4,,,9:12,9:41
FIMS_1,Dry,2024,TS10,,Tidewater Mojarra,,,1,,,,c,76,5.1,26.8,31,0.8,47670,4,,,9:12,9:41
FIMS_1,Dry,2024,TS10,,Tidewater Mojarra,,,1,,,,c,76,5.1,26.8,31,0.8,47670,4,,,9:12,9:41
FIMS_1,Dry,2024,TS10,,Tidewater Mojarra,,,1,,,,c,76,5.1,26.8,31,0.8,47670,4,,,9:12,9:41
FIMS_1,Dry,2024,TS10,,Tidewater Mojarra,,,1,,,,c,76,5.1,26.8,31,0.8,47670,4,,,9:12,9:41
FIMS_1,Dry,2024,TS10,,Tidewater Mojarra,,,1,,,,c,76,5.1,26.8,31,0.8,47670,4,,,9:12,9:41
FIMS_1,Dry,2024,TS10,,Tidewater Mojarra,,,1,,,,c,76,5.1,26.8,31,0.8,47670,4,,,9:12,9:41
FIMS_1,Dry,2024,TS10,,Tidewater Mojarra,,,1,,,,c,76,5.1,26.8,31,0.8,47670,4,,,9:12,9:41
FIMS_1,Dry,2024,TS10,,Tidewater Mojarra,,,1,,,,c,76,5.1,26.8,31,0.8,47670,4,,,9:12,9:41
FIMS_1,Dry,2024,TS10,,Tidewater Mojarra,,,1,,,,c,76,5.1,26.8,31,0.8,47670,4,,,9:12,9:41
FIMS_1,Dry,2024,TS10,,Tidewater Mojarra,,,1,,,,c,76,5.1,26.8,31,0.8,47670,4,,,9:12,9:41
FIMS_1,Dry,2024,TS10,,Tidewater Mojarra,,,1,,,,c,76,5.1,26.8,31,0.8,47670,4,,,9:12,9:41
FIMS_1,Dry,2024,TS10,,Tidewater Mojarra,,,1,,,,c,76,5.1,26.8,31,0.8,47670,4,,,9:12,9:41
FIMS_1,Dry,2024,TS10,,Tidewater Mojarra,,,1,,,,c,76,5.1,26.8,31,0.8,47670,4,,,9:12,9:41
FIMS_1,Dry,2024,TS10,,Tidewater Mojarra,,,1,,,,c,76,5.1,26.8,31,0.8,47670,4,,,9:12,9:41
FIMS_1,Dry,2024,TS10,,Tidewater Mojarra,,,1,,,,c,76,5.1,26.8,31,0.8,47670,4,,,9:12,9:41
FIMS_1,Dry,2024,TS10,,Tidewater Mojarra,,,1,,,,c,76,5.1,26.8,31,0.8,47670,4,,,9:12,9:41
FIMS_1,Dry,2024,TS10,,Tidewater Mojarra,,,1,,,,c,76,5.1,26.8,31,0.8,47670,4,,,9:12,9:41
FIMS_1,Dry,2024,TS10,,Tidewater Mojarra,,,1,,,,c,76,5.1,26.8,31,0.8,47670,4,,,9:12,9:41
FIMS_1,Dry,2024,TS10,,Tidewater Mojarra,,,1,,,,c,76,5.1,26.8,31,0.8,47670,4,,,9:12,9:41
FIMS_1,Dry,2024,TS10,,Tidewater Mojarra,,,1,,,,c,76,5.1,26.8,31,0.8,47670,4,,,9:12,9:41
FIMS_1,Dry,2024,TS10,,Tidewater Mojarra,,,1,,,,c,76,5.1,26.8,31,0.8,47670,4,,,9:12,9:41
FIMS_1,Dry,2024,TS10,,Tidewater Mojarra,,,1,,,,c,76,5.1,26.8,31,0.8,47670,4,,,9:12,9:41
FIMS_1,Dry,2024,TS10,,Tidewater Mojarra,,,1,,,,c,76,5.1,26.8,31,0.8,47670,4,,,9:12,9:41
FIMS_1,Dry,2024,TS10,,Tidewater Mojarra,,,1,,,,c,76,5.1,26.8,31,0.8,47670,4,,,9:12,9:41
FIMS_1,Dry,2024,TS10,,Tidewater Mojarra,,,1,,,,c,76,5.1,26.8,31,0.8,47670,4,,,9:12,9:41
FIMS_1,Dry,2024,TS10,,Tidewater Mojarra,,,1,,,,c,76,5.1,26.8,31,0.8,47670,4,,,9:12,9:41
FIMS_1,Dry,2024,TS10,,Goldspotted Killifish,,,1,,3.8,2.2,c,76,5.1,26.8,31,0.8,47670,4,,,9:12,9:41
FIMS_1,Dry,2024,TS10,,Goldspotted Killifish,,,1,,3.5,1.5,c,76,5.1,26.8,31,0.8,47670,4,,,9:12,9:41
FIMS_1,Dry,2024,TS10,,Goldspotted Killifish,,,1,,3.3,1.4,c,76,5.1,26.8,31,0.8,47670,4,,,9:12,9:41
FIMS_1,Dry,2024,TS10,,Goldspotted Killifish,,,1,,3.5,1.7,c,76,5.1,26.8,31,0.8,47670,4,,,9:12,9:41
FIMS_1,Dry,2024,TS10,,Goldspotted Killifish,,,1,,3.1,1,c,76,5.1,26.8,31,0.8,47670,4,,,9:12,9:41
FIMS_1,Dry,2024,TS10,,Goldspotted Killifish,,,1,,3.8,2.2,c,76,5.1,26.8,31,0.8,47670,4,,,9:12,9:41
FIMS_1,Dry,2024,TS10,,Goldspotted Killifish,,,1,,3,1.1,c,76,5.1,26.8,31,0.8,47670,4,,,9:12,9:41
FIMS_1,Dry,2024,TS10,,Goldspotted Killifish,,,1,,3.4,1.4,c,76,5.1,26.8,31,0.8,47670,4,,,9:12,9:41
FIMS_1,Dry,2024,TS10,,Goldspotted Killifish,,,1,,3,1,c,76,5.1,26.8,31,0.8,47670,4,,,9:12,9:41
FIMS_1,Dry,2024,TS10,,Goldspotted Killifish,,,1,,3.6,1.4,c,76,5.1,26.8,31,0.8,47670,4,,,9:12,9:41
FIMS_1,Dry,2024,TS10,,Goldspotted Killifish,,,1,,2.9,1,c,76,5.1,26.8,31,0.8,47670,4,,,9:12,9:41
FIMS_1,Dry,2024,TS10,,Goldspotted Killifish,,,1,,2.9,1,c,76,5.1,26.8,31,0.8,47670,4,,,9:12,9:41
FIMS_1,Dry,2024,TS10,,Goldspotted Killifish,,,1,,2.7,0.8,c,76,5.1,26.8,31,0.8,47670,4,,,9:12,9:41
FIMS_1,Dry,2024,TS10,,Goldspotted Killifish,,,1,,3,0.7,c,76,5.1,26.8,31,0.8,47670,4,,,9:12,9:41
FIMS_1,Dry,2024,TS10,,Goldspotted Killifish,,,1,,2.8,0.8,c,76,5.1,26.8,31,0.8,47670,4,,,9:12,9:41
FIMS_1,Dry,2024,TS10,,Goldspotted Killifish,,,1,,2.8,0.9,c,76,5.1,26.8,31,0.8,47670,4,,,9:12,9:41
FIMS_1,Dry,2024,TS10,,Goldspotted Killifish,,,1,,3.5,1.5,c,76,5.1,26.8,31,0.8,47670,4,,,9:12,9:41
FIMS_1,Dry,2024,TS10,,Goldspotted Killifish,,,1,,3.7,3.6,c,76,5.1,26.8,31,0.8,47670,4,,,9:12,9:41
FIMS_1,Dry,2024,TS10,,Goldspotted Killifish,,,1,,3.1,1.2,c,76,5.1,26.8,31,0.8,47670,4,,,9:12,9:41
FIMS_1,Dry,2024,TS10,,Goldspotted Killifish,,,1,,3,2.3,c,76,5.1,26.8,31,0.8,47670,4,,,9:12,9:41
FIMS_1,Dry,2024,TS10,,Goldspotted Killifish,,,1,,3.6,0.7,c,76,5.1,26.8,31,0.8,47670,4,,,9:12,9:41
FIMS_1,Dry,2024,TS10,,Goldspotted Killifish,,,1,,2.5,0.6,c,76,5.1,26.8,31,0.8,47670,4,,,9:12,9:41
FIMS_1,Dry,2024,TS10,,Goldspotted Killifish,,,1,,1.6,0.2,c,76,5.1,26.8,31,0.8,47670,4,,,9:12,9:41
FIMS_1,Dry,2024,TS10,,Goldspotted Killifish,,,1,,2.8,0.9,c,76,5.1,26.8,31,0.8,47670,4,,,9:12,9:41
FIMS_1,Dry,2024,TS10,,Goldspotted Killifish,,,1,,1.4,0.1,c,76,5.1,26.8,31,0.8,47670,4,,,9:12,9:41
FIMS_1,Dry,2024,TS10,,Goldspotted Killifish,,,1,,1.8,0.2,c,76,5.1,26.8,31,0.8,47670,4,,,9:12,9:41
FIMS_1,Dry,2024,TS10,,Goldspotted Killifish,,,1,,2.7,0.8,c,76,5.1,26.8,31,0.8,47670,4,,,9:12,9:41
FIMS_1,Dry,2024,TS10,,Goldspotted Killifish,,,1,,2.5,0.5,c,76,5.1,26.8,31,0.8,47670,4,,,9:12,9:41
FIMS_1,Dry,2024,TS10,,Goldspotted Killifish,,,1,,2.4,0.5,c,76,5.1,26.8,31,0.8,47670,4,,,9:12,9:41
FIMS_1,Dry,2024,TS10,,Rainwater Killifish,,,1,,3.4,0.9,c,76,5.1,26.8,31,0.8,47670,4,,,9:12,9:41
FIMS_1,Dry,2024,TS10,,Rainwater Killifish,,,1,,3.5,1,c,76,5.1,26.8,31,0.8,47670,4,,,9:12,9:41
FIMS_1,Dry,2024,TS10,,Rainwater Killifish,,,1,,3,0.7,c,76,5.1,26.8,31,0.8,47670,4,,,9:12,9:41
FIMS_1,Dry,2024,TS10,,Rainwater Killifish,,,1,,2.8,0.6,c,76,5.1,26.8,31,0.8,47670,4,,,9:12,9:41
FIMS_1,Dry,2024,TS10,,Rainwater Killifish,,,1,,2.8,0.5,c,76,5.1,26.8,31,0.8,47670,4,,,9:12,9:41
FIMS_1,Dry,2024,TS10,,Rainwater Killifish,,,1,,2.5,0.4,c,76,5.1,26.8,31,0.8,47670,4,,,9:12,9:41
FIMS_1,Dry,2024,TS10,,Rainwater Killifish,,,1,,2.9,0.7,c,76,5.1,26.8,31,0.8,47670,4,,,9:12,9:41
FIMS_1,Dry,2024,TS10,,Rainwater Killifish,,,1,,2.2,0.9,c,76,5.1,26.8,31,0.8,47670,4,,,9:12,9:41
FIMS_1,Dry,2024,TS10,,Rainwater Killifish,,,1,,2.7,0.6,c,76,5.1,26.8,31,0.8,47670,4,,,9:12,9:41
FIMS_1,Dry,2024,TS10,,Rainwater Killifish,,,1,,2.6,0.4,c,76,5.1,26.8,31,0.8,47670,4,,,9:12,9:41
FIMS_1,Dry,2024,TS10,,Rainwater Killifish,,,1,,2.7,0.5,c,76,5.1,26.8,31,0.8,47670,4,,,9:12,9:41
FIMS_1,Dry,2024,TS10,,Rainwater Killifish,,,1,,2.1,0.2,c,76,5.1,26.8,31,0.8,47670,4,,,9:12,9:41
FIMS_1,Dry,2024,TS10,,Rainwater Killifish,,,1,,2.4,0.4,c,76,5.1,26.8,31,0.8,47670,4,,,9:12,9:41
FIMS_1,Dry,2024,TS10,,Rainwater Killifish,,,1,,2.4,0.2,c,76,5.1,26.8,31,0.8,47670,4,,,9:12,9:41
FIMS_1,Dry,2024,TS10,,Estuarine Mud Crab,,,1,,1.7,0.5,c,76,5.1,26.8,31,0.8,47670,4,,,9:12,9:41
FIMS_1,Dry,2024,TS10,,Estuarine Mud Crab,,,1,,1.6,0.6,c,76,5.1,26.8,31,0.8,47670,4,,,9:12,9:41
FIMS_1,Dry,2024,TS10,,Estuarine Mud Crab,,,1,,1.5,0.6,c,76,5.1,26.8,31,0.8,47670,4,,,9:12,9:41
FIMS_1,Dry,2024,TS10,,Estuarine Mud Crab,,,1,,1.3,0.4,c,76,5.1,26.8,31,0.8,47670,4,,,9:12,9:41
FIMS_1,Dry,2024,TS10,,Estuarine Mud Crab,,,1,,1.3,0.3,c,76,5.1,26.8,31,0.8,47670,4,,,9:12,9:41
FIMS_1,Dry,2024,TS10,,Estuarine Mud Crab,,,1,,1.5,0.7,c,76,5.1,26.8,31,0.8,47670,4,,,9:12,9:41
FIMS_1,Dry,2024,TS10,,Estuarine Mud Crab,,,1,,0.8,0.1,c,76,5.1,26.8,31,0.8,47670,4,,,9:12,9:41
FIMS_1,Dry,2024,TS10,,Seastar,,,1,,6.8,6.8,c,76,5.1,26.8,31,0.8,47670,4,,,9:12,9:41
FIMS_1,Dry,2024,TS10,,Pink Shrimp,,,1,,5.1,0.9,c,76,5.1,26.8,31,0.8,47670,4,,,9:12,9:41
FIMS_1,Dry,2024,TS10,,Gulf Pipefish,,,1,,10.2,0.6,c,76,5.1,26.8,31,0.8,47670,4,,,9:12,9:41
FIMS_1,Dry,2024,TS10,,Gulf Pipefish,,,1,,12,1.3,c,76,5.1,26.8,31,0.8,47670,4,,,9:12,9:41
FIMS_1,Dry,2024,TS10,,Gulf Pipefish,,,1,,12.9,1.3,c,76,5.1,26.8,31,0.8,47670,4,,,9:12,9:41
FIMS_1,Dry,2024,TS10,,Redfin Needlefish,,,1,,6.1,0.4,c,76,5.1,26.8,31,0.8,47670,4,,,9:12,9:41
FIMS_1,Dry,2024,TS10,,Pinfish,,,1,,6.4,7.9,c,76,5.1,26.8,31,0.8,47670,4,,,9:12,9:41
FIMS_1,Dry,2024,TS10,,Gulf Pipefish,,,1,,5.9,0.1,c,76,5.1,26.8,31,0.8,47670,4,,,9:12,9:41
FIMS_2,Dry,2024,TS10,,Tidewater Mojarra,,,2,,5.2,4.1,c,91,6,27.9,32.4,0.7,49672,4,,,10:00,
FIMS_2,Dry,2024,TS10,,Tidewater Mojarra,,,2,,4.5,2.3,c,91,6,27.9,32.4,0.7,49672,4,,,10:00,
FIMS_2,Dry,2024,TS10,,Tidewater Mojarra,,,2,,4.1,2.1,c,91,6,27.9,32.4,0.7,49672,4,,,10:00,
FIMS_2,Dry,2024,TS10,,Tidewater Mojarra,,,2,,5.3,4,c,91,6,27.9,32.4,0.7,49672,4,,,10:00,
FIMS_2,Dry,2024,TS10,,Tidewater Mojarra,,,2,,6.2,6.1,c,91,6,27.9,32.4,0.7,49672,4,,,10:00,
FIMS_2,Dry,2024,TS10,,Tidewater Mojarra,,,2,,4.9,2.8,c,91,6,27.9,32.4,0.7,49672,4,,,10:00,
FIMS_2,Dry,2024,TS10,,Tidewater Mojarra,,,2,,4.6,2.3,c,91,6,27.9,32.4,0.7,49672,4,,,10:00,
FIMS_2,Dry,2024,TS10,,Tidewater Mojarra,,,2,,5.4,3.4,c,91,6,27.9,32.4,0.7,49672,4,,,10:00,
FIMS_2,Dry,2024,TS10,,Tidewater Mojarra,,,2,,5.4,4.1,c,91,6,27.9,32.4,0.7,49672,4,,,10:00,
FIMS_2,Dry,2024,TS10,,Tidewater Mojarra,,,2,,5.3,3.8,c,91,6,27.9,32.4,0.7,49672,4,,,10:00,
FIMS_2,Dry,2024,TS10,,Tidewater Mojarra,,,2,,4.9,2.9,c,91,6,27.9,32.4,0.7,49672,4,,,10:00,
FIMS_2,Dry,2024,TS10,,Tidewater Mojarra,,,2,,5.9,5.8,c,91,6,27.9,32.4,0.7,49672,4,,,10:00,
FIMS_2,Dry,2024,TS10,,Tidewater Mojarra,,,2,,4.8,2.8,c,91,6,27.9,32.4,0.7,49672,4,,,10:00,
FIMS_2,Dry,2024,TS10,,Tidewater Mojarra,,,2,,4.5,3.2,c,91,6,27.9,32.4,0.7,49672,4,,,10:00,
FIMS_2,Dry,2024,TS10,,Tidewater Mojarra,,,2,,5.3,3.7,c,91,6,27.9,32.4,0.7,49672,4,,,10:00,
FIMS_2,Dry,2024,TS10,,Tidewater Mojarra,,,2,,4.4,2.4,c,91,6,27.9,32.4,0.7,49672,4,,,10:00,
FIMS_2,Dry,2024,TS10,,Tidewater Mojarra,,,2,,6.2,5.9,c,91,6,27.9,32.4,0.7,49672,4,,,10:00,
FIMS_2,Dry,2024,TS10,,Tidewater Mojarra,,,2,,4.8,2.7,c,91,6,27.9,32.4,0.7,49672,4,,,10:00,
FIMS_2,Dry,2024,TS10,,Tidewater Mojarra,,,2,,5.2,2.1,c,91,6,27.9,32.4,0.7,49672,4,,,10:00,
FIMS_2,Dry,2024,TS10,,Tidewater Mojarra,,,2,,3.9,1.5,c,91,6,27.9,32.4,0.7,49672,4,,,10:00,
FIMS_2,Dry,2024,TS10,,Tidewater Mojarra,,,2,,3.6,1.1,c,91,6,27.9,32.4,0.7,49672,4,,,10:00,
FIMS_2,Dry,2024,TS10,,Tidewater Mojarra,,,2,,5,2.9,c,91,6,27.9,32.4,0.7,49672,4,,,10:00,
FIMS_2,Dry,2024,TS10,,Tidewater Mojarra,,,2,,4,2,c,91,6,27.9,32.4,0.7,49672,4,,,10:00,
FIMS_2,Dry,2024,TS10,,Tidewater Mojarra,,,2,,4.6,3.4,c,91,6,27.9,32.4,0.7,49672,4,,,10:00,
FIMS_2,Dry,2024,TS10,,Tidewater Mojarra,,,2,,3.7,1.5,c,91,6,27.9,32.4,0.7,49672,4,,,10:00,
FIMS_2,Dry,2024,TS10,,Tidewater Mojarra,,,2,,4.7,2.5,c,91,6,27.9,32.4,0.7,49672,4,,,10:00,
FIMS_2,Dry,2024,TS10,,Tidewater Mojarra,,,2,,4.4,2.6,c,91,6,27.9,32.4,0.7,49672,4,,,10:00,
FIMS_2,Dry,2024,TS10,,Tidewater Mojarra,,,2,,4.1,1.6,c,91,6,27.9,32.4,0.7,49672,4,,,10:00,
FIMS_2,Dry,2024,TS10,,Tidewater Mojarra,,,2,,4.3,2.4,c,91,6,27.9,32.4,0.7,49672,4,,,10:00,
FIMS_2,Dry,2024,TS10,,Tidewater Mojarra,,,2,,2.1,0.3,c,91,6,27.9,32.4,0.7,49672,4,,,10:00,
FIMS_2,Dry,2024,TS10,,Tidewater Mojarra,,,2,,4.1,2.1,c,91,6,27.9,32.4,0.7,49672,4,,,10:00,
FIMS_2,Dry,2024,TS10,,Tidewater Mojarra,,,2,,3.9,1.5,c,91,6,27.9,32.4,0.7,49672,4,,,10:00,
FIMS_2,Dry,2024,TS10,,Tidewater Mojarra,,,2,,3.3,1,c,91,6,27.9,32.4,0.7,49672,4,,,10:00,
FIMS_2,Dry,2024,TS10,,Tidewater Mojarra,,,2,,4.4,2.2,c,91,6,27.9,32.4,0.7,49672,4,,,10:00,
FIMS_2,Dry,2024,TS10,,Tidewater Mojarra,,,2,,3.2,1.2,c,91,6,27.9,32.4,0.7,49672,4,,,10:00,
FIMS_2,Dry,2024,TS10,,Tidewater Mojarra,,,2,,3.6,1.4,c,91,6,27.9,32.4,0.7,49672,4,,,10:00,
FIMS_2,Dry,2024,TS10,,Tidewater Mojarra,,,2,,3,0.8,c,91,6,27.9,32.4,0.7,49672,4,,,10:00,
FIMS_2,Dry,2024,TS10,,Tidewater Mojarra,,,2,,3.9,1.6,c,91,6,27.9,32.4,0.7,49672,4,,,10:00,
FIMS_2,Dry,2024,TS10,,Goldspotted Killifish,,,2,,3.7,1.4,c,91,6,27.9,32.4,0.7,49672,4,,,10:00,
FIMS_2,Dry,2024,TS10,,Goldspotted Killifish,,,2,,3.2,1.3,c,91,6,27.9,32.4,0.7,49672,4,,,10:00,
FIMS_2,Dry,2024,TS10,,Goldspotted Killifish,,,2,,3.1,0.9,c,91,6,27.9,32.4,0.7,49672,4,,,10:00,
FIMS_2,Dry,2024,TS10,,Goldspotted Killifish,,,2,,2.9,0.8,c,91,6,27.9,32.4,0.7,49672,4,,,10:00,
FIMS_2,Dry,2024,TS10,,Goldspotted Killifish,,,2,,2.4,0.5,c,91,6,27.9,32.4,0.7,49672,4,,,10:00,
FIMS_2,Dry,2024,TS10,,Goldspotted Killifish,,,2,,2.1,0.5,c,91,6,27.9,32.4,0.7,49672,4,,,10:00,
FIMS_2,Dry,2024,TS10,,Sargassum Fish,,,2,,3.7,2.8,c,91,6,27.9,32.4,0.7,49672,4,,,10:00,
FIMS_2,Dry,2024,TS10,,Sargassum Fish,,,2,,5,5.4,c,91,6,27.9,32.4,0.7,49672,4,,,10:00,
FIMS_2,Dry,2024,TS10,,Pinfish,,,2,,3,0.9,c,91,6,27.9,32.4,0.7,49672,4,,,10:00,
FIMS_2,Dry,2024,TS10,,Rainwater Killifish,,,2,,3,0.6,c,91,6,27.9,32.4,0.7,49672,4,,,10:00,
FIMS_2,Dry,2024,TS10,,Sargassum Crab,,,2,,1.1,0.1,c,91,6,27.9,32.4,0.7,49672,4,,,10:00,
FIMS_2,Dry,2024,TS10,,Sargassum Crab,,,2,,1.1,0.1,c,91,6,27.9,32.4,0.7,49672,4,,,10:00,
FIMS_2,Dry,2024,TS10,,Sargassum Crab,,,2,,1,0.2,c,91,6,27.9,32.4,0.7,49672,4,,,10:00,
FIMS_2,Dry,2024,TS10,,Sargassum Crab,,,2,,0.6,0.1,c,91,6,27.9,32.4,0.7,49672,4,,,10:00,
FIMS_2,Dry,2024,TS10,,Pipefish,,,2,,11,1.5,c,91,6,27.9,32.4,0.7,49672,4,,,10:00,
FIMS_3,Dry,2024,TS10,,Tidewater Mojarra,,,3,,5.5,2.5,c,90,5.8,28.2,33.5,0.8,51189,1,,,,
FIMS_3,Dry,2024,TS10,,Tidewater Mojarra,,,3,,4,1.6,c,90,5.8,28.2,33.5,0.8,51189,1,,,,
FIMS_3,Dry,2024,TS10,,Tidewater Mojarra,,,3,,4.3,1.8,c,90,5.8,28.2,33.5,0.8,51189,1,,,,
FIMS_3,Dry,2024,TS10,,Dwarf Seahorse,,,3,,3.54,0.3,c,90,5.8,28.2,33.5,0.8,51189,1,,,,
FIMS_3,Dry,2024,TS10,,Dwarf Seahorse,,,3,,2,0.1,c,90,5.8,28.2,33.5,0.8,51189,1,,,,
FIMS_3,Dry,2024,TS10,,Dwarf Seahorse,,,3,,2.2,0.1,c,90,5.8,28.2,33.5,0.8,51189,1,,,,
FIMS_3,Dry,2024,TS10,,Dwarf Seahorse,,,3,,2.7,0.1,c,90,5.8,28.2,33.5,0.8,51189,1,,,,
FIMS_3,Dry,2024,TS10,,Goldspotted Killifish,,,3,,4.1.,1.4,c,90,5.8,28.2,33.5,0.8,51189,1,,,,
FIMS_3,Dry,2024,TS10,,Goldspotted Killifish,,,3,,3,0.8,c,90,5.8,28.2,33.5,0.8,51189,1,,,,
FIMS_3,Dry,2024,TS10,,Goldspotted Killifish,,,3,,3.1,0.5,c,90,5.8,28.2,33.5,0.8,51189,1,,,,
FIMS_3,Dry,2024,TS10,,Chain Pipefish,,,3,,11.2,0.8,c,90,5.8,28.2,33.5,0.8,51189,1,,,,
FIMS_3,Dry,2024,TS10,,Chain Pipefish,,,3,,10.8,0.8,c,90,5.8,28.2,33.5,0.8,51189,1,,,,
FIMS_3,Dry,2024,TS10,,Chain Pipefish,,,3,,9.7,0.8,c,90,5.8,28.2,33.5,0.8,51189,1,,,,
FIMS_3,Dry,2024,TS10,,Chain Pipefish,,,3,,9.2,0.6,c,90,5.8,28.2,33.5,0.8,51189,1,,,,
FIMS_3,Dry,2024,TS10,,Atlantic Needlefish,,,3,,10.3,1.4,c,90,5.8,28.2,33.5,0.8,51189,1,,,,
FIMS_4,Dry,2024,TS10,,Tidewater Mojarra,,,4,,5.4,3.9,c,98,6.6,28.5,32.5,1,49720,,,,11:30,11:55
FIMS_4,Dry,2024,TS10,,Tidewater Mojarra,,,4,,5.5,4.6,c,98,6.6,28.5,32.5,1,49720,,,,11:30,11:55
FIMS_4,Dry,2024,TS10,,Tidewater Mojarra,,,4,,5.8,4.4,c,98,6.6,28.5,32.5,1,49720,,,,11:30,11:55
FIMS_4,Dry,2024,TS10,,Tidewater Mojarra,,,4,,3.8,1.4,c,98,6.6,28.5,32.5,1,49720,,,,11:30,11:55
FIMS_4,Dry,2024,TS10,,Tidewater Mojarra,,,4,,5.8,4.9,c,98,6.6,28.5,32.5,1,49720,,,,11:30,11:55
FIMS_4,Dry,2024,TS10,,Tidewater Mojarra,,,4,,4.7,2.8,c,98,6.6,28.5,32.5,1,49720,,,,11:30,11:55
FIMS_4,Dry,2024,TS10,,Tidewater Mojarra,,,4,,4.6,3.1,c,98,6.6,28.5,32.5,1,49720,,,,11:30,11:55
FIMS_4,Dry,2024,TS10,,Tidewater Mojarra,,,4,,4.4,1.9,c,98,6.6,28.5,32.5,1,49720,,,,11:30,11:55
FIMS_4,Dry,2024,TS10,,Tidewater Mojarra,,,4,,5.1,3.7,c,98,6.6,28.5,32.5,1,49720,,,,11:30,11:55
FIMS_4,Dry,2024,TS10,,Tidewater Mojarra,,,4,,4.9,3.2,c,98,6.6,28.5,32.5,1,49720,,,,11:30,11:55
FIMS_4,Dry,2024,TS10,,Tidewater Mojarra,,,4,,5.5,5,c,98,6.6,28.5,32.5,1,49720,,,,11:30,11:55
FIMS_4,Dry,2024,TS10,,Tidewater Mojarra,,,4,,8.4,13.8,c,98,6.6,28.5,32.5,1,49720,,,,11:30,11:55
FIMS_4,Dry,2024,TS10,,Tidewater Mojarra,,,4,,6.1,6.9,c,98,6.6,28.5,32.5,1,49720,,,,11:30,11:55
FIMS_4,Dry,2024,TS10,,Tidewater Mojarra,,,4,,2,0.2,c,98,6.6,28.5,32.5,1,49720,,,,11:30,11:55
FIMS_4,Dry,2024,TS10,,Tidewater Mojarra,,,4,,6,6.2,c,98,6.6,28.5,32.5,1,49720,,,,11:30,11:55
FIMS_4,Dry,2024,TS10,,Tidewater Mojarra,,,4,,3.4,1,c,98,6.6,28.5,32.5,1,49720,,,,11:30,11:55
FIMS_4,Dry,2024,TS10,,Tidewater Mojarra,,,4,,4.7,3.7,c,98,6.6,28.5,32.5,1,49720,,,,11:30,11:55
FIMS_4,Dry,2024,TS10,,Tidewater Mojarra,,,4,,4.6,3.2,c,98,6.6,28.5,32.5,1,49720,,,,11:30,11:55
FIMS_4,Dry,2024,TS10,,Tidewater Mojarra,,,4,,4.6,2.9,c,98,6.6,28.5,32.5,1,49720,,,,11:30,11:55
FIMS_4,Dry,2024,TS10,,Tidewater Mojarra,,,4,,6.4,6.6,c,98,6.6,28.5,32.5,1,49720,,,,11:30,11:55
FIMS_4,Dry,2024,TS10,,Tidewater Mojarra,,,4,,4.8,3.5,c,98,6.6,28.5,32.5,1,49720,,,,11:30,11:55
FIMS_4,Dry,2024,TS10,,Tidewater Mojarra,,,4,,4.8,2.8,c,98,6.6,28.5,32.5,1,49720,,,,11:30,11:55
FIMS_4,Dry,2024,TS10,,Tidewater Mojarra,,,4,,4.5,2.8,c,98,6.6,28.5,32.5,1,49720,,,,11:30,11:55
FIMS_4,Dry,2024,TS10,,Tidewater Mojarra,,,4,,2.1,0.3,c,98,6.6,28.5,32.5,1,49720,,,,11:30,11:55
FIMS_4,Dry,2024,TS10,,Tidewater Mojarra,,,4,,4.9,3.5,c,98,6.6,28.5,32.5,1,49720,,,,11:30,11:55
FIMS_4,Dry,2024,TS10,,Tidewater Mojarra,,,4,,6,5.7,c,98,6.6,28.5,32.5,1,49720,,,,11:30,11:55
FIMS_4,Dry,2024,TS10,,Tidewater Mojarra,,,4,,5.6,5,c,98,6.6,28.5,32.5,1,49720,,,,11:30,11:55
FIMS_4,Dry,2024,TS10,,Tidewater Mojarra,,,4,,4.7,3,c,98,6.6,28.5,32.5,1,49720,,,,11:30,11:55
FIMS_4,Dry,2024,TS10,,Tidewater Mojarra,,,4,,5.8,4.9,c,98,6.6,28.5,32.5,1,49720,,,,11:30,11:55
FIMS_4,Dry,2024,TS10,,Tidewater Mojarra,,,4,,2.4,0.4,c,98,6.6,28.5,32.5,1,49720,,,,11:30,11:55
FIMS_4,Dry,2024,TS10,,Tidewater Mojarra,,,4,,5,4.1,c,98,6.6,28.5,32.5,1,49720,,,,11:30,11:55
FIMS_4,Dry,2024,TS10,,Tidewater Mojarra,,,4,,3.5,1.4,c,98,6.6,28.5,32.5,1,49720,,,,11:30,11:55
FIMS_4,Dry,2024,TS10,,Tidewater Mojarra,,,4,,5,3.6,c,98,6.6,28.5,32.5,1,49720,,,,11:30,11:55
FIMS_4,Dry,2024,TS10,,Tidewater Mojarra,,,4,,4.6,5.9,c,98,6.6,28.5,32.5,1,49720,,,,11:30,11:55
FIMS_4,Dry,2024,TS10,,Tidewater Mojarra,,,4,,3.8,1.5,c,98,6.6,28.5,32.5,1,49720,,,,11:30,11:55
FIMS_4,Dry,2024,TS10,,Tidewater Mojarra,,,4,,1.7,0.1,c,98,6.6,28.5,32.5,1,49720,,,,11:30,11:55
FIMS_4,Dry,2024,TS10,,Tidewater Mojarra,,,4,,4.7,3.2,c,98,6.6,28.5,32.5,1,49720,,,,11:30,11:55
FIMS_4,Dry,2024,TS10,,Tidewater Mojarra,,,4,,4.4,3,c,98,6.6,28.5,32.5,1,49720,,,,11:30,11:55
FIMS_4,Dry,2024,TS10,,Tidewater Mojarra,,,4,,5.1,3.9,c,98,6.6,28.5,32.5,1,49720,,,,11:30,11:55
FIMS_4,Dry,2024,TS10,,Tidewater Mojarra,,,4,,4.8,3,c,98,6.6,28.5,32.5,1,49720,,,,11:30,11:55
FIMS_4,Dry,2024,TS10,,Tidewater Mojarra,,,4,,,,c,98,6.6,28.5,32.5,1,49720,,,,11:30,11:55
FIMS_4,Dry,2024,TS10,,Tidewater Mojarra,,,4,,,,c,98,6.6,28.5,32.5,1,49720,,,,11:30,11:55
FIMS_4,Dry,2024,TS10,,Tidewater Mojarra,,,4,,,,c,98,6.6,28.5,32.5,1,49720,,,,11:30,11:55
FIMS_4,Dry,2024,TS10,,Tidewater Mojarra,,,4,,,,c,98,6.6,28.5,32.5,1,49720,,,,11:30,11:55
FIMS_4,Dry,2024,TS10,,Tidewater Mojarra,,,4,,,,c,98,6.6,28.5,32.5,1,49720,,,,11:30,11:55
FIMS_4,Dry,2024,TS10,,Tidewater Mojarra,,,4,,,,c,98,6.6,28.5,32.5,1,49720,,,,11:30,11:55
FIMS_4,Dry,2024,TS10,,Tidewater Mojarra,,,4,,,,c,98,6.6,28.5,32.5,1,49720,,,,11:30,11:55
FIMS_4,Dry,2024,TS10,,Tidewater Mojarra,,,4,,,,c,98,6.6,28.5,32.5,1,49720,,,,11:30,11:55
FIMS_4,Dry,2024,TS10,,Tidewater Mojarra,,,4,,,,c,98,6.6,28.5,32.5,1,49720,,,,11:30,11:55
FIMS_4,Dry,2024,TS10,,Tidewater Mojarra,,,4,,,,c,98,6.6,28.5,32.5,1,49720,,,,11:30,11:55
FIMS_4,Dry,2024,TS10,,Tidewater Mojarra,,,4,,,,c,98,6.6,28.5,32.5,1,49720,,,,11:30,11:55
FIMS_4,Dry,2024,TS10,,Tidewater Mojarra,,,4,,,,c,98,6.6,28.5,32.5,1,49720,,,,11:30,11:55
FIMS_4,Dry,2024,TS10,,Tidewater Mojarra,,,4,,,,c,98,6.6,28.5,32.5,1,49720,,,,11:30,11:55
FIMS_4,Dry,2024,TS10,,Tidewater Mojarra,,,4,,,,c,98,6.6,28.5,32.5,1,49720,,,,11:30,11:55
FIMS_4,Dry,2024,TS10,,Tidewater Mojarra,,,4,,,,c,98,6.6,28.5,32.5,1,49720,,,,11:30,11:55
FIMS_4,Dry,2024,TS10,,Tidewater Mojarra,,,4,,,,c,98,6.6,28.5,32.5,1,49720,,,,11:30,11:55
FIMS_4,Dry,2024,TS10,,Tidewater Mojarra,,,4,,,,c,98,6.6,28.5,32.5,1,49720,,,,11:30,11:55
FIMS_4,Dry,2024,TS10,,Tidewater Mojarra,,,4,,,,c,98,6.6,28.5,32.5,1,49720,,,,11:30,11:55
FIMS_4,Dry,2024,TS10,,Tidewater Mojarra,,,4,,,,c,98,6.6,28.5,32.5,1,49720,,,,11:30,11:55
FIMS_4,Dry,2024,TS10,,Tidewater Mojarra,,,4,,,,c,98,6.6,28.5,32.5,1,49720,,,,11:30,11:55
FIMS_4,Dry,2024,TS10,,Tidewater Mojarra,,,4,,,,c,98,6.6,28.5,32.5,1,49720,,,,11:30,11:55
FIMS_4,Dry,2024,TS10,,Tidewater Mojarra,,,4,,,,c,98,6.6,28.5,32.5,1,49720,,,,11:30,11:55
FIMS_4,Dry,2024,TS10,,Gulf Toadfish,,,4,,2.4,0.5,c,98,6.6,28.5,32.5,1,49720,,,,11:30,11:55
FIMS_4,Dry,2024,TS10,,Rainwater Killifish,,,4,,2.5,0.4,c,98,6.6,28.5,32.5,1,49720,,,,11:30,11:55
FIMS_4,Dry,2024,TS10,,Rainwater Killifish,,,4,,3.8,0.7,c,98,6.6,28.5,32.5,1,49720,,,,11:30,11:55
FIMS_4,Dry,2024,TS10,,Rainwater Killifish,,,4,,2.9,0.6,c,98,6.6,28.5,32.5,1,49720,,,,11:30,11:55
FIMS_4,Dry,2024,TS10,,Rainwater Killifish,,,4,,3.9,0.6,c,98,6.6,28.5,32.5,1,49720,,,,11:30,11:55
FIMS_4,Dry,2024,TS10,,Rainwater Killifish,,,4,,3,0.7,c,98,6.6,28.5,32.5,1,49720,,,,11:30,11:55
FIMS_4,Dry,2024,TS10,,Rainwater Killifish,,,4,,3,0.6,c,98,6.6,28.5,32.5,1,49720,,,,11:30,11:55
FIMS_4,Dry,2024,TS10,,Rainwater Killifish,,,4,,2.7,0.6,c,98,6.6,28.5,32.5,1,49720,,,,11:30,11:55
FIMS_4,Dry,2024,TS10,,Rainwater Killifish,,,4,,3,0.7,c,98,6.6,28.5,32.5,1,49720,,,,11:30,11:55
FIMS_4,Dry,2024,TS10,,Rainwater Killifish,,,4,,3,0.6,c,98,6.6,28.5,32.5,1,49720,,,,11:30,11:55
FIMS_4,Dry,2024,TS10,,Rainwater Killifish,,,4,,3,0.8,c,98,6.6,28.5,32.5,1,49720,,,,11:30,11:55
FIMS_4,Dry,2024,TS10,,Rainwater Killifish,,,4,,3,0.7,c,98,6.6,28.5,32.5,1,49720,,,,11:30,11:55
FIMS_4,Dry,2024,TS10,,Rainwater Killifish,,,4,,3,0.6,c,98,6.6,28.5,32.5,1,49720,,,,11:30,11:55
FIMS_4,Dry,2024,TS10,,Rainwater Killifish,,,4,,1.4,0.1,c,98,6.6,28.5,32.5,1,49720,,,,11:30,11:55
FIMS_4,Dry,2024,TS10,,Rainwater Killifish,,,4,,2.4,0.3,c,98,6.6,28.5,32.5,1,49720,,,,11:30,11:55
FIMS_4,Dry,2024,TS10,,Rainwater Killifish,,,4,,2.3,0.6,c,98,6.6,28.5,32.5,1,49720,,,,11:30,11:55
FIMS_4,Dry,2024,TS10,,Rainwater Killifish,,,4,,3.1,0.8,c,98,6.6,28.5,32.5,1,49720,,,,11:30,11:55
FIMS_4,Dry,2024,TS10,,Rainwater Killifish,,,4,,2.3,0.4,c,98,6.6,28.5,32.5,1,49720,,,,11:30,11:55
FIMS_4,Dry,2024,TS10,,Rainwater Killifish,,,4,,3,0.7,c,98,6.6,28.5,32.5,1,49720,,,,11:30,11:55
FIMS_4,Dry,2024,TS10,,Rainwater Killifish,,,4,,2.5,0.4,c,98,6.6,28.5,32.5,1,49720,,,,11:30,11:55
FIMS_4,Dry,2024,TS10,,Rainwater Killifish,,,4,,2.5,0.4,c,98,6.6,28.5,32.5,1,49720,,,,11:30,11:55
FIMS_4,Dry,2024,TS10,,Rainwater Killifish,,,4,,3,0.8,c,98,6.6,28.5,32.5,1,49720,,,,11:30,11:55
FIMS_4,Dry,2024,TS10,,Rainwater Killifish,,,4,,2.9,0.8,c,98,6.6,28.5,32.5,1,49720,,,,11:30,11:55
FIMS_4,Dry,2024,TS10,,Rainwater Killifish,,,4,,2.8,0.5,c,98,6.6,28.5,32.5,1,49720,,,,11:30,11:55
FIMS_4,Dry,2024,TS10,,Rainwater Killifish,,,4,,2.5,0.4,c,98,6.6,28.5,32.5,1,49720,,,,11:30,11:55
FIMS_4,Dry,2024,TS10,,Rainwater Killifish,,,4,,2.5,0.3,c,98,6.6,28.5,32.5,1,49720,,,,11:30,11:55
FIMS_4,Dry,2024,TS10,,Rainwater Killifish,,,4,,2.7,0.5,c,98,6.6,28.5,32.5,1,49720,,,,11:30,11:55
FIMS_4,Dry,2024,TS10,,Goldspotted Killifish,,,4,,3.9,2.4,c,98,6.6,28.5,32.5,1,49720,,,,11:30,11:55
FIMS_4,Dry,2024,TS10,,Goldspotted Killifish,,,4,,4,2.8,c,98,6.6,28.5,32.5,1,49720,,,,11:30,11:55
FIMS_4,Dry,2024,TS10,,Goldspotted Killifish,,,4,,4,2.6,c,98,6.6,28.5,32.5,1,49720,,,,11:30,11:55
FIMS_4,Dry,2024,TS10,,Goldspotted Killifish,,,4,,3.7,1.9,c,98,6.6,28.5,32.5,1,49720,,,,11:30,11:55
FIMS_4,Dry,2024,TS10,,Goldspotted Killifish,,,4,,2.8,0.9,c,98,6.6,28.5,32.5,1,49720,,,,11:30,11:55
FIMS_4,Dry,2024,TS10,,Goldspotted Killifish,,,4,,2.9,0.8,c,98,6.6,28.5,32.5,1,49720,,,,11:30,11:55
FIMS_4,Dry,2024,TS10,,Great Barracuda,,,4,,19.7,67.5,c,98,6.6,28.5,32.5,1,49720,,,,11:30,11:55
FIMS_4,Dry,2024,TS10,,Gulf Pipefish,,,4,,14.8,2.6,c,98,6.6,28.5,32.5,1,49720,,,,11:30,11:55
FIMS_4,Dry,2024,TS10,,Gulf Pipefish,,,4,,10.8,0.9,c,98,6.6,28.5,32.5,1,49720,,,,11:30,11:55
FIMS_4,Dry,2024,TS10,,Gulf Pipefish,,,4,,10,1,c,98,6.6,28.5,32.5,1,49720,,,,11:30,11:55
FIMS_4,Dry,2024,TS10,,Gulf Pipefish,,,4,,9.2,0.7,c,98,6.6,28.5,32.5,1,49720,,,,11:30,11:55
FIMS_4,Dry,2024,TS10,,Gulf Pipefish,,,4,,9.4,0.6,c,98,6.6,28.5,32.5,1,49720,,,,11:30,11:55
FIMS_4,Dry,2024,TS10,,Gulf Pipefish,,,4,,3.6,0.1,c,98,6.6,28.5,32.5,1,49720,,,,11:30,11:55
FIMS_4,Dry,2024,TS10,,Dwarf Seahorse,,,4,,2,0.1,c,98,6.6,28.5,32.5,1,49720,,,,11:30,11:55
FIMS_4,Dry,2024,TS10,,Dwarf Seahorse,,,4,,4,0.4,c,98,6.6,28.5,32.5,1,49720,,,,11:30,11:55
FIMS_4,Dry,2024,TS10,,Blue Crab,,,4,,6.9,23.6,c,98,6.6,28.5,32.5,1,49720,,,,11:30,11:55
FIMS_4,Dry,2024,TS10,,Decorator Crab,,,4,,5.4,47,c,98,6.6,28.5,32.5,1,49720,,,,11:30,11:55
FIMS_4,Dry,2024,TS10,,Estuarine Mud Crab,,,4,,1.7,1.3,c,98,6.6,28.5,32.5,1,49720,,,,11:30,11:55
FIMS_4,Dry,2024,TS10,,Estuarine Mud Crab,,,4,,1.9,0.6,c,98,6.6,28.5,32.5,1,49720,,,,11:30,11:55
FIMS_4,Dry,2024,TS10,,Estuarine Mud Crab,,,4,,1.6,0.9,c,98,6.6,28.5,32.5,1,49720,,,,11:30,11:55
FIMS_4,Dry,2024,TS10,,Pinfish,,,4,,5.3,5.3,c,98,6.6,28.5,32.5,1,49720,,,,11:30,11:55
FIMS_4,Dry,2024,TS10,,Pinfish,,,4,,2.9,0.7,c,98,6.6,28.5,32.5,1,49720,,,,11:30,11:55
FIMS_5,Dry,2024,TS10,,Tidewater Mojarra,,,5,,8.4,16.9,c,93,6.4,30.2,33.1,0.9,50678,,,,,
FIMS_5,Dry,2024,TS10,,Tidewater Mojarra,,,5,,7.6,13.1,c,93,6.4,30.2,33.1,0.9,50678,,,,,
FIMS_5,Dry,2024,TS10,,Tidewater Mojarra,,,5,,4.4,2,c,93,6.4,30.2,33.1,0.9,50678,,,,,
FIMS_5,Dry,2024,TS10,,Tidewater Mojarra,,,5,,6.2,7,c,93,6.4,30.2,33.1,0.9,50678,,,,,
FIMS_5,Dry,2024,TS10,,Tidewater Mojarra,,,5,,2,0.3,c,93,6.4,30.2,33.1,0.9,50678,,,,,
FIMS_5,Dry,2024,TS10,,Tidewater Mojarra,,,5,,4.4,2.3,c,93,6.4,30.2,33.1,0.9,50678,,,,,
FIMS_5,Dry,2024,TS10,,Tidewater Mojarra,,,5,,4.6,2.6,c,93,6.4,30.2,33.1,0.9,50678,,,,,
FIMS_5,Dry,2024,TS10,,Tidewater Mojarra,,,5,,4.5,2.7,c,93,6.4,30.2,33.1,0.9,50678,,,,,
FIMS_5,Dry,2024,TS10,,Tidewater Mojarra,,,5,,4.3,2.6,c,93,6.4,30.2,33.1,0.9,50678,,,,,
FIMS_5,Dry,2024,TS10,,Tidewater Mojarra,,,5,,4.3,2.7,c,93,6.4,30.2,33.1,0.9,50678,,,,,
FIMS_5,Dry,2024,TS10,,Clown Goby,,,5,,3.5,0.5,c,93,6.4,30.2,33.1,0.9,50678,,,,,
FIMS_5,Dry,2024,TS10,,Clown Goby,,,5,,3.4,0.5,c,93,6.4,30.2,33.1,0.9,50678,,,,,
FIMS_5,Dry,2024,TS10,,Clown Goby,,,5,,3.1,0.4,c,93,6.4,30.2,33.1,0.9,50678,,,,,
FIMS_5,Dry,2024,TS10,,Clown Goby,,,5,,2.4,0.2,c,93,6.4,30.2,33.1,0.9,50678,,,,,
FIMS_5,Dry,2024,TS10,,Clown Goby,,,5,,2.3,0.1,c,93,6.4,30.2,33.1,0.9,50678,,,,,
FIMS_5,Dry,2024,TS10,,Estuarine Mud Crab,,,5,,1.8,1,c,93,6.4,30.2,33.1,0.9,50678,,,,,
FIMS_5,Dry,2024,TS10,,Pink Shrimp,,,5,,7,2.2,c,93,6.4,30.2,33.1,0.9,50678,,,,,
FIMS_5,Dry,2024,TS10,,Pink Shrimp,,,5,,9.1,5.9,c,93,6.4,30.2,33.1,0.9,50678,,,,,
FIMS_5,Dry,2024,TS10,,Pink Shrimp,,,5,,6.5,1.9,c,93,6.4,30.2,33.1,0.9,50678,,,,,
FIMS_5,Dry,2024,TS10,,Pink Shrimp,,,5,,6.1,1.6,c,93,6.4,30.2,33.1,0.9,50678,,,,,
FIMS_5,Dry,2024,TS10,,Pink Shrimp,,,5,,6.3,2.2,c,93,6.4,30.2,33.1,0.9,50678,,,,,
FIMS_5,Dry,2024,TS10,,Pink Shrimp,,,5,,4.6,0.7,c,93,6.4,30.2,33.1,0.9,50678,,,,,
FIMS_5,Dry,2024,TS10,,Pink Shrimp,,,5,,3,0.2,c,93,6.4,30.2,33.1,0.9,50678,,,,,
FIMS_5,Dry,2024,TS10,,Pink Shrimp,,,5,,4,0.4,c,93,6.4,30.2,33.1,0.9,50678,,,,,
FIMS_5,Dry,2024,TS10,,Pink Shrimp,,,5,,5,0.7,c,93,6.4,30.2,33.1,0.9,50678,,,,,
FIMS_5,Dry,2024,TS10,,Pink Shrimp,,,5,,3.9,0.4,c,93,6.4,30.2,33.1,0.9,50678,,,,,
FIMS_5,Dry,2024,TS10,,Gulf Pipefish,,,5,,7,0.5,c,93,6.4,30.2,33.1,0.9,50678,,,,,
FIMS_5,Dry,2024,TS10,,Lizardfish,,,5,,6.3,1.6,c,93,6.4,30.2,33.1,0.9,50678,,,,,
FIMS_5,Dry,2024,TS10,,Goldspotted Killifish,,,5,,1.4,0.1,c,93,6.4,30.2,33.1,0.9,50678,,,,,
FIMS_5,Dry,2024,TS10,,Dwarf Seahorse,,,5,,4.3,0.6,c,93,6.4,30.2,33.1,0.9,50678,,,,,
FIMS_26,Dry,2024,TS11,,Redfin Needlefish,,,1,,8.2,0.8,c,89,5.8,27.6,34.5,1.2,52537,3,,,9:12,
FIMS_26,Dry,2024,TS11,,Redfin Needlefish,,,1,,7.8,0.9,c,89,5.8,27.6,34.5,1.2,52537,3,,,9:12,
FIMS_26,Dry,2024,TS11,,Redfin Needlefish,,,1,,7.9,0.7,c,89,5.8,27.6,34.5,1.2,52537,3,,,9:12,
FIMS_26,Dry,2024,TS11,,Ballyhoo,,,1,,3.7,0.2,c,89,5.8,27.6,34.5,1.2,52537,3,,,9:12,
FIMS_26,Dry,2024,TS11,,Boxfish,,,1,,4,6.9,c,89,5.8,27.6,34.5,1.2,52537,3,,,9:12,
FIMS_26,Dry,2024,TS11,,Boxfish,,,1,,3.5,4.4,c,89,5.8,27.6,34.5,1.2,52537,3,,,9:12,
FIMS_26,Dry,2024,TS11,,Swimming Crab,,,1,,1.2,0.3,c,89,5.8,27.6,34.5,1.2,52537,3,,,9:12,
FIMS_11,Dry,2024,TS11,,Tidewater Mojarra,,,2,,5.2,4.7,c,89,5.8,27.6,34.5,1.2,52537,3,,,9:12,
FIMS_11,Dry,2024,TS11,,Tidewater Mojarra,,,2,,1.5,0.1,c,89,5.8,27.6,34.5,1.2,52537,3,,,9:12,
FIMS_11,Dry,2024,TS11,,Tidewater Mojarra,,,2,,1.7,0.2,c,89,5.8,27.6,34.5,1.2,52537,3,,,9:12,
FIMS_11,Dry,2024,TS11,,Tidewater Mojarra,,,2,,0.8,0.1,c,89,5.8,27.6,34.5,1.2,52537,3,,,9:12,
FIMS_11,Dry,2024,TS11,,Tidewater Mojarra,,,2,,1.8,0.2,c,89,5.8,27.6,34.5,1.2,52537,3,,,9:12,
FIMS_11,Dry,2024,TS11,,Blue Striped Grunt,,,2,,4.6,2.9,c,89,5.8,27.6,34.5,1.2,52537,3,,,9:12,
FIMS_11,Dry,2024,TS11,,Schoolmaster Snapper,,,2,9.5,11.7,23.7,c,89,5.8,27.6,34.5,1.2,52537,3,,,9:12,
FIMS_11,Dry,2024,TS11,,Grass Porgy,,,2,,6.5,9.9,c,89,5.8,27.6,34.5,1.2,52537,3,,,9:12,
FIMS_11,Dry,2024,TS11,,Pinfish,,,2,,5.4,4.9,c,89,5.8,27.6,34.5,1.2,52537,3,,,9:12,
FIMS_11,Dry,2024,TS11,,Pinfish,,,2,,5.3,5,c,89,5.8,27.6,34.5,1.2,52537,3,,,9:12,
FIMS_11,Dry,2024,TS11,,Pinfish,,,2,,5.4,5.8,c,89,5.8,27.6,34.5,1.2,52537,3,,,9:12,
FIMS_11,Dry,2024,TS11,,Pinfish,,,2,,5.2,4.1,c,89,5.8,27.6,34.5,1.2,52537,3,,,9:12,
FIMS_11,Dry,2024,TS11,,Pinfish,,,2,,4.7,4,c,89,5.8,27.6,34.5,1.2,52537,3,,,9:12,
FIMS_11,Dry,2024,TS11,,Redfin Needlefish,,,2,,10.1,1.4,c,89,5.8,27.6,34.5,1.2,52537,3,,,9:12,
FIMS_11,Dry,2024,TS11,,Redfin Needlefish,,,2,,10.3,1.5,c,89,5.8,27.6,34.5,1.2,52537,3,,,9:12,
FIMS_11,Dry,2024,TS11,,Redfin Needlefish,,,2,,7.4,0.7,c,89,5.8,27.6,34.5,1.2,52537,3,,,9:12,
FIMS_11,Dry,2024,TS11,,Redfin Needlefish,,,2,,9.1,1.1,c,89,5.8,27.6,34.5,1.2,52537,3,,,9:12,
FIMS_11,Dry,2024,TS11,,Redfin Needlefish,,,2,,8,0.7,c,89,5.8,27.6,34.5,1.2,52537,3,,,9:12,
FIMS_11,Dry,2024,TS11,,Redfin Needlefish,,,2,,10,1.6,c,89,5.8,27.6,34.5,1.2,52537,3,,,9:12,
FIMS_11,Dry,2024,TS11,,Redfin Needlefish,,,2,,8.3,0.9,c,89,5.8,27.6,34.5,1.2,52537,3,,,9:12,
FIMS_11,Dry,2024,TS11,,Tomtate,,,2,,5.4,4.7,c,89,5.8,27.6,34.5,1.2,52537,3,,,9:12,
FIMS_11,Dry,2024,TS11,,Tomtate,,,2,,4.9,3.1,c,89,5.8,27.6,34.5,1.2,52537,3,,,9:12,
FIMS_11,Dry,2024,TS11,,Tomtate,,,2,,3.7,1.6,c,89,5.8,27.6,34.5,1.2,52537,3,,,9:12,
FIMS_11,Dry,2024,TS11,,Tomtate,,,2,,4.7,2.7,c,89,5.8,27.6,34.5,1.2,52537,3,,,9:12,
FIMS_11,Dry,2024,TS11,,Tomtate,,,2,,4.7,3.2,c,89,5.8,27.6,34.5,1.2,52537,3,,,9:12,
FIMS_11,Dry,2024,TS11,,Tomtate,,,2,,4.6,2.7,c,89,5.8,27.6,34.5,1.2,52537,3,,,9:12,
FIMS_11,Dry,2024,TS11,,Tomtate,,,2,,3.8,1.6,c,89,5.8,27.6,34.5,1.2,52537,3,,,9:12,
FIMS_11,Dry,2024,TS11,,Tomtate,,,2,,4.5,2.7,c,89,5.8,27.6,34.5,1.2,52537,3,,,9:12,
FIMS_11,Dry,2024,TS11,,Tomtate,,,2,,4.4,2.3,c,89,5.8,27.6,34.5,1.2,52537,3,,,9:12,
FIMS_11,Dry,2024,TS11,,Tomtate,,,2,,3.9,1.6,c,89,5.8,27.6,34.5,1.2,52537,3,,,9:12,
FIMS_11,Dry,2024,TS11,,Tomtate,,,2,,3.9,1.5,c,89,5.8,27.6,34.5,1.2,52537,3,,,9:12,
FIMS_11,Dry,2024,TS11,,Tomtate,,,2,,4,3,c,89,5.8,27.6,34.5,1.2,52537,3,,,9:12,
FIMS_11,Dry,2024,TS11,,Tomtate,,,2,,3.7,1.4,c,89,5.8,27.6,34.5,1.2,52537,3,,,9:12,
FIMS_12,Dry,2024,TS11,,Boxfish,,,3,,9.5,3.8,c,11.2,7.2,28.4,34.6,1,52620,1,,,,
FIMS_12,Dry,2024,TS11,,Schoolmaster Snapper,,,3,6.8,8.6,10.5,c,11.2,7.2,28.4,34.6,1,52620,1,,,,
FIMS_12,Dry,2024,TS11,,Tomtate,,,3,,3.9,1.5,c,11.2,7.2,28.4,34.6,1,52620,1,,,,
FIMS_12,Dry,2024,TS11,,Swimming Crab,,,3,,0.1,0.2,c,11.2,7.2,28.4,34.6,1,52620,1,,,,
FIMS_12,Dry,2024,TS11,,Redfin Needlefish,,,3,,12.1,2.6,c,11.2,7.2,28.4,34.6,1,52620,1,,,,
FIMS_12,Dry,2024,TS11,,Redfin Needlefish,,,3,,10.8,1.8,c,11.2,7.2,28.4,34.6,1,52620,1,,,,
FIMS_12,Dry,2024,TS11,,Redfin Needlefish,,,3,,8.8,1.1,c,11.2,7.2,28.4,34.6,1,52620,1,,,,
FIMS_12,Dry,2024,TS11,,Redfin Needlefish,,,3,,12.6,3,c,11.2,7.2,28.4,34.6,1,52620,1,,,,
FIMS_12,Dry,2024,TS11,,Redfin Needlefish,,,3,,10.4,1.6,c,11.2,7.2,28.4,34.6,1,52620,1,,,,
FIMS_12,Dry,2024,TS11,,Redfin Needlefish,,,3,,13.3,3.4,c,11.2,7.2,28.4,34.6,1,52620,1,,,,
FIMS_12,Dry,2024,TS11,,Redfin Needlefish,,,3,,7.6,0.7,c,11.2,7.2,28.4,34.6,1,52620,1,,,,
FIMS_12,Dry,2024,TS11,,Redfin Needlefish,,,3,,9.3,1.6,c,11.2,7.2,28.4,34.6,1,52620,1,,,,
FIMS_12,Dry,2024,TS11,,Redfin Needlefish,,,3,,10.2,1.6,c,11.2,7.2,28.4,34.6,1,52620,1,,,,
FIMS_12,Dry,2024,TS11,,Redfin Needlefish,,,3,,12.2,2.6,c,11.2,7.2,28.4,34.6,1,52620,1,,,,
FIMS_12,Dry,2024,TS11,,Redfin Needlefish,,,3,,11.7,2.3,c,11.2,7.2,28.4,34.6,1,52620,1,,,,
FIMS_12,Dry,2024,TS11,,Redfin Needlefish,,,3,,11.8,3.6,c,11.2,7.2,28.4,34.6,1,52620,1,,,,
FIMS_12,Dry,2024,TS11,,Redfin Needlefish,,,3,,8.1,0.9,c,11.2,7.2,28.4,34.6,1,52620,1,,,,
FIMS_12,Dry,2024,TS11,,Redfin Needlefish,,,3,,13.5,3,c,11.2,7.2,28.4,34.6,1,52620,1,,,,
FIMS_12,Dry,2024,TS11,,Redfin Needlefish,,,3,,8.7,1,c,11.2,7.2,28.4,34.6,1,52620,1,,,,
FIMS_12,Dry,2024,TS11,,Redfin Needlefish,,,3,,13,3.3,c,11.2,7.2,28.4,34.6,1,52620,1,,,,
FIMS_12,Dry,2024,TS11,,Redfin Needlefish,,,3,,9.8,1.4,c,11.2,7.2,28.4,34.6,1,52620,1,,,,
FIMS_12,Dry,2024,TS11,,Redfin Needlefish,,,3,,9.9,1.5,c,11.2,7.2,28.4,34.6,1,52620,1,,,,
FIMS_12,Dry,2024,TS11,,Redfin Needlefish,,,3,,8.8,1.1,c,11.2,7.2,28.4,34.6,1,52620,1,,,,
FIMS_12,Dry,2024,TS11,,Redfin Needlefish,,,3,,10.8,2,c,11.2,7.2,28.4,34.6,1,52620,1,,,,
FIMS_12,Dry,2024,TS11,,Redfin Needlefish,,,3,,7,0.9,c,11.2,7.2,28.4,34.6,1,52620,1,,,,
FIMS_12,Dry,2024,TS11,,Redfin Needlefish,,,3,,9.1,0.9,c,11.2,7.2,28.4,34.6,1,52620,1,,,,
FIMS_12,Dry,2024,TS11,,Redfin Needlefish,,,3,,7.3,0.6,c,11.2,7.2,28.4,34.6,1,52620,1,,,,
FIMS_12,Dry,2024,TS11,,Redfin Needlefish,,,3,,8.1,0.7,c,11.2,7.2,28.4,34.6,1,52620,1,,,,
FIMS_12,Dry,2024,TS11,,Redfin Needlefish,,,3,,9.5,1.3,c,11.2,7.2,28.4,34.6,1,52620,1,,,,
FIMS_12,Dry,2024,TS11,,Redfin Needlefish,,,3,,8.4,1,c,11.2,7.2,28.4,34.6,1,52620,1,,,,
FIMS_12,Dry,2024,TS11,,Tidewater Mojarra,,,3,,1.7,0.1,c,11.2,7.2,28.4,34.6,1,52620,1,,,,
FIMS_12,Dry,2024,TS11,,Tidewater Mojarra,,,3,,1.3,0.1,c,11.2,7.2,28.4,34.6,1,52620,1,,,,
FIMS_12,Dry,2024,TS11,,Filefish,,,3,,3.3,0.3,c,11.2,7.2,28.4,34.6,1,52620,1,,,,
FIMS_13,Dry,2024,TS7,DE,Gulf Pipefish,,,1,,6.5,0.1,c,,,,,,,,,,,
FIMS_13,Dry,2024,TS7,DE,Gulf Pipefish,,,1,,9.1,0.5,c,,,,,,,,,,,
FIMS_13,Dry,2024,TS7,WC,Bay Anchovy,,,1,,3.3,0.2,c,,,,,,,,,,,
FIMS_13,Dry,2024,TS7,GE,Goldspotted Killifish,,,1,,1.9,0.1,c,,,,,,,,,,,
FIMS_13,Dry,2024,TS7,GE,Goldspotted Killifish,,,1,,1.7,0.1,c,,,,,,,,,,,
FIMS_13,Dry,2024,TS7,DE,Clown Goby,,,1,,3.1,0.3,c,,,,,,,,,,,
FIMS_13,Dry,2024,TS7,DE,Clown Goby,,,1,,2.9,0.2,c,,,,,,,,,,,
FIMS_13,Dry,2024,TS7,DE,Clown Goby,,,1,,3.3,0.2,c,,,,,,,,,,,
FIMS_13,Dry,2024,TS7,DE,Clown Goby,,,1,,3.3,0.2,c,,,,,,,,,,,
FIMS_13,Dry,2024,TS7,DE,Clown Goby,,,1,,3.4,0.3,c,,,,,,,,,,,
FIMS_13,Dry,2024,TS7,DE,Clown Goby,,,1,,3.1,0.2,c,,,,,,,,,,,
FIMS_13,Dry,2024,TS7,DE,Clown Goby,,,1,,2.5,0.1,c,,,,,,,,,,,
FIMS_13,Dry,2024,TS7,DE,Clown Goby,,,1,,5.3,0.9,c,,,,,,,,,,,
FIMS_13,Dry,2024,TS7,DE,Clown Goby,,,1,,4.2,0.5,c,,,,,,,,,,,
FIMS_13,Dry,2024,TS7,DE,Clown Goby,,,1,,2.7,0.2,c,,,,,,,,,,,
FIMS_13,Dry,2024,TS7,DE,Clown Goby,,,1,,2.5,0.1,c,,,,,,,,,,,
FIMS_13,Dry,2024,TS7,DE,Clown Goby,,,1,,2.9,0.1,c,,,,,,,,,,,
FIMS_13,Dry,2024,TS7,DE,Clown Goby,,,1,,3,0.2,c,,,,,,,,,,,
FIMS-13,Dry,2024,TS7,DE,Clown Goby,,,1,,4.1,0.4,c,,,,,,,,,,,
FIMS_14,Dry,2024,TS7,WC,Bay Anchovy,,,2,,5.1,0.9,c,52,4,28.3,9.7,0.9,16558,15,,,,
FIMS_14,Dry,2024,TS7,WC,Bay Anchovy,,,2,,4.7,0.6,c,52,4,28.3,9.7,0.9,16558,15,,,,
FIMS_14,Dry,2024,TS7,WC,Bay Anchovy,,,2,,5.1,0.9,c,52,4,28.3,9.7,0.9,16558,15,,,,
FIMS_14,Dry,2024,TS7,WC,Bay Anchovy,,,2,,4.7,0.5,c,52,4,28.3,9.7,0.9,16558,15,,,,
FIMS_14,Dry,2024,TS7,WC,Bay Anchovy,,,2,,4.5,0.5,c,52,4,28.3,9.7,0.9,16558,15,,,,
FIMS_14,Dry,2024,TS7,WC,Bay Anchovy,,,2,,4.2,0.3,c,52,4,28.3,9.7,0.9,16558,15,,,,
FIMS_14,Dry,2024,TS7,WC,Bay Anchovy,,,2,,5,0.7,c,52,4,28.3,9.7,0.9,16558,15,,,,
FIMS_14,Dry,2024,TS7,WC,Bay Anchovy,,,2,,3.8,0.3,c,52,4,28.3,9.7,0.9,16558,15,,,,
FIMS_14,Dry,2024,TS7,WC,Bay Anchovy,,,2,,4.7,0.3,c,52,4,28.3,9.7,0.9,16558,15,,,,
FIMS_14,Dry,2024,TS7,WC,Bay Anchovy,,,2,,4.7,0.5,c,52,4,28.3,9.7,0.9,16558,15,,,,
FIMS_14,Dry,2024,TS7,WC,Bay Anchovy,,,2,,4,0.3,c,52,4,28.3,9.7,0.9,16558,15,,,,
FIMS_14,Dry,2024,TS7,WC,Bay Anchovy,,,2,,4.4,0.6,c,52,4,28.3,9.7,0.9,16558,15,,,,
FIMS_14,Dry,2024,TS7,WC,Bay Anchovy,,,2,,3.8,0.3,c,52,4,28.3,9.7,0.9,16558,15,,,,
FIMS_14,Dry,2024,TS7,WC,Bay Anchovy,,,2,,3.7,0.3,c,52,4,28.3,9.7,0.9,16558,15,,,,
FIMS_14,Dry,2024,TS7,WC,Bay Anchovy,,,2,,5.8,1.2,c,52,4,28.3,9.7,0.9,16558,15,,,,
FIMS_14,Dry,2024,TS7,WC,Bay Anchovy,,,2,,5.5,0.9,c,52,4,28.3,9.7,0.9,16558,15,,,,
FIMS_14,Dry,2024,TS7,WC,Bay Anchovy,,,2,,4.4,0.4,c,52,4,28.3,9.7,0.9,16558,15,,,,
FIMS_14,Dry,2024,TS7,WC,Bay Anchovy,,,2,,3.6,0.3,c,52,4,28.3,9.7,0.9,16558,15,,,,
FIMS_14,Dry,2024,TS7,WC,Bay Anchovy,,,2,,4.8,0.6,c,52,4,28.3,9.7,0.9,16558,15,,,,
FIMS_14,Dry,2024,TS7,WC,Bay Anchovy,,,2,,5.3,0.9,c,52,4,28.3,9.7,0.9,16558,15,,,,
FIMS_14,Dry,2024,TS7,WC,Bay Anchovy,,,2,,4.3,0.5,c,52,4,28.3,9.7,0.9,16558,15,,,,
FIMS_14,Dry,2024,TS7,WC,Bay Anchovy,,,2,,4.6,0.7,c,52,4,28.3,9.7,0.9,16558,15,,,,
FIMS_14,Dry,2024,TS7,WC,Bay Anchovy,,,2,,3.4,0.2,c,52,4,28.3,9.7,0.9,16558,15,,,,
FIMS_14,Dry,2024,TS7,WC,Bay Anchovy,,,2,,3.5,0.3,c,52,4,28.3,9.7,0.9,16558,15,,,,
FIMS_14,Dry,2024,TS7,WC,Bay Anchovy,,,2,,3.4,0.2,c,52,4,28.3,9.7,0.9,16558,15,,,,
FIMS_14,Dry,2024,TS7,WC,Bay Anchovy,,,2,,3.3,0.2,c,52,4,28.3,9.7,0.9,16558,15,,,,
FIMS_14,Dry,2024,TS7,WC,Bay Anchovy,,,2,,5.1,0.9,c,52,4,28.3,9.7,0.9,16558,15,,,,
FIMS_14,Dry,2024,TS7,WC,Bay Anchovy,,,2,,3.7,0.3,c,52,4,28.3,9.7,0.9,16558,15,,,,
FIMS_14,Dry,2024,TS7,WC,Bay Anchovy,,,2,,3.1,0.1,c,52,4,28.3,9.7,0.9,16558,15,,,,
FIMS_14,Dry,2024,TS7,WC,Bay Anchovy,,,2,,5.6,1.1,c,52,4,28.3,9.7,0.9,16558,15,,,,
FIMS_14,Dry,2024,TS7,WC,Bay Anchovy,,,2,,3,0.2,c,52,4,28.3,9.7,0.9,16558,15,,,,
FIMS_14,Dry,2024,TS7,WC,Bay Anchovy,,,2,,4,0.4,c,52,4,28.3,9.7,0.9,16558,15,,,,
FIMS_14,Dry,2024,TS7,WC,Bay Anchovy,,,2,,3.8,0.3,c,52,4,28.3,9.7,0.9,16558,15,,,,
FIMS_14,Dry,2024,TS7,WC,Bay Anchovy,,,2,,4.1,0.4,c,52,4,28.3,9.7,0.9,16558,15,,,,
FIMS_14,Dry,2024,TS7,WC,Bay Anchovy,,,2,,4.2,0.5,c,52,4,28.3,9.7,0.9,16558,15,,,,
FIMS_14,Dry,2024,TS7,WC,Bay Anchovy,,,2,,3.6,0.3,c,52,4,28.3,9.7,0.9,16558,15,,,,
FIMS_14,Dry,2024,TS7,WC,Bay Anchovy,,,2,,4.3,0.4,c,52,4,28.3,9.7,0.9,16558,15,,,,
FIMS_14,Dry,2024,TS7,WC,Bay Anchovy,,,2,,4.3,0.5,c,52,4,28.3,9.7,0.9,16558,15,,,,
FIMS_14,Dry,2024,TS7,WC,Bay Anchovy,,,2,,3.1,0.2,c,52,4,28.3,9.7,0.9,16558,15,,,,
FIMS_14,Dry,2024,TS7,WC,Bay Anchovy,,,2,,3.2,0.2,c,52,4,28.3,9.7,0.9,16558,15,,,,
FIMS_14,Dry,2024,TS7,WC,Bay Anchovy,,,2,,,,c,52,4,28.3,9.7,0.9,16558,15,,,,
FIMS_14,Dry,2024,TS7,WC,Bay Anchovy,,,2,,,,c,52,4,28.3,9.7,0.9,16558,15,,,,
FIMS_14,Dry,2024,TS7,WC,Bay Anchovy,,,2,,,,c,52,4,28.3,9.7,0.9,16558,15,,,,
FIMS_14,Dry,2024,TS7,WC,Bay Anchovy,,,2,,,,c,52,4,28.3,9.7,0.9,16558,15,,,,
FIMS_14,Dry,2024,TS7,WC,Bay Anchovy,,,2,,,,c,52,4,28.3,9.7,0.9,16558,15,,,,
FIMS_14,Dry,2024,TS7,WC,Bay Anchovy,,,2,,,,c,52,4,28.3,9.7,0.9,16558,15,,,,
FIMS_14,Dry,2024,TS7,WC,Bay Anchovy,,,2,,,,c,52,4,28.3,9.7,0.9,16558,15,,,,
FIMS_14,Dry,2024,TS7,WC,Bay Anchovy,,,2,,,,c,52,4,28.3,9.7,0.9,16558,15,,,,
FIMS_14,Dry,2024,TS7,WC,Bay Anchovy,,,2,,,,c,52,4,28.3,9.7,0.9,16558,15,,,,
FIMS_14,Dry,2024,TS7,WC,Bay Anchovy,,,2,,,,c,52,4,28.3,9.7,0.9,16558,15,,,,
FIMS_14,Dry,2024,TS7,WC,Bay Anchovy,,,2,,,,c,52,4,28.3,9.7,0.9,16558,15,,,,
FIMS_14,Dry,2024,TS7,WC,Bay Anchovy,,,2,,,,c,52,4,28.3,9.7,0.9,16558,15,,,,
FIMS_14,Dry,2024,TS7,WC,Bay Anchovy,,,2,,,,c,52,4,28.3,9.7,0.9,16558,15,,,,
FIMS_14,Dry,2024,TS7,WC,Bay Anchovy,,,2,,,,c,52,4,28.3,9.7,0.9,16558,15,,,,
FIMS_14,Dry,2024,TS7,WC,Bay Anchovy,,,2,,,,c,52,4,28.3,9.7,0.9,16558,15,,,,
FIMS_14,Dry,2024,TS7,WC,Bay Anchovy,,,2,,,,c,52,4,28.3,9.7,0.9,16558,15,,,,
FIMS_14,Dry,2024,TS7,WC,Bay Anchovy,,,2,,,,c,52,4,28.3,9.7,0.9,16558,15,,,,
FIMS_14,Dry,2024,TS7,WC,Bay Anchovy,,,2,,,,c,52,4,28.3,9.7,0.9,16558,15,,,,
FIMS_14,Dry,2024,TS7,WC,Bay Anchovy,,,2,,,,c,52,4,28.3,9.7,0.9,16558,15,,,,
FIMS_14,Dry,2024,TS7,WC,Bay Anchovy,,,2,,,,c,52,4,28.3,9.7,0.9,16558,15,,,,
FIMS_14,Dry,2024,TS7,WC,Bay Anchovy,,,2,,,,c,52,4,28.3,9.7,0.9,16558,15,,,,
FIMS_14,Dry,2024,TS7,WC,Bay Anchovy,,,2,,,,c,52,4,28.3,9.7,0.9,16558,15,,,,
FIMS_14,Dry,2024,TS7,WC,Bay Anchovy,,,2,,,,c,52,4,28.3,9.7,0.9,16558,15,,,,
FIMS_14,Dry,2024,TS7,WC,Bay Anchovy,,,2,,,,c,52,4,28.3,9.7,0.9,16558,15,,,,
FIMS_14,Dry,2024,TS7,WC,Bay Anchovy,,,2,,,,c,52,4,28.3,9.7,0.9,16558,15,,,,
FIMS_14,Dry,2024,TS7,WC,Bay Anchovy,,,2,,,,c,52,4,28.3,9.7,0.9,16558,15,,,,
FIMS_14,Dry,2024,TS7,WC,Bay Anchovy,,,2,,,,c,52,4,28.3,9.7,0.9,16558,15,,,,
FIMS_14,Dry,2024,TS7,WC,Bay Anchovy,,,2,,,,c,52,4,28.3,9.7,0.9,16558,15,,,,
FIMS_14,Dry,2024,TS7,WC,Bay Anchovy,,,2,,,,c,52,4,28.3,9.7,0.9,16558,15,,,,
FIMS_14,Dry,2024,TS7,WC,Bay Anchovy,,,2,,,,c,52,4,28.3,9.7,0.9,16558,15,,,,
FIMS_14,Dry,2024,TS7,WC,Bay Anchovy,,,2,,,,c,52,4,28.3,9.7,0.9,16558,15,,,,
FIMS_14,Dry,2024,TS7,WC,Bay Anchovy,,,2,,,,c,52,4,28.3,9.7,0.9,16558,15,,,,
FIMS_14,Dry,2024,TS7,WC,Bay Anchovy,,,2,,,,c,52,4,28.3,9.7,0.9,16558,15,,,,
FIMS_14,Dry,2024,TS7,WC,Bay Anchovy,,,2,,,,c,52,4,28.3,9.7,0.9,16558,15,,,,
FIMS_14,Dry,2024,TS7,WC,Bay Anchovy,,,2,,,,c,52,4,28.3,9.7,0.9,16558,15,,,,
FIMS_14,Dry,2024,TS7,WC,Bay Anchovy,,,2,,,,c,52,4,28.3,9.7,0.9,16558,15,,,,
FIMS_14,Dry,2024,TS7,WC,Bay Anchovy,,,2,,,,c,52,4,28.3,9.7,0.9,16558,15,,,,
FIMS_14,Dry,2024,TS7,WC,Bay Anchovy,,,2,,,,c,52,4,28.3,9.7,0.9,16558,15,,,,
FIMS_14,Dry,2024,TS7,WC,Bay Anchovy,,,2,,,,c,52,4,28.3,9.7,0.9,16558,15,,,,
FIMS_14,Dry,2024,TS7,WC,Bay Anchovy,,,2,,,,c,52,4,28.3,9.7,0.9,16558,15,,,,
FIMS_14,Dry,2024,TS7,WC,Bay Anchovy,,,2,,,,c,52,4,28.3,9.7,0.9,16558,15,,,,
FIMS_14,Dry,2024,TS7,WC,Bay Anchovy,,,2,,,,c,52,4,28.3,9.7,0.9,16558,15,,,,
FIMS_14,Dry,2024,TS7,WC,Bay Anchovy,,,2,,,,c,52,4,28.3,9.7,0.9,16558,15,,,,
FIMS_14,Dry,2024,TS7,WC,Bay Anchovy,,,2,,,,c,52,4,28.3,9.7,0.9,16558,15,,,,
FIMS_14,Dry,2024,TS7,WC,Bay Anchovy,,,2,,,,c,52,4,28.3,9.7,0.9,16558,15,,,,
FIMS_14,Dry,2024,TS7,WC,Bay Anchovy,,,2,,,,c,52,4,28.3,9.7,0.9,16558,15,,,,
FIMS_14,Dry,2024,TS7,WC,Bay Anchovy,,,2,,,,c,52,4,28.3,9.7,0.9,16558,15,,,,
FIMS_14,Dry,2024,TS7,WC,Bay Anchovy,,,2,,,,c,52,4,28.3,9.7,0.9,16558,15,,,,
FIMS_14,Dry,2024,TS7,WC,Bay Anchovy,,,2,,,,c,52,4,28.3,9.7,0.9,16558,15,,,,
FIMS_14,Dry,2024,TS7,WC,Bay Anchovy,,,2,,,,c,52,4,28.3,9.7,0.9,16558,15,,,,
FIMS_14,Dry,2024,TS7,WC,Bay Anchovy,,,2,,,,c,52,4,28.3,9.7,0.9,16558,15,,,,
FIMS_14,Dry,2024,TS7,WC,Bay Anchovy,,,2,,,,c,52,4,28.3,9.7,0.9,16558,15,,,,
FIMS_14,Dry,2024,TS7,WC,Bay Anchovy,,,2,,,,c,52,4,28.3,9.7,0.9,16558,15,,,,
FIMS_14,Dry,2024,TS7,WC,Bay Anchovy,,,2,,,,c,52,4,28.3,9.7,0.9,16558,15,,,,
FIMS_14,Dry,2024,TS7,WC,Bay Anchovy,,,2,,,,c,52,4,28.3,9.7,0.9,16558,15,,,,
FIMS_14,Dry,2024,TS7,WC,Bay Anchovy,,,2,,,,c,52,4,28.3,9.7,0.9,16558,15,,,,
FIMS_14,Dry,2024,TS7,WC,Bay Anchovy,,,2,,,,c,52,4,28.3,9.7,0.9,16558,15,,,,
FIMS_14,Dry,2024,TS7,WC,Bay Anchovy,,,2,,,,c,52,4,28.3,9.7,0.9,16558,15,,,,
FIMS_14,Dry,2024,TS7,WC,Bay Anchovy,,,2,,,,c,52,4,28.3,9.7,0.9,16558,15,,,,
FIMS_14,Dry,2024,TS7,WC,Bay Anchovy,,,2,,,,c,52,4,28.3,9.7,0.9,16558,15,,,,
FIMS_14,Dry,2024,TS7,WC,Bay Anchovy,,,2,,,,c,52,4,28.3,9.7,0.9,16558,15,,,,
FIMS_14,Dry,2024,TS7,WC,Bay Anchovy,,,2,,,,c,52,4,28.3,9.7,0.9,16558,15,,,,
FIMS_14,Dry,2024,TS7,WC,Bay Anchovy,,,2,,,,c,52,4,28.3,9.7,0.9,16558,15,,,,
FIMS_14,Dry,2024,TS7,WC,Bay Anchovy,,,2,,,,c,52,4,28.3,9.7,0.9,16558,15,,,,
FIMS_14,Dry,2024,TS7,WC,Bay Anchovy,,,2,,,,c,52,4,28.3,9.7,0.9,16558,15,,,,
FIMS_14,Dry,2024,TS7,WC,Bay Anchovy,,,2,,,,c,52,4,28.3,9.7,0.9,16558,15,,,,
FIMS_14,Dry,2024,TS7,WC,Bay Anchovy,,,2,,,,c,52,4,28.3,9.7,0.9,16558,15,,,,
FIMS_14,Dry,2024,TS7,WC,Bay Anchovy,,,2,,,,c,52,4,28.3,9.7,0.9,16558,15,,,,
FIMS_14,Dry,2024,TS7,WC,Bay Anchovy,,,2,,,,c,52,4,28.3,9.7,0.9,16558,15,,,,
FIMS_14,Dry,2024,TS7,WC,Bay Anchovy,,,2,,,,c,52,4,28.3,9.7,0.9,16558,15,,,,
FIMS_14,Dry,2024,TS7,WC,Bay Anchovy,,,2,,,,c,52,4,28.3,9.7,0.9,16558,15,,,,
FIMS_14,Dry,2024,TS7,WC,Bay Anchovy,,,2,,,,c,52,4,28.3,9.7,0.9,16558,15,,,,
FIMS_14,Dry,2024,TS7,WC,Bay Anchovy,,,2,,,,c,52,4,28.3,9.7,0.9,16558,15,,,,
FIMS_14,Dry,2024,TS7,WC,Bay Anchovy,,,2,,,,c,52,4,28.3,9.7,0.9,16558,15,,,,
FIMS_14,Dry,2024,TS7,WC,Bay Anchovy,,,2,,,,c,52,4,28.3,9.7,0.9,16558,15,,,,
FIMS_14,Dry,2024,TS7,WC,Bay Anchovy,,,2,,,,c,52,4,28.3,9.7,0.9,16558,15,,,,
FIMS_14,Dry,2024,TS7,WC,Bay Anchovy,,,2,,,,c,52,4,28.3,9.7,0.9,16558,15,,,,
FIMS_14,Dry,2024,TS7,WC,Bay Anchovy,,,2,,,,c,52,4,28.3,9.7,0.9,16558,15,,,,
FIMS_14,Dry,2024,TS7,WC,Bay Anchovy,,,2,,,,c,52,4,28.3,9.7,0.9,16558,15,,,,
FIMS_14,Dry,2024,TS7,WC,Bay Anchovy,,,2,,,,c,52,4,28.3,9.7,0.9,16558,15,,,,
FIMS_14,Dry,2024,TS7,WC,Bay Anchovy,,,2,,,,c,52,4,28.3,9.7,0.9,16558,15,,,,
FIMS_14,Dry,2024,TS7,WC,Bay Anchovy,,,2,,,,c,52,4,28.3,9.7,0.9,16558,15,,,,
FIMS_14,Dry,2024,TS7,WC,Bay Anchovy,,,2,,,,c,52,4,28.3,9.7,0.9,16558,15,,,,
FIMS_14,Dry,2024,TS7,WC,Bay Anchovy,,,2,,,,c,52,4,28.3,9.7,0.9,16558,15,,,,
FIMS_14,Dry,2024,TS7,WC,Bay Anchovy,,,2,,,,c,52,4,28.3,9.7,0.9,16558,15,,,,
FIMS_14,Dry,2024,TS7,WC,Bay Anchovy,,,2,,,,c,52,4,28.3,9.7,0.9,16558,15,,,,
FIMS_14,Dry,2024,TS7,WC,Bay Anchovy,,,2,,,,c,52,4,28.3,9.7,0.9,16558,15,,,,
FIMS_14,Dry,2024,TS7,WC,Bay Anchovy,,,2,,,,c,52,4,28.3,9.7,0.9,16558,15,,,,
FIMS_14,Dry,2024,TS7,WC,Bay Anchovy,,,2,,,,c,52,4,28.3,9.7,0.9,16558,15,,,,
FIMS_14,Dry,2024,TS7,WC,Bay Anchovy,,,2,,,,c,52,4,28.3,9.7,0.9,16558,15,,,,
FIMS_14,Dry,2024,TS7,WC,Bay Anchovy,,,2,,,,c,52,4,28.3,9.7,0.9,16558,15,,,,
FIMS_14,Dry,2024,TS7,WC,Bay Anchovy,,,2,,,,c,52,4,28.3,9.7,0.9,16558,15,,,,
FIMS_14,Dry,2024,TS7,WC,Bay Anchovy,,,2,,,,c,52,4,28.3,9.7,0.9,16558,15,,,,
FIMS_14,Dry,2024,TS7,WC,Bay Anchovy,,,2,,,,c,52,4,28.3,9.7,0.9,16558,15,,,,
FIMS_14,Dry,2024,TS7,WC,Bay Anchovy,,,2,,,,c,52,4,28.3,9.7,0.9,16558,15,,,,
FIMS_14,Dry,2024,TS7,WC,Bay Anchovy,,,2,,,,c,52,4,28.3,9.7,0.9,16558,15,,,,
FIMS_14,Dry,2024,TS7,WC,Bay Anchovy,,,2,,,,c,52,4,28.3,9.7,0.9,16558,15,,,,
FIMS_14,Dry,2024,TS7,WC,Bay Anchovy,,,2,,,,c,52,4,28.3,9.7,0.9,16558,15,,,,
FIMS_14,Dry,2024,TS7,WC,Bay Anchovy,,,2,,,,c,52,4,28.3,9.7,0.9,16558,15,,,,
FIMS_14,Dry,2024,TS7,WC,Bay Anchovy,,,2,,,,c,52,4,28.3,9.7,0.9,16558,15,,,,
FIMS_14,Dry,2024,TS7,WC,Bay Anchovy,,,2,,,,c,52,4,28.3,9.7,0.9,16558,15,,,,
FIMS_14,Dry,2024,TS7,WC,Bay Anchovy,,,2,,,,c,52,4,28.3,9.7,0.9,16558,15,,,,
FIMS_14,Dry,2024,TS7,WC,Bay Anchovy,,,2,,,,c,52,4,28.3,9.7,0.9,16558,15,,,,
FIMS_14,Dry,2024,TS7,WC,Bay Anchovy,,,2,,,,c,52,4,28.3,9.7,0.9,16558,15,,,,
FIMS_14,Dry,2024,TS7,WC,Bay Anchovy,,,2,,,,c,52,4,28.3,9.7,0.9,16558,15,,,,
FIMS_14,Dry,2024,TS7,WC,Bay Anchovy,,,2,,,,c,52,4,28.3,9.7,0.9,16558,15,,,,
FIMS_14,Dry,2024,TS7,WC,Bay Anchovy,,,2,,,,c,52,4,28.3,9.7,0.9,16558,15,,,,
FIMS_14,Dry,2024,TS7,WC,Bay Anchovy,,,2,,,,c,52,4,28.3,9.7,0.9,16558,15,,,,
FIMS_14,Dry,2024,TS7,WC,Bay Anchovy,,,2,,,,c,52,4,28.3,9.7,0.9,16558,15,,,,
FIMS_14,Dry,2024,TS7,WC,Bay Anchovy,,,2,,,,c,52,4,28.3,9.7,0.9,16558,15,,,,
FIMS_14,Dry,2024,TS7,WC,Bay Anchovy,,,2,,,,c,52,4,28.3,9.7,0.9,16558,15,,,,
FIMS_14,Dry,2024,TS7,WC,Bay Anchovy,,,2,,,,c,52,4,28.3,9.7,0.9,16558,15,,,,
FIMS_14,Dry,2024,TS7,WC,Bay Anchovy,,,2,,,,c,52,4,28.3,9.7,0.9,16558,15,,,,
FIMS_14,Dry,2024,TS7,WC,Bay Anchovy,,,2,,,,c,52,4,28.3,9.7,0.9,16558,15,,,,
FIMS_14,Dry,2024,TS7,WC,Bay Anchovy,,,2,,,,c,52,4,28.3,9.7,0.9,16558,15,,,,
FIMS_14,Dry,2024,TS7,WC,Bay Anchovy,,,2,,,,c,52,4,28.3,9.7,0.9,16558,15,,,,
FIMS_14,Dry,2024,TS7,WC,Bay Anchovy,,,2,,,,c,52,4,28.3,9.7,0.9,16558,15,,,,
FIMS_14,Dry,2024,TS7,WC,Bay Anchovy,,,2,,,,c,52,4,28.3,9.7,0.9,16558,15,,,,
FIMS_14,Dry,2024,TS7,WC,Bay Anchovy,,,2,,,,c,52,4,28.3,9.7,0.9,16558,15,,,,
FIMS_14,Dry,2024,TS7,WC,Bay Anchovy,,,2,,,,c,52,4,28.3,9.7,0.9,16558,15,,,,
FIMS_14,Dry,2024,TS7,GE,Tidewater Mojarra,,,2,,7,3.9,c,52,4,28.3,9.7,0.9,16558,15,,,,
FIMS_14,Dry,2024,TS7,GE,Tidewater Mojarra,,,2,,6.8,4,c,52,4,28.3,9.7,0.9,16558,15,,,,
FIMS_14,Dry,2024,TS7,GE,Tidewater Mojarra,,,2,,3.6,0.5,c,52,4,28.3,9.7,0.9,16558,15,,,,
FIMS_14,Dry,2024,TS7,GE,Tidewater Mojarra,,,2,,4.8,1.1,c,52,4,28.3,9.7,0.9,16558,15,,,,
FIMS_14,Dry,2024,TS7,GE,Tidewater Mojarra,,,2,,5.1,1.6,c,52,4,28.3,9.7,0.9,16558,15,,,,
FIMS_14,Dry,2024,TS7,GE,Tidewater Mojarra,,,2,,4.8,1.3,c,52,4,28.3,9.7,0.9,16558,15,,,,
FIMS_14,Dry,2024,TS7,GE,Tidewater Mojarra,,,2,,2.3,0.2,c,52,4,28.3,9.7,0.9,16558,15,,,,
FIMS_14,Dry,2024,TS7,GE,Tidewater Mojarra,,,2,,5.7,2,c,52,4,28.3,9.7,0.9,16558,15,,,,
FIMS_14,Dry,2024,TS7,GE,Tidewater Mojarra,,,2,,7.1,4.5,c,52,4,28.3,9.7,0.9,16558,15,,,,
FIMS_14,Dry,2024,TS7,GE,Tidewater Mojarra,,,2,,4.4,0.9,c,52,4,28.3,9.7,0.9,16558,15,,,,
FIMS_14,Dry,2024,TS7,GE,Tidewater Mojarra,,,2,,4.4,1.1,c,52,4,28.3,9.7,0.9,16558,15,,,,
FIMS_14,Dry,2024,TS7,GE,Tidewater Mojarra,,,2,,5.6,1.8,c,52,4,28.3,9.7,0.9,16558,15,,,,
FIMS_14,Dry,2024,TS7,GE,Tidewater Mojarra,,,2,,4.4,0.9,c,52,4,28.3,9.7,0.9,16558,15,,,,
FIMS_14,Dry,2024,TS7,GE,Tidewater Mojarra,,,2,,5.3,1.8,c,52,4,28.3,9.7,0.9,16558,15,,,,
FIMS_14,Dry,2024,TS7,GE,Tidewater Mojarra,,,2,,3,0.4,c,52,4,28.3,9.7,0.9,16558,15,,,,
FIMS_14,Dry,2024,TS7,GE,Tidewater Mojarra,,,2,,3.2,0.6,c,52,4,28.3,9.7,0.9,16558,15,,,,
FIMS_14,Dry,2024,TS7,GE,Tidewater Mojarra,,,2,,6.7,3.6,c,52,4,28.3,9.7,0.9,16558,15,,,,
FIMS_14,Dry,2024,TS7,GE,Tidewater Mojarra,,,2,,5.9,2.8,c,52,4,28.3,9.7,0.9,16558,15,,,,
FIMS_14,Dry,2024,TS7,GE,Tidewater Mojarra,,,2,,4.7,1.3,c,52,4,28.3,9.7,0.9,16558,15,,,,
FIMS_14,Dry,2024,TS7,GE,Tidewater Mojarra,,,2,,5.6,1.9,c,52,4,28.3,9.7,0.9,16558,15,,,,
FIMS_14,Dry,2024,TS7,GE,Tidewater Mojarra,,,2,,6.5,3.1,c,52,4,28.3,9.7,0.9,16558,15,,,,
FIMS_14,Dry,2024,TS7,GE,Tidewater Mojarra,,,2,,5.4,1.8,c,52,4,28.3,9.7,0.9,16558,15,,,,
FIMS_14,Dry,2024,TS7,GE,Tidewater Mojarra,,,2,,5.8,2.1,c,52,4,28.3,9.7,0.9,16558,15,,,,
FIMS_14,Dry,2024,TS7,GE,Tidewater Mojarra,,,2,,4.1,0.9,c,52,4,28.3,9.7,0.9,16558,15,,,,
FIMS_14,Dry,2024,TS7,GE,Tidewater Mojarra,,,2,,4.3,1,c,52,4,28.3,9.7,0.9,16558,15,,,,
FIMS_14,Dry,2024,TS7,GE,Tidewater Mojarra,,,2,,4.6,1.2,c,52,4,28.3,9.7,0.9,16558,15,,,,
FIMS_14,Dry,2024,TS7,GE,Tidewater Mojarra,,,2,,4.9,1.3,c,52,4,28.3,9.7,0.9,16558,15,,,,
FIMS_14,Dry,2024,TS7,GE,Tidewater Mojarra,,,2,,3,0.3,c,52,4,28.3,9.7,0.9,16558,15,,,,
FIMS_14,Dry,2024,TS7,GE,Tidewater Mojarra,,,2,,3.3,0.4,c,52,4,28.3,9.7,0.9,16558,15,,,,
FIMS_14,Dry,2024,TS7,GE,Tidewater Mojarra,,,2,,2.9,0.3,c,52,4,28.3,9.7,0.9,16558,15,,,,
FIMS_14,Dry,2024,TS7,GE,Tidewater Mojarra,,,2,,1.8,0.2,c,52,4,28.3,9.7,0.9,16558,15,,,,
FIMS_14,Dry,2024,TS7,GE,Tidewater Mojarra,,,2,,5.4,2.4,c,52,4,28.3,9.7,0.9,16558,15,,,,
FIMS_14,Dry,2024,TS7,GE,Tidewater Mojarra,,,2,,5.4,1.7,c,52,4,28.3,9.7,0.9,16558,15,,,,
FIMS_14,Dry,2024,TS7,GE,Tidewater Mojarra,,,2,,5.4,1.8,c,52,4,28.3,9.7,0.9,16558,15,,,,
FIMS_14,Dry,2024,TS7,GE,Tidewater Mojarra,,,2,,4.9,1.5,c,52,4,28.3,9.7,0.9,16558,15,,,,
FIMS_14,Dry,2024,TS7,GE,Tidewater Mojarra,,,2,,5.1,1.5,c,52,4,28.3,9.7,0.9,16558,15,,,,
FIMS_14,Dry,2024,TS7,GE,Tidewater Mojarra,,,2,,5.9,2,c,52,4,28.3,9.7,0.9,16558,15,,,,
FIMS_14,Dry,2024,TS7,GE,Tidewater Mojarra,,,2,,5.7,1.9,c,52,4,28.3,9.7,0.9,16558,15,,,,
FIMS_14,Dry,2024,TS7,GE,Tidewater Mojarra,,,2,,6.5,2.9,c,52,4,28.3,9.7,0.9,16558,15,,,,
FIMS_14,Dry,2024,TS7,GE,Tidewater Mojarra,,,2,,3,0.2,c,52,4,28.3,9.7,0.9,16558,15,,,,
FIMS_14,Dry,2024,TS7,GE,Tidewater Mojarra,,,2,,,,c,52,4,28.3,9.7,0.9,16558,15,,,,
FIMS_14,Dry,2024,TS7,GE,Tidewater Mojarra,,,2,,,,c,52,4,28.3,9.7,0.9,16558,15,,,,
FIMS_14,Dry,2024,TS7,GE,Tidewater Mojarra,,,2,,,,c,52,4,28.3,9.7,0.9,16558,15,,,,
FIMS_14,Dry,2024,TS7,GE,Tidewater Mojarra,,,2,,,,c,52,4,28.3,9.7,0.9,16558,15,,,,
FIMS_14,Dry,2024,TS7,GE,Tidewater Mojarra,,,2,,,,c,52,4,28.3,9.7,0.9,16558,15,,,,
FIMS_14,Dry,2024,TS7,GE,Tidewater Mojarra,,,2,,,,c,52,4,28.3,9.7,0.9,16558,15,,,,
FIMS_14,Dry,2024,TS7,GE,Tidewater Mojarra,,,2,,,,c,52,4,28.3,9.7,0.9,16558,15,,,,
FIMS_14,Dry,2024,TS7,GE,Tidewater Mojarra,,,2,,,,c,52,4,28.3,9.7,0.9,16558,15,,,,
FIMS_14,Dry,2024,TS7,GE,Tidewater Mojarra,,,2,,,,c,52,4,28.3,9.7,0.9,16558,15,,,,
FIMS_14,Dry,2024,TS7,GE,Tidewater Mojarra,,,2,,,,c,52,4,28.3,9.7,0.9,16558,15,,,,
FIMS_14,Dry,2024,TS7,GE,Tidewater Mojarra,,,2,,,,c,52,4,28.3,9.7,0.9,16558,15,,,,
FIMS_14,Dry,2024,TS7,GE,Tidewater Mojarra,,,2,,,,c,52,4,28.3,9.7,0.9,16558,15,,,,
FIMS_14,Dry,2024,TS7,DE,Hogchoker,,,2,,5.6,2.9,c,52,4,28.3,9.7,0.9,16558,15,,,,
FIMS_14,Dry,2024,TS7,GE,Rainwater Killifish,,,2,,2.6,0.1,c,52,4,28.3,9.7,0.9,16558,15,,,,
FIMS_14,Dry,2024,TS7,GE,Goldspotted Killifish,,,2,,1.8,0.1,c,52,4,28.3,9.7,0.9,16558,15,,,,
FIMS_14,Dry,2024,TS7,,Ladyfish,,,2,,6.3,1,c,52,4,28.3,9.7,0.9,16558,15,,,,
FIMS_15,Dry,2024,TS7,,Clown Goby,,,3,,3.5,0.3,c,71,5.3,29.1,10.7,0.9,18173,2,,,10:08,10:21
FIMS_15,Dry,2024,TS7,,Clown Goby,,,3,,3,0.1,c,71,5.3,29.1,10.7,0.9,18173,2,,,10:08,10:21
FIMS_15,Dry,2024,TS7,,Clown Goby,,,3,,3.2,0.2,c,71,5.3,29.1,10.7,0.9,18173,2,,,10:08,10:21
FIMS_15,Dry,2024,TS7,,Clown Goby,,,3,,3,0.2,c,71,5.3,29.1,10.7,0.9,18173,2,,,10:08,10:21
FIMS_15,Dry,2024,TS7,,Clown Goby,,,3,,5.1,0.8,c,71,5.3,29.1,10.7,0.9,18173,2,,,10:08,10:21
FIMS_15,Dry,2024,TS7,,Clown Goby,,,3,,3.5,0.3,c,71,5.3,29.1,10.7,0.9,18173,2,,,10:08,10:21
FIMS_15,Dry,2024,TS7,,Clown Goby,,,3,,3.2,0.3,c,71,5.3,29.1,10.7,0.9,18173,2,,,10:08,10:21
FIMS_15,Dry,2024,TS7,,Clown Goby,,,3,,3,0.4,c,71,5.3,29.1,10.7,0.9,18173,2,,,10:08,10:21
FIMS_15,Dry,2024,TS7,,Clown Goby,,,3,,3.6,0.2,c,71,5.3,29.1,10.7,0.9,18173,2,,,10:08,10:21
FIMS_15,Dry,2024,TS7,,Clown Goby,,,3,,3,0.1,c,71,5.3,29.1,10.7,0.9,18173,2,,,10:08,10:21
FIMS_15,Dry,2024,TS7,,Clown Goby,,,3,,3.5,0.4,c,71,5.3,29.1,10.7,0.9,18173,2,,,10:08,10:21
FIMS_15,Dry,2024,TS7,,Clown Goby,,,3,,3.5,0.3,c,71,5.3,29.1,10.7,0.9,18173,2,,,10:08,10:21
FIMS_15,Dry,2024,TS7,,Clown Goby,,,3,,3.4,0.3,c,71,5.3,29.1,10.7,0.9,18173,2,,,10:08,10:21
FIMS_15,Dry,2024,TS7,,Clown Goby,,,3,,3.2,0.2,c,71,5.3,29.1,10.7,0.9,18173,2,,,10:08,10:21
FIMS_15,Dry,2024,TS7,,Clown Goby,,,3,,3.1,0.2,c,71,5.3,29.1,10.7,0.9,18173,2,,,10:08,10:21
FIMS_15,Dry,2024,TS7,,Clown Goby,,,3,,2.7,0.2,c,71,5.3,29.1,10.7,0.9,18173,2,,,10:08,10:21
FIMS_15,Dry,2024,TS7,,Clown Goby,,,3,,3.4,0.3,c,71,5.3,29.1,10.7,0.9,18173,2,,,10:08,10:21
FIMS_15,Dry,2024,TS7,,Clown Goby,,,3,,4,0.4,c,71,5.3,29.1,10.7,0.9,18173,2,,,10:08,10:21
FIMS_15,Dry,2024,TS7,,Clown Goby,,,3,,3.5,0.3,c,71,5.3,29.1,10.7,0.9,18173,2,,,10:08,10:21
FIMS_15,Dry,2024,TS7,,Clown Goby,,,3,,4,0.4,c,71,5.3,29.1,10.7,0.9,18173,2,,,10:08,10:21
FIMS_15,Dry,2024,TS7,,Clown Goby,,,3,,3.1,0.3,c,71,5.3,29.1,10.7,0.9,18173,2,,,10:08,10:21
FIMS_15,Dry,2024,TS7,,Clown Goby,,,3,,2.5,0.2,c,71,5.3,29.1,10.7,0.9,18173,2,,,10:08,10:21
FIMS_15,Dry,2024,TS7,,Clown Goby,,,3,,2.8,0.2,c,71,5.3,29.1,10.7,0.9,18173,2,,,10:08,10:21
FIMS_15,Dry,2024,TS7,,Clown Goby,,,3,,3,0.3,c,71,5.3,29.1,10.7,0.9,18173,2,,,10:08,10:21
FIMS_15,Dry,2024,TS7,,Clown Goby,,,3,,3,0.2,c,71,5.3,29.1,10.7,0.9,18173,2,,,10:08,10:21
FIMS_15,Dry,2024,TS7,,Clown Goby,,,3,,3.4,0.2,c,71,5.3,29.1,10.7,0.9,18173,2,,,10:08,10:21
FIMS_15,Dry,2024,TS7,,Clown Goby,,,3,,2.9,0.1,c,71,5.3,29.1,10.7,0.9,18173,2,,,10:08,10:21
FIMS_15,Dry,2024,TS7,,Clown Goby,,,3,,3,0.3,c,71,5.3,29.1,10.7,0.9,18173,2,,,10:08,10:21
FIMS_15,Dry,2024,TS7,,Clown Goby,,,3,,3,0.2,c,71,5.3,29.1,10.7,0.9,18173,2,,,10:08,10:21
FIMS_15,Dry,2024,TS7,,Clown Goby,,,3,,3.2,0.2,c,71,5.3,29.1,10.7,0.9,18173,2,,,10:08,10:21
FIMS_15,Dry,2024,TS7,,Clown Goby,,,3,,4,0.3,c,71,5.3,29.1,10.7,0.9,18173,2,,,10:08,10:21
FIMS_15,Dry,2024,TS7,,Clown Goby,,,3,,3.5,0.2,c,71,5.3,29.1,10.7,0.9,18173,2,,,10:08,10:21
FIMS_15,Dry,2024,TS7,,Clown Goby,,,3,,3.6,0.3,c,71,5.3,29.1,10.7,0.9,18173,2,,,10:08,10:21
FIMS_15,Dry,2024,TS7,,Clown Goby,,,3,,3.1,0.2,c,71,5.3,29.1,10.7,0.9,18173,2,,,10:08,10:21
FIMS_15,Dry,2024,TS7,,Clown Goby,,,3,,3.2,0.2,c,71,5.3,29.1,10.7,0.9,18173,2,,,10:08,10:21
FIMS_15,Dry,2024,TS7,,Clown Goby,,,3,,3.8,0.3,c,71,5.3,29.1,10.7,0.9,18173,2,,,10:08,10:21
FIMS_15,Dry,2024,TS7,,Clown Goby,,,3,,2.6,0.1,c,71,5.3,29.1,10.7,0.9,18173,2,,,10:08,10:21
FIMS_15,Dry,2024,TS7,,Clown Goby,,,3,,2.9,0.1,c,71,5.3,29.1,10.7,0.9,18173,2,,,10:08,10:21
FIMS_15,Dry,2024,TS7,,Clown Goby,,,3,,2.6,0.1,c,71,5.3,29.1,10.7,0.9,18173,2,,,10:08,10:21
FIMS_15,Dry,2024,TS7,,Clown Goby,,,3,,3.9,0.3,c,71,5.3,29.1,10.7,0.9,18173,2,,,10:08,10:21
FIMS_15,Dry,2024,TS7,,Clown Goby,,,3,,,,c,71,5.3,29.1,10.7,0.9,18173,2,,,10:08,10:21
FIMS_15,Dry,2024,TS7,,Clown Goby,,,3,,,,c,71,5.3,29.1,10.7,0.9,18173,2,,,10:08,10:21
FIMS_15,Dry,2024,TS7,,Clown Goby,,,3,,,,c,71,5.3,29.1,10.7,0.9,18173,2,,,10:08,10:21
FIMS_15,Dry,2024,TS7,,Clown Goby,,,3,,,,c,71,5.3,29.1,10.7,0.9,18173,2,,,10:08,10:21
FIMS_15,Dry,2024,TS7,,Clown Goby,,,3,,,,c,71,5.3,29.1,10.7,0.9,18173,2,,,10:08,10:21
FIMS_15,Dry,2024,TS7,,Clown Goby,,,3,,,,c,71,5.3,29.1,10.7,0.9,18173,2,,,10:08,10:21
FIMS_15,Dry,2024,TS7,,Clown Goby,,,3,,,,c,71,5.3,29.1,10.7,0.9,18173,2,,,10:08,10:21
FIMS_15,Dry,2024,TS7,,Clown Goby,,,3,,,,c,71,5.3,29.1,10.7,0.9,18173,2,,,10:08,10:21
FIMS_15,Dry,2024,TS7,,Clown Goby,,,3,,,,c,71,5.3,29.1,10.7,0.9,18173,2,,,10:08,10:21
FIMS_15,Dry,2024,TS7,,Clown Goby,,,3,,,,c,71,5.3,29.1,10.7,0.9,18173,2,,,10:08,10:21
FIMS_15,Dry,2024,TS7,,Clown Goby,,,3,,,,c,71,5.3,29.1,10.7,0.9,18173,2,,,10:08,10:21
FIMS_15,Dry,2024,TS7,,Clown Goby,,,3,,,,c,71,5.3,29.1,10.7,0.9,18173,2,,,10:08,10:21
FIMS_15,Dry,2024,TS7,,Clown Goby,,,3,,,,c,71,5.3,29.1,10.7,0.9,18173,2,,,10:08,10:21
FIMS_15,Dry,2024,TS7,,Clown Goby,,,3,,,,c,71,5.3,29.1,10.7,0.9,18173,2,,,10:08,10:21
FIMS_15,Dry,2024,TS7,,Clown Goby,,,3,,,,c,71,5.3,29.1,10.7,0.9,18173,2,,,10:08,10:21
FIMS_15,Dry,2024,TS7,,Clown Goby,,,3,,,,c,71,5.3,29.1,10.7,0.9,18173,2,,,10:08,10:21
FIMS_15,Dry,2024,TS7,,Clown Goby,,,3,,,,c,71,5.3,29.1,10.7,0.9,18173,2,,,10:08,10:21
FIMS_15,Dry,2024,TS7,,Clown Goby,,,3,,,,c,71,5.3,29.1,10.7,0.9,18173,2,,,10:08,10:21
FIMS_15,Dry,2024,TS7,,Clown Goby,,,3,,,,c,71,5.3,29.1,10.7,0.9,18173,2,,,10:08,10:21
FIMS_15,Dry,2024,TS7,,Clown Goby,,,3,,,,c,71,5.3,29.1,10.7,0.9,18173,2,,,10:08,10:21
FIMS_15,Dry,2024,TS7,,Clown Goby,,,3,,,,c,71,5.3,29.1,10.7,0.9,18173,2,,,10:08,10:21
FIMS_15,Dry,2024,TS7,,Clown Goby,,,3,,,,c,71,5.3,29.1,10.7,0.9,18173,2,,,10:08,10:21
FIMS_15,Dry,2024,TS7,,Clown Goby,,,3,,,,c,71,5.3,29.1,10.7,0.9,18173,2,,,10:08,10:21
FIMS_15,Dry,2024,TS7,,Clown Goby,,,3,,,,c,71,5.3,29.1,10.7,0.9,18173,2,,,10:08,10:21
FIMS_15,Dry,2024,TS7,,Clown Goby,,,3,,,,c,71,5.3,29.1,10.7,0.9,18173,2,,,10:08,10:21
FIMS_15,Dry,2024,TS7,,Clown Goby,,,3,,,,c,71,5.3,29.1,10.7,0.9,18173,2,,,10:08,10:21
FIMS_15,Dry,2024,TS7,,Clown Goby,,,3,,,,c,71,5.3,29.1,10.7,0.9,18173,2,,,10:08,10:21
FIMS_15,Dry,2024,TS7,,Clown Goby,,,3,,,,c,71,5.3,29.1,10.7,0.9,18173,2,,,10:08,10:21
FIMS_15,Dry,2024,TS7,,Clown Goby,,,3,,,,c,71,5.3,29.1,10.7,0.9,18173,2,,,10:08,10:21
FIMS_15,Dry,2024,TS7,,Clown Goby,,,3,,,,c,71,5.3,29.1,10.7,0.9,18173,2,,,10:08,10:21
FIMS_15,Dry,2024,TS7,,Clown Goby,,,3,,,,c,71,5.3,29.1,10.7,0.9,18173,2,,,10:08,10:21
FIMS_15,Dry,2024,TS7,,Clown Goby,,,3,,,,c,71,5.3,29.1,10.7,0.9,18173,2,,,10:08,10:21
FIMS_15,Dry,2024,TS7,,Clown Goby,,,3,,,,c,71,5.3,29.1,10.7,0.9,18173,2,,,10:08,10:21
FIMS_15,Dry,2024,TS7,,Clown Goby,,,3,,,,c,71,5.3,29.1,10.7,0.9,18173,2,,,10:08,10:21
FIMS_15,Dry,2024,TS7,,Gulf Pipefish,,,3,,7.4,0.2,c,71,5.3,29.1,10.7,0.9,18173,2,,,10:08,10:21
FIMS_15,Dry,2024,TS7,,Gulf Pipefish,,,3,,8.5,0.3,c,71,5.3,29.1,10.7,0.9,18173,2,,,10:08,10:21
FIMS_15,Dry,2024,TS7,,Gulf Pipefish,,,3,,8.8,0.5,c,71,5.3,29.1,10.7,0.9,18173,2,,,10:08,10:21
FIMS_15,Dry,2024,TS7,,Gulf Pipefish,,,3,,8,0.1,c,71,5.3,29.1,10.7,0.9,18173,2,,,10:08,10:21
FIMS_15,Dry,2024,TS7,,Gulf Pipefish,,,3,,6.1,0.8,c,71,5.3,29.1,10.7,0.9,18173,2,,,10:08,10:21
FIMS_15,Dry,2024,TS7,,Goldspotted Killifish,,,3,,2.8,0.1,c,71,5.3,29.1,10.7,0.9,18173,2,,,10:08,10:21
FIMS_15,Dry,2024,TS7,,Goldspotted Killifish,,,3,,3.3,0.2,c,71,5.3,29.1,10.7,0.9,18173,2,,,10:08,10:21
FIMS_15,Dry,2024,TS7,,Goldspotted Killifish,,,3,,1.9,0.1,c,71,5.3,29.1,10.7,0.9,18173,2,,,10:08,10:21
FIMS_15,Dry,2024,TS7,,Goldspotted Killifish,,,3,,1.9,0.1,c,71,5.3,29.1,10.7,0.9,18173,2,,,10:08,10:21
FIMS_15,Dry,2024,TS7,,Goldspotted Killifish,,,3,,1.6,0.1,c,71,5.3,29.1,10.7,0.9,18173,2,,,10:08,10:21
FIMS_15,Dry,2024,TS7,,Goldspotted Killifish,,,3,,2.7,0.3,c,71,5.3,29.1,10.7,0.9,18173,2,,,10:08,10:21
FIMS_15,Dry,2024,TS7,,Goldspotted Killifish,,,3,,2,0.1,c,71,5.3,29.1,10.7,0.9,18173,2,,,10:08,10:21
FIMS_15,Dry,2024,TS7,,Goldspotted Killifish,,,3,,1.9,0.1,c,71,5.3,29.1,10.7,0.9,18173,2,,,10:08,10:21
FIMS_15,Dry,2024,TS7,,Goldspotted Killifish,,,3,,1.7,0.1,c,71,5.3,29.1,10.7,0.9,18173,2,,,10:08,10:21
FIMS_15,Dry,2024,TS7,,Goldspotted Killifish,,,3,,2,0.1,c,71,5.3,29.1,10.7,0.9,18173,2,,,10:08,10:21
FIMS_15,Dry,2024,TS7,,Goldspotted Killifish,,,3,,2,0.1,c,71,5.3,29.1,10.7,0.9,18173,2,,,10:08,10:21
FIMS_15,Dry,2024,TS7,,Goldspotted Killifish,,,3,,2.1,0.1,c,71,5.3,29.1,10.7,0.9,18173,2,,,10:08,10:21
FIMS_15,Dry,2024,TS7,,Goldspotted Killifish,,,3,,2,0.1,c,71,5.3,29.1,10.7,0.9,18173,2,,,10:08,10:21
FIMS_15,Dry,2024,TS7,,Goldspotted Killifish,,,3,,2.1,0.1,c,71,5.3,29.1,10.7,0.9,18173,2,,,10:08,10:21
FIMS_15,Dry,2024,TS7,,Goldspotted Killifish,,,3,,2,0.3,c,71,5.3,29.1,10.7,0.9,18173,2,,,10:08,10:21
FIMS_15,Dry,2024,TS7,,Goldspotted Killifish,,,3,,1.8,0.1,c,71,5.3,29.1,10.7,0.9,18173,2,,,10:08,10:21
FIMS_15,Dry,2024,TS7,,Goldspotted Killifish,,,3,,2,0.2,c,71,5.3,29.1,10.7,0.9,18173,2,,,10:08,10:21
FIMS_15,Dry,2024,TS7,,Goldspotted Killifish,,,3,,1.5,0.1,c,71,5.3,29.1,10.7,0.9,18173,2,,,10:08,10:21
FIMS_15,Dry,2024,TS7,,Goldspotted Killifish,,,3,,2,0.1,c,71,5.3,29.1,10.7,0.9,18173,2,,,10:08,10:21
FIMS_15,Dry,2024,TS7,,Goldspotted Killifish,,,3,,2,0.1,c,71,5.3,29.1,10.7,0.9,18173,2,,,10:08,10:21
FIMS_15,Dry,2024,TS7,,Goldspotted Killifish,,,3,,2,0.1,c,71,5.3,29.1,10.7,0.9,18173,2,,,10:08,10:21
FIMS_15,Dry,2024,TS7,,Goldspotted Killifish,,,3,,2,0.1,c,71,5.3,29.1,10.7,0.9,18173,2,,,10:08,10:21
FIMS_15,Dry,2024,TS7,,Goldspotted Killifish,,,3,,1.8,0.1,c,71,5.3,29.1,10.7,0.9,18173,2,,,10:08,10:21
FIMS_15,Dry,2024,TS7,,Bay Anchovy,,,3,,4.8,0.4,c,71,5.3,29.1,10.7,0.9,18173,2,,,10:08,10:21
FIMS_15,Dry,2024,TS7,,Bay Anchovy,,,3,,2.5,0.1,c,71,5.3,29.1,10.7,0.9,18173,2,,,10:08,10:21
FIMS_29,Dry,2024,TS7,,Tidewater Mojarra,,,4,,4.6,1.6,c,119,8.6,30.6,8.3,1.2,14354,3,,,1:48,2:06
FIMS_29,Dry,2024,TS7,,Tidewater Mojarra,,,4,,4.5,1.4,c,119,8.6,30.6,8.3,1.2,14354,3,,,1:48,2:06
FIMS_29,Dry,2024,TS7,,Tidewater Mojarra,,,4,,5,1.2,c,119,8.6,30.6,8.3,1.2,14354,3,,,1:48,2:06
FIMS_29,Dry,2024,TS7,,Tidewater Mojarra,,,4,,5.9,3.3,c,119,8.6,30.6,8.3,1.2,14354,3,,,1:48,2:06
FIMS_29,Dry,2024,TS7,,Tidewater Mojarra,,,4,,4.7,1.7,c,119,8.6,30.6,8.3,1.2,14354,3,,,1:48,2:06
FIMS_29,Dry,2024,TS7,,Tidewater Mojarra,,,4,,5.8,3.2,c,119,8.6,30.6,8.3,1.2,14354,3,,,1:48,2:06
FIMS_29,Dry,2024,TS7,,Tidewater Mojarra,,,4,,5.1,1.8,c,119,8.6,30.6,8.3,1.2,14354,3,,,1:48,2:06
FIMS_29,Dry,2024,TS7,,Tidewater Mojarra,,,4,,4.7,1.6,c,119,8.6,30.6,8.3,1.2,14354,3,,,1:48,2:06
FIMS_29,Dry,2024,TS7,,Tidewater Mojarra,,,4,,4.9,1.9,c,119,8.6,30.6,8.3,1.2,14354,3,,,1:48,2:06
FIMS_29,Dry,2024,TS7,,Tidewater Mojarra,,,4,,4.3,1.1,c,119,8.6,30.6,8.3,1.2,14354,3,,,1:48,2:06
FIMS_29,Dry,2024,TS7,,Tidewater Mojarra,,,4,,6,2.9,c,119,8.6,30.6,8.3,1.2,14354,3,,,1:48,2:06
FIMS_29,Dry,2024,TS7,,Tidewater Mojarra,,,4,,4.8,1.6,c,119,8.6,30.6,8.3,1.2,14354,3,,,1:48,2:06
FIMS_29,Dry,2024,TS7,,Tidewater Mojarra,,,4,,4.9,1.7,c,119,8.6,30.6,8.3,1.2,14354,3,,,1:48,2:06
FIMS_29,Dry,2024,TS7,,Tidewater Mojarra,,,4,,4.8,2.1,c,119,8.6,30.6,8.3,1.2,14354,3,,,1:48,2:06
FIMS_29,Dry,2024,TS7,,Tidewater Mojarra,,,4,,5,2.2,c,119,8.6,30.6,8.3,1.2,14354,3,,,1:48,2:06
FIMS_29,Dry,2024,TS7,,Tidewater Mojarra,,,4,,3.5,1.5,c,119,8.6,30.6,8.3,1.2,14354,3,,,1:48,2:06
FIMS_29,Dry,2024,TS7,,Tidewater Mojarra,,,4,,5.4,2.4,c,119,8.6,30.6,8.3,1.2,14354,3,,,1:48,2:06
FIMS_29,Dry,2024,TS7,,Tidewater Mojarra,,,4,,5,1.7,c,119,8.6,30.6,8.3,1.2,14354,3,,,1:48,2:06
FIMS_29,Dry,2024,TS7,,Tidewater Mojarra,,,4,,5,1.7,c,119,8.6,30.6,8.3,1.2,14354,3,,,1:48,2:06
FIMS_29,Dry,2024,TS7,,Tidewater Mojarra,,,4,,4,1.8,c,119,8.6,30.6,8.3,1.2,14354,3,,,1:48,2:06
FIMS_29,Dry,2024,TS7,,Tidewater Mojarra,,,4,,3.8,1.3,c,119,8.6,30.6,8.3,1.2,14354,3,,,1:48,2:06
FIMS_29,Dry,2024,TS7,,Tidewater Mojarra,,,4,,5.1,2.2,c,119,8.6,30.6,8.3,1.2,14354,3,,,1:48,2:06
FIMS_29,Dry,2024,TS7,,Tidewater Mojarra,,,4,,6,2.6,c,119,8.6,30.6,8.3,1.2,14354,3,,,1:48,2:06
FIMS_29,Dry,2024,TS7,,Tidewater Mojarra,,,4,,5.9,3,c,119,8.6,30.6,8.3,1.2,14354,3,,,1:48,2:06
FIMS_29,Dry,2024,TS7,,Tidewater Mojarra,,,4,,4.4,1.3,c,119,8.6,30.6,8.3,1.2,14354,3,,,1:48,2:06
FIMS_29,Dry,2024,TS7,,Tidewater Mojarra,,,4,,5.2,2,c,119,8.6,30.6,8.3,1.2,14354,3,,,1:48,2:06
FIMS_29,Dry,2024,TS7,,Tidewater Mojarra,,,4,,4.8,1.5,c,119,8.6,30.6,8.3,1.2,14354,3,,,1:48,2:06
FIMS_29,Dry,2024,TS7,,Tidewater Mojarra,,,4,,5.3,2.6,c,119,8.6,30.6,8.3,1.2,14354,3,,,1:48,2:06
FIMS_29,Dry,2024,TS7,,Tidewater Mojarra,,,4,,7.6,5.3,c,119,8.6,30.6,8.3,1.2,14354,3,,,1:48,2:06
FIMS_29,Dry,2024,TS7,,Tidewater Mojarra,,,4,,6,3.1,c,119,8.6,30.6,8.3,1.2,14354,3,,,1:48,2:06
FIMS_29,Dry,2024,TS7,,Tidewater Mojarra,,,4,,5.7,2.8,c,119,8.6,30.6,8.3,1.2,14354,3,,,1:48,2:06
FIMS_29,Dry,2024,TS7,,Tidewater Mojarra,,,4,,4.4,1.4,c,119,8.6,30.6,8.3,1.2,14354,3,,,1:48,2:06
FIMS_29,Dry,2024,TS7,,Tidewater Mojarra,,,4,,4.8,1.7,c,119,8.6,30.6,8.3,1.2,14354,3,,,1:48,2:06
FIMS_29,Dry,2024,TS7,,Tidewater Mojarra,,,4,,6.2,3,c,119,8.6,30.6,8.3,1.2,14354,3,,,1:48,2:06
FIMS_29,Dry,2024,TS7,,Tidewater Mojarra,,,4,,5.4,2.1,c,119,8.6,30.6,8.3,1.2,14354,3,,,1:48,2:06
FIMS_29,Dry,2024,TS7,,Tidewater Mojarra,,,4,,4.7,1.6,c,119,8.6,30.6,8.3,1.2,14354,3,,,1:48,2:06
FIMS_29,Dry,2024,TS7,,Tidewater Mojarra,,,4,,5.9,3.2,c,119,8.6,30.6,8.3,1.2,14354,3,,,1:48,2:06
FIMS_29,Dry,2024,TS7,,Tidewater Mojarra,,,4,,5.3,2.4,c,119,8.6,30.6,8.3,1.2,14354,3,,,1:48,2:06
FIMS_29,Dry,2024,TS7,,Tidewater Mojarra,,,4,,4.6,1.7,c,119,8.6,30.6,8.3,1.2,14354,3,,,1:48,2:06
FIMS_29,Dry,2024,TS7,,Tidewater Mojarra,,,4,,5.5,2.1,c,119,8.6,30.6,8.3,1.2,14354,3,,,1:48,2:06
FIMS_29,Dry,2024,TS7,,Tidewater Mojarra,,,4,,,,c,119,8.6,30.6,8.3,1.2,14354,3,,,1:48,2:06
FIMS_29,Dry,2024,TS7,,Tidewater Mojarra,,,4,,,,c,119,8.6,30.6,8.3,1.2,14354,3,,,1:48,2:06
FIMS_29,Dry,2024,TS7,,Tidewater Mojarra,,,4,,,,c,119,8.6,30.6,8.3,1.2,14354,3,,,1:48,2:06
FIMS_29,Dry,2024,TS7,,Tidewater Mojarra,,,4,,,,c,119,8.6,30.6,8.3,1.2,14354,3,,,1:48,2:06
FIMS_29,Dry,2024,TS7,,Tidewater Mojarra,,,4,,,,c,119,8.6,30.6,8.3,1.2,14354,3,,,1:48,2:06
FIMS_29,Dry,2024,TS7,,Tidewater Mojarra,,,4,,,,c,119,8.6,30.6,8.3,1.2,14354,3,,,1:48,2:06
FIMS_29,Dry,2024,TS7,,Tidewater Mojarra,,,4,,,,c,119,8.6,30.6,8.3,1.2,14354,3,,,1:48,2:06
FIMS_29,Dry,2024,TS7,,Tidewater Mojarra,,,4,,,,c,119,8.6,30.6,8.3,1.2,14354,3,,,1:48,2:06
FIMS_29,Dry,2024,TS7,,Tidewater Mojarra,,,4,,,,c,119,8.6,30.6,8.3,1.2,14354,3,,,1:48,2:06
FIMS_29,Dry,2024,TS7,,Tidewater Mojarra,,,4,,,,c,119,8.6,30.6,8.3,1.2,14354,3,,,1:48,2:06
FIMS_29,Dry,2024,TS7,,Tidewater Mojarra,,,4,,,,c,119,8.6,30.6,8.3,1.2,14354,3,,,1:48,2:06
FIMS_29,Dry,2024,TS7,,Tidewater Mojarra,,,4,,,,c,119,8.6,30.6,8.3,1.2,14354,3,,,1:48,2:06
FIMS_29,Dry,2024,TS7,,Tidewater Mojarra,,,4,,,,c,119,8.6,30.6,8.3,1.2,14354,3,,,1:48,2:06
FIMS_29,Dry,2024,TS7,,Tidewater Mojarra,,,4,,,,c,119,8.6,30.6,8.3,1.2,14354,3,,,1:48,2:06
FIMS_29,Dry,2024,TS7,,Tidewater Mojarra,,,4,,,,c,119,8.6,30.6,8.3,1.2,14354,3,,,1:48,2:06
FIMS_29,Dry,2024,TS7,,Tidewater Mojarra,,,4,,,,c,119,8.6,30.6,8.3,1.2,14354,3,,,1:48,2:06
FIMS_29,Dry,2024,TS7,,Tidewater Mojarra,,,4,,,,c,119,8.6,30.6,8.3,1.2,14354,3,,,1:48,2:06
FIMS_29,Dry,2024,TS7,,Tidewater Mojarra,,,4,,,,c,119,8.6,30.6,8.3,1.2,14354,3,,,1:48,2:06
FIMS_29,Dry,2024,TS7,,Tidewater Mojarra,,,4,,,,c,119,8.6,30.6,8.3,1.2,14354,3,,,1:48,2:06
FIMS_29,Dry,2024,TS7,,Tidewater Mojarra,,,4,,,,c,119,8.6,30.6,8.3,1.2,14354,3,,,1:48,2:06
FIMS_29,Dry,2024,TS7,,Tidewater Mojarra,,,4,,,,c,119,8.6,30.6,8.3,1.2,14354,3,,,1:48,2:06
FIMS_29,Dry,2024,TS7,,Tidewater Mojarra,,,4,,,,c,119,8.6,30.6,8.3,1.2,14354,3,,,1:48,2:06
FIMS_29,Dry,2024,TS7,,Tidewater Mojarra,,,4,,,,c,119,8.6,30.6,8.3,1.2,14354,3,,,1:48,2:06
FIMS_29,Dry,2024,TS7,,Tidewater Mojarra,,,4,,,,c,119,8.6,30.6,8.3,1.2,14354,3,,,1:48,2:06
FIMS_29,Dry,2024,TS7,,Tidewater Mojarra,,,4,,,,c,119,8.6,30.6,8.3,1.2,14354,3,,,1:48,2:06
FIMS_29,Dry,2024,TS7,,Tidewater Mojarra,,,4,,,,c,119,8.6,30.6,8.3,1.2,14354,3,,,1:48,2:06
FIMS_29,Dry,2024,TS7,,Tidewater Mojarra,,,4,,,,c,119,8.6,30.6,8.3,1.2,14354,3,,,1:48,2:06
FIMS_29,Dry,2024,TS7,,Tidewater Mojarra,,,4,,,,c,119,8.6,30.6,8.3,1.2,14354,3,,,1:48,2:06
FIMS_29,Dry,2024,TS7,,Tidewater Mojarra,,,4,,,,c,119,8.6,30.6,8.3,1.2,14354,3,,,1:48,2:06
FIMS_29,Dry,2024,TS7,,Tidewater Mojarra,,,4,,,,c,119,8.6,30.6,8.3,1.2,14354,3,,,1:48,2:06
FIMS_29,Dry,2024,TS7,,Tidewater Mojarra,,,4,,,,c,119,8.6,30.6,8.3,1.2,14354,3,,,1:48,2:06
FIMS_29,Dry,2024,TS7,,Tidewater Mojarra,,,4,,,,c,119,8.6,30.6,8.3,1.2,14354,3,,,1:48,2:06
FIMS_29,Dry,2024,TS7,,Tidewater Mojarra,,,4,,,,c,119,8.6,30.6,8.3,1.2,14354,3,,,1:48,2:06
FIMS_29,Dry,2024,TS7,,Tidewater Mojarra,,,4,,,,c,119,8.6,30.6,8.3,1.2,14354,3,,,1:48,2:06
FIMS_29,Dry,2024,TS7,,Tidewater Mojarra,,,4,,,,c,119,8.6,30.6,8.3,1.2,14354,3,,,1:48,2:06
FIMS_29,Dry,2024,TS7,,Tidewater Mojarra,,,4,,,,c,119,8.6,30.6,8.3,1.2,14354,3,,,1:48,2:06
FIMS_29,Dry,2024,TS7,,Tidewater Mojarra,,,4,,,,c,119,8.6,30.6,8.3,1.2,14354,3,,,1:48,2:06
FIMS_29,Dry,2024,TS7,,Tidewater Mojarra,,,4,,,,c,119,8.6,30.6,8.3,1.2,14354,3,,,1:48,2:06
FIMS_29,Dry,2024,TS7,,Tidewater Mojarra,,,4,,,,c,119,8.6,30.6,8.3,1.2,14354,3,,,1:48,2:06
FIMS_29,Dry,2024,TS7,,Tidewater Mojarra,,,4,,,,c,119,8.6,30.6,8.3,1.2,14354,3,,,1:48,2:06
FIMS_29,Dry,2024,TS7,,Tidewater Mojarra,,,4,,,,c,119,8.6,30.6,8.3,1.2,14354,3,,,1:48,2:06
FIMS_29,Dry,2024,TS7,,Tidewater Mojarra,,,4,,,,c,119,8.6,30.6,8.3,1.2,14354,3,,,1:48,2:06
FIMS_29,Dry,2024,TS7,,Tidewater Mojarra,,,4,,,,c,119,8.6,30.6,8.3,1.2,14354,3,,,1:48,2:06
FIMS_29,Dry,2024,TS7,,Tidewater Mojarra,,,4,,,,c,119,8.6,30.6,8.3,1.2,14354,3,,,1:48,2:06
FIMS_29,Dry,2024,TS7,,Tidewater Mojarra,,,4,,,,c,119,8.6,30.6,8.3,1.2,14354,3,,,1:48,2:06
FIMS_29,Dry,2024,TS7,,Tidewater Mojarra,,,4,,,,c,119,8.6,30.6,8.3,1.2,14354,3,,,1:48,2:06
FIMS_29,Dry,2024,TS7,,Tidewater Mojarra,,,4,,,,c,119,8.6,30.6,8.3,1.2,14354,3,,,1:48,2:06
FIMS_29,Dry,2024,TS7,,Tidewater Mojarra,,,4,,,,c,119,8.6,30.6,8.3,1.2,14354,3,,,1:48,2:06
FIMS_29,Dry,2024,TS7,,Tidewater Mojarra,,,4,,,,c,119,8.6,30.6,8.3,1.2,14354,3,,,1:48,2:06
FIMS_29,Dry,2024,TS7,,Tidewater Mojarra,,,4,,,,c,119,8.6,30.6,8.3,1.2,14354,3,,,1:48,2:06
FIMS_29,Dry,2024,TS7,,Tidewater Mojarra,,,4,,,,c,119,8.6,30.6,8.3,1.2,14354,3,,,1:48,2:06
FIMS_29,Dry,2024,TS7,,Tidewater Mojarra,,,4,,,,c,119,8.6,30.6,8.3,1.2,14354,3,,,1:48,2:06
FIMS_29,Dry,2024,TS7,,Tidewater Mojarra,,,4,,,,c,119,8.6,30.6,8.3,1.2,14354,3,,,1:48,2:06
FIMS_29,Dry,2024,TS7,,Tidewater Mojarra,,,4,,,,c,119,8.6,30.6,8.3,1.2,14354,3,,,1:48,2:06
FIMS_29,Dry,2024,TS7,,Tidewater Mojarra,,,4,,,,c,119,8.6,30.6,8.3,1.2,14354,3,,,1:48,2:06
FIMS_29,Dry,2024,TS7,,Tidewater Mojarra,,,4,,,,c,119,8.6,30.6,8.3,1.2,14354,3,,,1:48,2:06
FIMS_29,Dry,2024,TS7,,Tidewater Mojarra,,,4,,,,c,119,8.6,30.6,8.3,1.2,14354,3,,,1:48,2:06
FIMS_29,Dry,2024,TS7,,Tidewater Mojarra,,,4,,,,c,119,8.6,30.6,8.3,1.2,14354,3,,,1:48,2:06
FIMS_29,Dry,2024,TS7,,Tidewater Mojarra,,,4,,,,c,119,8.6,30.6,8.3,1.2,14354,3,,,1:48,2:06
FIMS_29,Dry,2024,TS7,,Tidewater Mojarra,,,4,,,,c,119,8.6,30.6,8.3,1.2,14354,3,,,1:48,2:06
FIMS_29,Dry,2024,TS7,,Tidewater Mojarra,,,4,,,,c,119,8.6,30.6,8.3,1.2,14354,3,,,1:48,2:06
FIMS_29,Dry,2024,TS7,,Tidewater Mojarra,,,4,,,,c,119,8.6,30.6,8.3,1.2,14354,3,,,1:48,2:06
FIMS_29,Dry,2024,TS7,,Tidewater Mojarra,,,4,,,,c,119,8.6,30.6,8.3,1.2,14354,3,,,1:48,2:06
FIMS_29,Dry,2024,TS7,,Tidewater Mojarra,,,4,,,,c,119,8.6,30.6,8.3,1.2,14354,3,,,1:48,2:06
FIMS_29,Dry,2024,TS7,,Tidewater Mojarra,,,4,,,,c,119,8.6,30.6,8.3,1.2,14354,3,,,1:48,2:06
FIMS_29,Dry,2024,TS7,,Tidewater Mojarra,,,4,,,,c,119,8.6,30.6,8.3,1.2,14354,3,,,1:48,2:06
FIMS_29,Dry,2024,TS7,,Tidewater Mojarra,,,4,,,,c,119,8.6,30.6,8.3,1.2,14354,3,,,1:48,2:06
FIMS_29,Dry,2024,TS7,,Tidewater Mojarra,,,4,,,,c,119,8.6,30.6,8.3,1.2,14354,3,,,1:48,2:06
FIMS_29,Dry,2024,TS7,,Tidewater Mojarra,,,4,,,,c,119,8.6,30.6,8.3,1.2,14354,3,,,1:48,2:06
FIMS_29,Dry,2024,TS7,,Tidewater Mojarra,,,4,,,,c,119,8.6,30.6,8.3,1.2,14354,3,,,1:48,2:06
FIMS_29,Dry,2024,TS7,,Tidewater Mojarra,,,4,,,,c,119,8.6,30.6,8.3,1.2,14354,3,,,1:48,2:06
FIMS_29,Dry,2024,TS7,,Tidewater Mojarra,,,4,,,,c,119,8.6,30.6,8.3,1.2,14354,3,,,1:48,2:06
FIMS_29,Dry,2024,TS7,,Tidewater Mojarra,,,4,,,,c,119,8.6,30.6,8.3,1.2,14354,3,,,1:48,2:06
FIMS_29,Dry,2024,TS7,,Tidewater Mojarra,,,4,,,,c,119,8.6,30.6,8.3,1.2,14354,3,,,1:48,2:06
FIMS_29,Dry,2024,TS7,,Tidewater Mojarra,,,4,,,,c,119,8.6,30.6,8.3,1.2,14354,3,,,1:48,2:06
FIMS_29,Dry,2024,TS7,,Tidewater Mojarra,,,4,,,,c,119,8.6,30.6,8.3,1.2,14354,3,,,1:48,2:06
FIMS_29,Dry,2024,TS7,,Tidewater Mojarra,,,4,,,,c,119,8.6,30.6,8.3,1.2,14354,3,,,1:48,2:06
FIMS_29,Dry,2024,TS7,,Tidewater Mojarra,,,4,,,,c,119,8.6,30.6,8.3,1.2,14354,3,,,1:48,2:06
FIMS_29,Dry,2024,TS7,,Tidewater Mojarra,,,4,,,,c,119,8.6,30.6,8.3,1.2,14354,3,,,1:48,2:06
FIMS_29,Dry,2024,TS7,,Tidewater Mojarra,,,4,,,,c,119,8.6,30.6,8.3,1.2,14354,3,,,1:48,2:06
FIMS_29,Dry,2024,TS7,,Tidewater Mojarra,,,4,,,,c,119,8.6,30.6,8.3,1.2,14354,3,,,1:48,2:06
FIMS_29,Dry,2024,TS7,,Tidewater Mojarra,,,4,,,,c,119,8.6,30.6,8.3,1.2,14354,3,,,1:48,2:06
FIMS_29,Dry,2024,TS7,,Tidewater Mojarra,,,4,,,,c,119,8.6,30.6,8.3,1.2,14354,3,,,1:48,2:06
FIMS_29,Dry,2024,TS7,,Tidewater Mojarra,,,4,,,,c,119,8.6,30.6,8.3,1.2,14354,3,,,1:48,2:06
FIMS_29,Dry,2024,TS7,,Tidewater Mojarra,,,4,,,,c,119,8.6,30.6,8.3,1.2,14354,3,,,1:48,2:06
FIMS_29,Dry,2024,TS7,,Tidewater Mojarra,,,4,,,,c,119,8.6,30.6,8.3,1.2,14354,3,,,1:48,2:06
FIMS_29,Dry,2024,TS7,,Tidewater Mojarra,,,4,,,,c,119,8.6,30.6,8.3,1.2,14354,3,,,1:48,2:06
FIMS_29,Dry,2024,TS7,,Tidewater Mojarra,,,4,,,,c,119,8.6,30.6,8.3,1.2,14354,3,,,1:48,2:06
FIMS_29,Dry,2024,TS7,,Tidewater Mojarra,,,4,,,,c,119,8.6,30.6,8.3,1.2,14354,3,,,1:48,2:06
FIMS_29,Dry,2024,TS7,,Tidewater Mojarra,,,4,,,,c,119,8.6,30.6,8.3,1.2,14354,3,,,1:48,2:06
FIMS_29,Dry,2024,TS7,,Tidewater Mojarra,,,4,,,,c,119,8.6,30.6,8.3,1.2,14354,3,,,1:48,2:06
FIMS_29,Dry,2024,TS7,,Tidewater Mojarra,,,4,,,,c,119,8.6,30.6,8.3,1.2,14354,3,,,1:48,2:06
FIMS_29,Dry,2024,TS7,,Tidewater Mojarra,,,4,,,,c,119,8.6,30.6,8.3,1.2,14354,3,,,1:48,2:06
FIMS_29,Dry,2024,TS7,,Tidewater Mojarra,,,4,,,,c,119,8.6,30.6,8.3,1.2,14354,3,,,1:48,2:06
FIMS_29,Dry,2024,TS7,,Tidewater Mojarra,,,4,,,,c,119,8.6,30.6,8.3,1.2,14354,3,,,1:48,2:06
FIMS_29,Dry,2024,TS7,,Tidewater Mojarra,,,4,,,,c,119,8.6,30.6,8.3,1.2,14354,3,,,1:48,2:06
FIMS_29,Dry,2024,TS7,,Tidewater Mojarra,,,4,,,,c,119,8.6,30.6,8.3,1.2,14354,3,,,1:48,2:06
FIMS_29,Dry,2024,TS7,,Tidewater Mojarra,,,4,,,,c,119,8.6,30.6,8.3,1.2,14354,3,,,1:48,2:06
FIMS_29,Dry,2024,TS7,,Tidewater Mojarra,,,4,,,,c,119,8.6,30.6,8.3,1.2,14354,3,,,1:48,2:06
FIMS_29,Dry,2024,TS7,,Tidewater Mojarra,,,4,,,,c,119,8.6,30.6,8.3,1.2,14354,3,,,1:48,2:06
FIMS_29,Dry,2024,TS7,,Tidewater Mojarra,,,4,,,,c,119,8.6,30.6,8.3,1.2,14354,3,,,1:48,2:06
FIMS_29,Dry,2024,TS7,,Tidewater Mojarra,,,4,,,,c,119,8.6,30.6,8.3,1.2,14354,3,,,1:48,2:06
FIMS_29,Dry,2024,TS7,,Tidewater Mojarra,,,4,,,,c,119,8.6,30.6,8.3,1.2,14354,3,,,1:48,2:06
FIMS_29,Dry,2024,TS7,,Tidewater Mojarra,,,4,,,,c,119,8.6,30.6,8.3,1.2,14354,3,,,1:48,2:06
FIMS_29,Dry,2024,TS7,,Tidewater Mojarra,,,4,,,,c,119,8.6,30.6,8.3,1.2,14354,3,,,1:48,2:06
FIMS_29,Dry,2024,TS7,,Tidewater Mojarra,,,4,,,,c,119,8.6,30.6,8.3,1.2,14354,3,,,1:48,2:06
FIMS_29,Dry,2024,TS7,,Tidewater Mojarra,,,4,,,,c,119,8.6,30.6,8.3,1.2,14354,3,,,1:48,2:06
FIMS_29,Dry,2024,TS7,,Tidewater Mojarra,,,4,,,,c,119,8.6,30.6,8.3,1.2,14354,3,,,1:48,2:06
FIMS_29,Dry,2024,TS7,,Tidewater Mojarra,,,4,,,,c,119,8.6,30.6,8.3,1.2,14354,3,,,1:48,2:06
FIMS_29,Dry,2024,TS7,,Tidewater Mojarra,,,4,,,,c,119,8.6,30.6,8.3,1.2,14354,3,,,1:48,2:06
FIMS_29,Dry,2024,TS7,,Tidewater Mojarra,,,4,,,,c,119,8.6,30.6,8.3,1.2,14354,3,,,1:48,2:06
FIMS_29,Dry,2024,TS7,,Tidewater Mojarra,,,4,,,,c,119,8.6,30.6,8.3,1.2,14354,3,,,1:48,2:06
FIMS_29,Dry,2024,TS7,,Tidewater Mojarra,,,4,,,,c,119,8.6,30.6,8.3,1.2,14354,3,,,1:48,2:06
FIMS_29,Dry,2024,TS7,,Tidewater Mojarra,,,4,,,,c,119,8.6,30.6,8.3,1.2,14354,3,,,1:48,2:06
FIMS_29,Dry,2024,TS7,,Tidewater Mojarra,,,4,,,,c,119,8.6,30.6,8.3,1.2,14354,3,,,1:48,2:06
FIMS_29,Dry,2024,TS7,,Tidewater Mojarra,,,4,,,,c,119,8.6,30.6,8.3,1.2,14354,3,,,1:48,2:06
FIMS_29,Dry,2024,TS7,,Tidewater Mojarra,,,4,,,,c,119,8.6,30.6,8.3,1.2,14354,3,,,1:48,2:06
FIMS_29,Dry,2024,TS7,,Tidewater Mojarra,,,4,,,,c,119,8.6,30.6,8.3,1.2,14354,3,,,1:48,2:06
FIMS_29,Dry,2024,TS7,,Tidewater Mojarra,,,4,,,,c,119,8.6,30.6,8.3,1.2,14354,3,,,1:48,2:06
FIMS_29,Dry,2024,TS7,,Tidewater Mojarra,,,4,,,,c,119,8.6,30.6,8.3,1.2,14354,3,,,1:48,2:06
FIMS_29,Dry,2024,TS7,,Tidewater Mojarra,,,4,,,,c,119,8.6,30.6,8.3,1.2,14354,3,,,1:48,2:06
FIMS_29,Dry,2024,TS7,,Tidewater Mojarra,,,4,,,,c,119,8.6,30.6,8.3,1.2,14354,3,,,1:48,2:06
FIMS_29,Dry,2024,TS7,,Tidewater Mojarra,,,4,,,,c,119,8.6,30.6,8.3,1.2,14354,3,,,1:48,2:06
FIMS_29,Dry,2024,TS7,,Tidewater Mojarra,,,4,,,,c,119,8.6,30.6,8.3,1.2,14354,3,,,1:48,2:06
FIMS_29,Dry,2024,TS7,,Tidewater Mojarra,,,4,,,,c,119,8.6,30.6,8.3,1.2,14354,3,,,1:48,2:06
FIMS_29,Dry,2024,TS7,,Tidewater Mojarra,,,4,,,,c,119,8.6,30.6,8.3,1.2,14354,3,,,1:48,2:06
FIMS_29,Dry,2024,TS7,,Tidewater Mojarra,,,4,,,,c,119,8.6,30.6,8.3,1.2,14354,3,,,1:48,2:06
FIMS_29,Dry,2024,TS7,,Tidewater Mojarra,,,4,,,,c,119,8.6,30.6,8.3,1.2,14354,3,,,1:48,2:06
FIMS_29,Dry,2024,TS7,,Tidewater Mojarra,,,4,,,,c,119,8.6,30.6,8.3,1.2,14354,3,,,1:48,2:06
FIMS_29,Dry,2024,TS7,,Tidewater Mojarra,,,4,,,,c,119,8.6,30.6,8.3,1.2,14354,3,,,1:48,2:06
FIMS_29,Dry,2024,TS7,,Tidewater Mojarra,,,4,,,,c,119,8.6,30.6,8.3,1.2,14354,3,,,1:48,2:06
FIMS_29,Dry,2024,TS7,,Tidewater Mojarra,,,4,,,,c,119,8.6,30.6,8.3,1.2,14354,3,,,1:48,2:06
FIMS_29,Dry,2024,TS7,,Tidewater Mojarra,,,4,,,,c,119,8.6,30.6,8.3,1.2,14354,3,,,1:48,2:06
FIMS_29,Dry,2024,TS7,,Tidewater Mojarra,,,4,,,,c,119,8.6,30.6,8.3,1.2,14354,3,,,1:48,2:06
FIMS_29,Dry,2024,TS7,,Tidewater Mojarra,,,4,,,,c,119,8.6,30.6,8.3,1.2,14354,3,,,1:48,2:06
FIMS_29,Dry,2024,TS7,,Tidewater Mojarra,,,4,,,,c,119,8.6,30.6,8.3,1.2,14354,3,,,1:48,2:06
FIMS_29,Dry,2024,TS7,,Tidewater Mojarra,,,4,,,,c,119,8.6,30.6,8.3,1.2,14354,3,,,1:48,2:06
FIMS_29,Dry,2024,TS7,,Tidewater Mojarra,,,4,,,,c,119,8.6,30.6,8.3,1.2,14354,3,,,1:48,2:06
FIMS_29,Dry,2024,TS7,,Tidewater Mojarra,,,4,,,,c,119,8.6,30.6,8.3,1.2,14354,3,,,1:48,2:06
FIMS_29,Dry,2024,TS7,,Tidewater Mojarra,,,4,,,,c,119,8.6,30.6,8.3,1.2,14354,3,,,1:48,2:06
FIMS_29,Dry,2024,TS7,,Tidewater Mojarra,,,4,,,,c,119,8.6,30.6,8.3,1.2,14354,3,,,1:48,2:06
FIMS_29,Dry,2024,TS7,,Tidewater Mojarra,,,4,,,,c,119,8.6,30.6,8.3,1.2,14354,3,,,1:48,2:06
FIMS_29,Dry,2024,TS7,,Tidewater Mojarra,,,4,,,,c,119,8.6,30.6,8.3,1.2,14354,3,,,1:48,2:06
FIMS_29,Dry,2024,TS7,,Tidewater Mojarra,,,4,,,,c,119,8.6,30.6,8.3,1.2,14354,3,,,1:48,2:06
FIMS_29,Dry,2024,TS7,,Tidewater Mojarra,,,4,,,,c,119,8.6,30.6,8.3,1.2,14354,3,,,1:48,2:06
FIMS_29,Dry,2024,TS7,,Tidewater Mojarra,,,4,,,,c,119,8.6,30.6,8.3,1.2,14354,3,,,1:48,2:06
FIMS_29,Dry,2024,TS7,,Tidewater Mojarra,,,4,,,,c,119,8.6,30.6,8.3,1.2,14354,3,,,1:48,2:06
FIMS_29,Dry,2024,TS7,,Tidewater Mojarra,,,4,,,,c,119,8.6,30.6,8.3,1.2,14354,3,,,1:48,2:06
FIMS_29,Dry,2024,TS7,,Tidewater Mojarra,,,4,,,,c,119,8.6,30.6,8.3,1.2,14354,3,,,1:48,2:06
FIMS_29,Dry,2024,TS7,,Tidewater Mojarra,,,4,,,,c,119,8.6,30.6,8.3,1.2,14354,3,,,1:48,2:06
FIMS_29,Dry,2024,TS7,,Tidewater Mojarra,,,4,,,,c,119,8.6,30.6,8.3,1.2,14354,3,,,1:48,2:06
FIMS_29,Dry,2024,TS7,,Tidewater Mojarra,,,4,,,,c,119,8.6,30.6,8.3,1.2,14354,3,,,1:48,2:06
FIMS_29,Dry,2024,TS7,,Tidewater Mojarra,,,4,,,,c,119,8.6,30.6,8.3,1.2,14354,3,,,1:48,2:06
FIMS_29,Dry,2024,TS7,,Tidewater Mojarra,,,4,,,,c,119,8.6,30.6,8.3,1.2,14354,3,,,1:48,2:06
FIMS_29,Dry,2024,TS7,,Tidewater Mojarra,,,4,,,,c,119,8.6,30.6,8.3,1.2,14354,3,,,1:48,2:06
FIMS_29,Dry,2024,TS7,,Tidewater Mojarra,,,4,,,,c,119,8.6,30.6,8.3,1.2,14354,3,,,1:48,2:06
FIMS_29,Dry,2024,TS7,,Tidewater Mojarra,,,4,,,,c,119,8.6,30.6,8.3,1.2,14354,3,,,1:48,2:06
FIMS_29,Dry,2024,TS7,,Tidewater Mojarra,,,4,,,,c,119,8.6,30.6,8.3,1.2,14354,3,,,1:48,2:06
FIMS_29,Dry,2024,TS7,,Tidewater Mojarra,,,4,,,,c,119,8.6,30.6,8.3,1.2,14354,3,,,1:48,2:06
FIMS_29,Dry,2024,TS7,,Tidewater Mojarra,,,4,,,,c,119,8.6,30.6,8.3,1.2,14354,3,,,1:48,2:06
FIMS_29,Dry,2024,TS7,,Tidewater Mojarra,,,4,,,,c,119,8.6,30.6,8.3,1.2,14354,3,,,1:48,2:06
FIMS_29,Dry,2024,TS7,,Tidewater Mojarra,,,4,,,,c,119,8.6,30.6,8.3,1.2,14354,3,,,1:48,2:06
FIMS_29,Dry,2024,TS7,,Tidewater Mojarra,,,4,,,,c,119,8.6,30.6,8.3,1.2,14354,3,,,1:48,2:06
FIMS_29,Dry,2024,TS7,,Tidewater Mojarra,,,4,,,,c,119,8.6,30.6,8.3,1.2,14354,3,,,1:48,2:06
FIMS_29,Dry,2024,TS7,,Tidewater Mojarra,,,4,,,,c,119,8.6,30.6,8.3,1.2,14354,3,,,1:48,2:06
FIMS_29,Dry,2024,TS7,,Tidewater Mojarra,,,4,,,,c,119,8.6,30.6,8.3,1.2,14354,3,,,1:48,2:06
FIMS_29,Dry,2024,TS7,,Tidewater Mojarra,,,4,,,,c,119,8.6,30.6,8.3,1.2,14354,3,,,1:48,2:06
FIMS_29,Dry,2024,TS7,,Tidewater Mojarra,,,4,,,,c,119,8.6,30.6,8.3,1.2,14354,3,,,1:48,2:06
FIMS_29,Dry,2024,TS7,,Tidewater Mojarra,,,4,,,,c,119,8.6,30.6,8.3,1.2,14354,3,,,1:48,2:06
FIMS_29,Dry,2024,TS7,,Tidewater Mojarra,,,4,,,,c,119,8.6,30.6,8.3,1.2,14354,3,,,1:48,2:06
FIMS_29,Dry,2024,TS7,,Tidewater Mojarra,,,4,,,,c,119,8.6,30.6,8.3,1.2,14354,3,,,1:48,2:06
FIMS_29,Dry,2024,TS7,,Tidewater Mojarra,,,4,,,,c,119,8.6,30.6,8.3,1.2,14354,3,,,1:48,2:06
FIMS_29,Dry,2024,TS7,,Tidewater Mojarra,,,4,,,,c,119,8.6,30.6,8.3,1.2,14354,3,,,1:48,2:06
FIMS_29,Dry,2024,TS7,,Tidewater Mojarra,,,4,,,,c,119,8.6,30.6,8.3,1.2,14354,3,,,1:48,2:06
FIMS_29,Dry,2024,TS7,,Tidewater Mojarra,,,4,,,,c,119,8.6,30.6,8.3,1.2,14354,3,,,1:48,2:06
FIMS_29,Dry,2024,TS7,,Tidewater Mojarra,,,4,,,,c,119,8.6,30.6,8.3,1.2,14354,3,,,1:48,2:06
FIMS_29,Dry,2024,TS7,,Tidewater Mojarra,,,4,,,,c,119,8.6,30.6,8.3,1.2,14354,3,,,1:48,2:06
FIMS_29,Dry,2024,TS7,,Tidewater Mojarra,,,4,,,,c,119,8.6,30.6,8.3,1.2,14354,3,,,1:48,2:06
FIMS_29,Dry,2024,TS7,,Tidewater Mojarra,,,4,,,,c,119,8.6,30.6,8.3,1.2,14354,3,,,1:48,2:06
FIMS_29,Dry,2024,TS7,,Tidewater Mojarra,,,4,,,,c,119,8.6,30.6,8.3,1.2,14354,3,,,1:48,2:06
FIMS_29,Dry,2024,TS7,,Tidewater Mojarra,,,4,,,,c,119,8.6,30.6,8.3,1.2,14354,3,,,1:48,2:06
FIMS_29,Dry,2024,TS7,,Tidewater Mojarra,,,4,,,,c,119,8.6,30.6,8.3,1.2,14354,3,,,1:48,2:06
FIMS_29,Dry,2024,TS7,,Tidewater Mojarra,,,4,,,,c,119,8.6,30.6,8.3,1.2,14354,3,,,1:48,2:06
FIMS_29,Dry,2024,TS7,,Tidewater Mojarra,,,4,,,,c,119,8.6,30.6,8.3,1.2,14354,3,,,1:48,2:06
FIMS_29,Dry,2024,TS7,,Tidewater Mojarra,,,4,,,,c,119,8.6,30.6,8.3,1.2,14354,3,,,1:48,2:06
FIMS_29,Dry,2024,TS7,,Tidewater Mojarra,,,4,,,,c,119,8.6,30.6,8.3,1.2,14354,3,,,1:48,2:06
FIMS_29,Dry,2024,TS7,,Tidewater Mojarra,,,4,,,,c,119,8.6,30.6,8.3,1.2,14354,3,,,1:48,2:06
FIMS_29,Dry,2024,TS7,,Tidewater Mojarra,,,4,,,,c,119,8.6,30.6,8.3,1.2,14354,3,,,1:48,2:06
FIMS_29,Dry,2024,TS7,,Bay Anchovy,,,4,,5.2,1.1,c,119,8.6,30.6,8.3,1.2,14354,3,,,1:48,2:06
FIMS_29,Dry,2024,TS7,,Bay Anchovy,,,4,,4.1,0.6,c,119,8.6,30.6,8.3,1.2,14354,3,,,1:48,2:06
FIMS_29,Dry,2024,TS7,,Bay Anchovy,,,4,,2.3,0.1,c,119,8.6,30.6,8.3,1.2,14354,3,,,1:48,2:06
FIMS_29,Dry,2024,TS7,,Bay Anchovy,,,4,,3.3,0.5,c,119,8.6,30.6,8.3,1.2,14354,3,,,1:48,2:06
FIMS_29,Dry,2024,TS7,,Bay Anchovy,,,4,,3.8,0.6,c,119,8.6,30.6,8.3,1.2,14354,3,,,1:48,2:06
FIMS_29,Dry,2024,TS7,,Bay Anchovy,,,4,,2.3,0.3,c,119,8.6,30.6,8.3,1.2,14354,3,,,1:48,2:06
FIMS_29,Dry,2024,TS7,,Bay Anchovy,,,4,,4.4,0.7,c,119,8.6,30.6,8.3,1.2,14354,3,,,1:48,2:06
FIMS_29,Dry,2024,TS7,,Bay Anchovy,,,4,,2.9,0.2,c,119,8.6,30.6,8.3,1.2,14354,3,,,1:48,2:06
FIMS_29,Dry,2024,TS7,,Bay Anchovy,,,4,,3.4,0.4,c,119,8.6,30.6,8.3,1.2,14354,3,,,1:48,2:06
FIMS_29,Dry,2024,TS7,,Bay Anchovy,,,4,,3.1,0.3,c,119,8.6,30.6,8.3,1.2,14354,3,,,1:48,2:06
FIMS_29,Dry,2024,TS7,,Bay Anchovy,,,4,,3.4,0.5,c,119,8.6,30.6,8.3,1.2,14354,3,,,1:48,2:06
FIMS_29,Dry,2024,TS7,,Bay Anchovy,,,4,,2.6,0.2,c,119,8.6,30.6,8.3,1.2,14354,3,,,1:48,2:06
FIMS_29,Dry,2024,TS7,,Bay Anchovy,,,4,,2.7,0.2,c,119,8.6,30.6,8.3,1.2,14354,3,,,1:48,2:06
FIMS_29,Dry,2024,TS7,,Bay Anchovy,,,4,,3.4,0.4,c,119,8.6,30.6,8.3,1.2,14354,3,,,1:48,2:06
FIMS_29,Dry,2024,TS7,,Bay Anchovy,,,4,,2.6,0.2,c,119,8.6,30.6,8.3,1.2,14354,3,,,1:48,2:06
FIMS_29,Dry,2024,TS7,,Bay Anchovy,,,4,,3.3,0.2,c,119,8.6,30.6,8.3,1.2,14354,3,,,1:48,2:06
FIMS_29,Dry,2024,TS7,,Bay Anchovy,,,4,,4.2,0.7,c,119,8.6,30.6,8.3,1.2,14354,3,,,1:48,2:06
FIMS_29,Dry,2024,TS7,,Bay Anchovy,,,4,,3.2,0.3,c,119,8.6,30.6,8.3,1.2,14354,3,,,1:48,2:06
FIMS_29,Dry,2024,TS7,,Bay Anchovy,,,4,,3.3,0.4,c,119,8.6,30.6,8.3,1.2,14354,3,,,1:48,2:06
FIMS_29,Dry,2024,TS7,,Bay Anchovy,,,4,,2.8,0.2,c,119,8.6,30.6,8.3,1.2,14354,3,,,1:48,2:06
FIMS_29,Dry,2024,TS7,,Bay Anchovy,,,4,,3.7,0.6,c,119,8.6,30.6,8.3,1.2,14354,3,,,1:48,2:06
FIMS_29,Dry,2024,TS7,,Bay Anchovy,,,4,,3.9,0.6,c,119,8.6,30.6,8.3,1.2,14354,3,,,1:48,2:06
FIMS_29,Dry,2024,TS7,,Bay Anchovy,,,4,,4.4,0.7,c,119,8.6,30.6,8.3,1.2,14354,3,,,1:48,2:06
FIMS_29,Dry,2024,TS7,,Bay Anchovy,,,4,,3,0.3,c,119,8.6,30.6,8.3,1.2,14354,3,,,1:48,2:06
FIMS_29,Dry,2024,TS7,,Bay Anchovy,,,4,,3.3,0.3,c,119,8.6,30.6,8.3,1.2,14354,3,,,1:48,2:06
FIMS_29,Dry,2024,TS7,,Bay Anchovy,,,4,,2.8,0.2,c,119,8.6,30.6,8.3,1.2,14354,3,,,1:48,2:06
FIMS_29,Dry,2024,TS7,,Bay Anchovy,,,4,,3.9,0.5,c,119,8.6,30.6,8.3,1.2,14354,3,,,1:48,2:06
FIMS_29,Dry,2024,TS7,,Bay Anchovy,,,4,,3.1,0.2,c,119,8.6,30.6,8.3,1.2,14354,3,,,1:48,2:06
FIMS_29,Dry,2024,TS7,,Bay Anchovy,,,4,,2.9,0.2,c,119,8.6,30.6,8.3,1.2,14354,3,,,1:48,2:06
FIMS_29,Dry,2024,TS7,,Bay Anchovy,,,4,,3.9,0.6,c,119,8.6,30.6,8.3,1.2,14354,3,,,1:48,2:06
FIMS_29,Dry,2024,TS7,,Bay Anchovy,,,4,,2.8,0.2,c,119,8.6,30.6,8.3,1.2,14354,3,,,1:48,2:06
FIMS_29,Dry,2024,TS7,,Bay Anchovy,,,4,,2.9,0.2,c,119,8.6,30.6,8.3,1.2,14354,3,,,1:48,2:06
FIMS_29,Dry,2024,TS7,,Bay Anchovy,,,4,,3.5,0.4,c,119,8.6,30.6,8.3,1.2,14354,3,,,1:48,2:06
FIMS_29,Dry,2024,TS7,,Bay Anchovy,,,4,,3.6,0.3,c,119,8.6,30.6,8.3,1.2,14354,3,,,1:48,2:06
FIMS_29,Dry,2024,TS7,,Bay Anchovy,,,4,,2.9,0.1,c,119,8.6,30.6,8.3,1.2,14354,3,,,1:48,2:06
FIMS_29,Dry,2024,TS7,,Bay Anchovy,,,4,,3.5,0.4,c,119,8.6,30.6,8.3,1.2,14354,3,,,1:48,2:06
FIMS_29,Dry,2024,TS7,,Bay Anchovy,,,4,,3.2,0.3,c,119,8.6,30.6,8.3,1.2,14354,3,,,1:48,2:06
FIMS_29,Dry,2024,TS7,,Bay Anchovy,,,4,,3.4,0.5,c,119,8.6,30.6,8.3,1.2,14354,3,,,1:48,2:06
FIMS_29,Dry,2024,TS7,,Bay Anchovy,,,4,,3.5,0.4,c,119,8.6,30.6,8.3,1.2,14354,3,,,1:48,2:06
FIMS_29,Dry,2024,TS7,,Bay Anchovy,,,4,,3,0.2,c,119,8.6,30.6,8.3,1.2,14354,3,,,1:48,2:06
FIMS_29,Dry,2024,TS7,,Bay Anchovy,,,4,,,,c,119,8.6,30.6,8.3,1.2,14354,3,,,1:48,2:06
FIMS_29,Dry,2024,TS7,,Bay Anchovy,,,4,,,,c,119,8.6,30.6,8.3,1.2,14354,3,,,1:48,2:06
FIMS_29,Dry,2024,TS7,,Bay Anchovy,,,4,,,,c,119,8.6,30.6,8.3,1.2,14354,3,,,1:48,2:06
FIMS_29,Dry,2024,TS7,,Bay Anchovy,,,4,,,,c,119,8.6,30.6,8.3,1.2,14354,3,,,1:48,2:06
FIMS_29,Dry,2024,TS7,,Bay Anchovy,,,4,,,,c,119,8.6,30.6,8.3,1.2,14354,3,,,1:48,2:06
FIMS_29,Dry,2024,TS7,,Bay Anchovy,,,4,,,,c,119,8.6,30.6,8.3,1.2,14354,3,,,1:48,2:06
FIMS_29,Dry,2024,TS7,,Bay Anchovy,,,4,,,,c,119,8.6,30.6,8.3,1.2,14354,3,,,1:48,2:06
FIMS_29,Dry,2024,TS7,,Bay Anchovy,,,4,,,,c,119,8.6,30.6,8.3,1.2,14354,3,,,1:48,2:06
FIMS_29,Dry,2024,TS7,,Bay Anchovy,,,4,,,,c,119,8.6,30.6,8.3,1.2,14354,3,,,1:48,2:06
FIMS_29,Dry,2024,TS7,,Bay Anchovy,,,4,,,,c,119,8.6,30.6,8.3,1.2,14354,3,,,1:48,2:06
FIMS_29,Dry,2024,TS7,,Bay Anchovy,,,4,,,,c,119,8.6,30.6,8.3,1.2,14354,3,,,1:48,2:06
FIMS_29,Dry,2024,TS7,,Bay Anchovy,,,4,,,,c,119,8.6,30.6,8.3,1.2,14354,3,,,1:48,2:06
FIMS_29,Dry,2024,TS7,,Bay Anchovy,,,4,,,,c,119,8.6,30.6,8.3,1.2,14354,3,,,1:48,2:06
FIMS_29,Dry,2024,TS7,,Bay Anchovy,,,4,,,,c,119,8.6,30.6,8.3,1.2,14354,3,,,1:48,2:06
FIMS_29,Dry,2024,TS7,,Bay Anchovy,,,4,,,,c,119,8.6,30.6,8.3,1.2,14354,3,,,1:48,2:06
FIMS_29,Dry,2024,TS7,,Bay Anchovy,,,4,,,,c,119,8.6,30.6,8.3,1.2,14354,3,,,1:48,2:06
FIMS_29,Dry,2024,TS7,,Bay Anchovy,,,4,,,,c,119,8.6,30.6,8.3,1.2,14354,3,,,1:48,2:06
FIMS_29,Dry,2024,TS7,,Bay Anchovy,,,4,,,,c,119,8.6,30.6,8.3,1.2,14354,3,,,1:48,2:06
FIMS_29,Dry,2024,TS7,,Bay Anchovy,,,4,,,,c,119,8.6,30.6,8.3,1.2,14354,3,,,1:48,2:06
FIMS_29,Dry,2024,TS7,,Bay Anchovy,,,4,,,,c,119,8.6,30.6,8.3,1.2,14354,3,,,1:48,2:06
FIMS_29,Dry,2024,TS7,,Bay Anchovy,,,4,,,,c,119,8.6,30.6,8.3,1.2,14354,3,,,1:48,2:06
FIMS_29,Dry,2024,TS7,,Bay Anchovy,,,4,,,,c,119,8.6,30.6,8.3,1.2,14354,3,,,1:48,2:06
FIMS_29,Dry,2024,TS7,,Bay Anchovy,,,4,,,,c,119,8.6,30.6,8.3,1.2,14354,3,,,1:48,2:06
FIMS_29,Dry,2024,TS7,,Bay Anchovy,,,4,,,,c,119,8.6,30.6,8.3,1.2,14354,3,,,1:48,2:06
FIMS_29,Dry,2024,TS7,,Bay Anchovy,,,4,,,,c,119,8.6,30.6,8.3,1.2,14354,3,,,1:48,2:06
FIMS_29,Dry,2024,TS7,,Bay Anchovy,,,4,,,,c,119,8.6,30.6,8.3,1.2,14354,3,,,1:48,2:06
FIMS_29,Dry,2024,TS7,,Bay Anchovy,,,4,,,,c,119,8.6,30.6,8.3,1.2,14354,3,,,1:48,2:06
FIMS_29,Dry,2024,TS7,,Bay Anchovy,,,4,,,,c,119,8.6,30.6,8.3,1.2,14354,3,,,1:48,2:06
FIMS_29,Dry,2024,TS7,,Bay Anchovy,,,4,,,,c,119,8.6,30.6,8.3,1.2,14354,3,,,1:48,2:06
FIMS_29,Dry,2024,TS7,,Bay Anchovy,,,4,,,,c,119,8.6,30.6,8.3,1.2,14354,3,,,1:48,2:06
FIMS_29,Dry,2024,TS7,,Bay Anchovy,,,4,,,,c,119,8.6,30.6,8.3,1.2,14354,3,,,1:48,2:06
FIMS_29,Dry,2024,TS7,,Bay Anchovy,,,4,,,,c,119,8.6,30.6,8.3,1.2,14354,3,,,1:48,2:06
FIMS_29,Dry,2024,TS7,,Bay Anchovy,,,4,,,,c,119,8.6,30.6,8.3,1.2,14354,3,,,1:48,2:06
FIMS_29,Dry,2024,TS7,,Bay Anchovy,,,4,,,,c,119,8.6,30.6,8.3,1.2,14354,3,,,1:48,2:06
FIMS_29,Dry,2024,TS7,,Bay Anchovy,,,4,,,,c,119,8.6,30.6,8.3,1.2,14354,3,,,1:48,2:06
FIMS_29,Dry,2024,TS7,,Bay Anchovy,,,4,,,,c,119,8.6,30.6,8.3,1.2,14354,3,,,1:48,2:06
FIMS_29,Dry,2024,TS7,,Bay Anchovy,,,4,,,,c,119,8.6,30.6,8.3,1.2,14354,3,,,1:48,2:06
FIMS_29,Dry,2024,TS7,,Bay Anchovy,,,4,,,,c,119,8.6,30.6,8.3,1.2,14354,3,,,1:48,2:06
FIMS_29,Dry,2024,TS7,,Bay Anchovy,,,4,,,,c,119,8.6,30.6,8.3,1.2,14354,3,,,1:48,2:06
FIMS_29,Dry,2024,TS7,,Bay Anchovy,,,4,,,,c,119,8.6,30.6,8.3,1.2,14354,3,,,1:48,2:06
FIMS_29,Dry,2024,TS7,,Bay Anchovy,,,4,,,,c,119,8.6,30.6,8.3,1.2,14354,3,,,1:48,2:06
FIMS_29,Dry,2024,TS7,,Bay Anchovy,,,4,,,,c,119,8.6,30.6,8.3,1.2,14354,3,,,1:48,2:06
FIMS_29,Dry,2024,TS7,,Bay Anchovy,,,4,,,,c,119,8.6,30.6,8.3,1.2,14354,3,,,1:48,2:06
FIMS_29,Dry,2024,TS7,,Bay Anchovy,,,4,,,,c,119,8.6,30.6,8.3,1.2,14354,3,,,1:48,2:06
FIMS_29,Dry,2024,TS7,,Bay Anchovy,,,4,,,,c,119,8.6,30.6,8.3,1.2,14354,3,,,1:48,2:06
FIMS_29,Dry,2024,TS7,,Bay Anchovy,,,4,,,,c,119,8.6,30.6,8.3,1.2,14354,3,,,1:48,2:06
FIMS_29,Dry,2024,TS7,,Bay Anchovy,,,4,,,,c,119,8.6,30.6,8.3,1.2,14354,3,,,1:48,2:06
FIMS_29,Dry,2024,TS7,,Bay Anchovy,,,4,,,,c,119,8.6,30.6,8.3,1.2,14354,3,,,1:48,2:06
FIMS_29,Dry,2024,TS7,,Bay Anchovy,,,4,,,,c,119,8.6,30.6,8.3,1.2,14354,3,,,1:48,2:06
FIMS_29,Dry,2024,TS7,,Bay Anchovy,,,4,,,,c,119,8.6,30.6,8.3,1.2,14354,3,,,1:48,2:06
FIMS_29,Dry,2024,TS7,,Bay Anchovy,,,4,,,,c,119,8.6,30.6,8.3,1.2,14354,3,,,1:48,2:06
FIMS_29,Dry,2024,TS7,,Bay Anchovy,,,4,,,,c,119,8.6,30.6,8.3,1.2,14354,3,,,1:48,2:06
FIMS_29,Dry,2024,TS7,,Bay Anchovy,,,4,,,,c,119,8.6,30.6,8.3,1.2,14354,3,,,1:48,2:06
FIMS_29,Dry,2024,TS7,,Bay Anchovy,,,4,,,,c,119,8.6,30.6,8.3,1.2,14354,3,,,1:48,2:06
FIMS_29,Dry,2024,TS7,,Bay Anchovy,,,4,,,,c,119,8.6,30.6,8.3,1.2,14354,3,,,1:48,2:06
FIMS_29,Dry,2024,TS7,,Bay Anchovy,,,4,,,,c,119,8.6,30.6,8.3,1.2,14354,3,,,1:48,2:06
FIMS_29,Dry,2024,TS7,,Bay Anchovy,,,4,,,,c,119,8.6,30.6,8.3,1.2,14354,3,,,1:48,2:06
FIMS_29,Dry,2024,TS7,,Bay Anchovy,,,4,,,,c,119,8.6,30.6,8.3,1.2,14354,3,,,1:48,2:06
FIMS_29,Dry,2024,TS7,,Bay Anchovy,,,4,,,,c,119,8.6,30.6,8.3,1.2,14354,3,,,1:48,2:06
FIMS_29,Dry,2024,TS7,,Bay Anchovy,,,4,,,,c,119,8.6,30.6,8.3,1.2,14354,3,,,1:48,2:06
FIMS_29,Dry,2024,TS7,,Bay Anchovy,,,4,,,,c,119,8.6,30.6,8.3,1.2,14354,3,,,1:48,2:06
FIMS_29,Dry,2024,TS7,,Bay Anchovy,,,4,,,,c,119,8.6,30.6,8.3,1.2,14354,3,,,1:48,2:06
FIMS_29,Dry,2024,TS7,,Bay Anchovy,,,4,,,,c,119,8.6,30.6,8.3,1.2,14354,3,,,1:48,2:06
FIMS_29,Dry,2024,TS7,,Bay Anchovy,,,4,,,,c,119,8.6,30.6,8.3,1.2,14354,3,,,1:48,2:06
FIMS_29,Dry,2024,TS7,,Bay Anchovy,,,4,,,,c,119,8.6,30.6,8.3,1.2,14354,3,,,1:48,2:06
FIMS_29,Dry,2024,TS7,,Bay Anchovy,,,4,,,,c,119,8.6,30.6,8.3,1.2,14354,3,,,1:48,2:06
FIMS_29,Dry,2024,TS7,,Bay Anchovy,,,4,,,,c,119,8.6,30.6,8.3,1.2,14354,3,,,1:48,2:06
FIMS_29,Dry,2024,TS7,,Bay Anchovy,,,4,,,,c,119,8.6,30.6,8.3,1.2,14354,3,,,1:48,2:06
FIMS_29,Dry,2024,TS7,,Bay Anchovy,,,4,,,,c,119,8.6,30.6,8.3,1.2,14354,3,,,1:48,2:06
FIMS_29,Dry,2024,TS7,,Bay Anchovy,,,4,,,,c,119,8.6,30.6,8.3,1.2,14354,3,,,1:48,2:06
FIMS_29,Dry,2024,TS7,,Bay Anchovy,,,4,,,,c,119,8.6,30.6,8.3,1.2,14354,3,,,1:48,2:06
FIMS_29,Dry,2024,TS7,,Bay Anchovy,,,4,,,,c,119,8.6,30.6,8.3,1.2,14354,3,,,1:48,2:06
FIMS_29,Dry,2024,TS7,,Bay Anchovy,,,4,,,,c,119,8.6,30.6,8.3,1.2,14354,3,,,1:48,2:06
FIMS_29,Dry,2024,TS7,,Bay Anchovy,,,4,,,,c,119,8.6,30.6,8.3,1.2,14354,3,,,1:48,2:06
FIMS_29,Dry,2024,TS7,,Bay Anchovy,,,4,,,,c,119,8.6,30.6,8.3,1.2,14354,3,,,1:48,2:06
FIMS_29,Dry,2024,TS7,,Bay Anchovy,,,4,,,,c,119,8.6,30.6,8.3,1.2,14354,3,,,1:48,2:06
FIMS_29,Dry,2024,TS7,,Bay Anchovy,,,4,,,,c,119,8.6,30.6,8.3,1.2,14354,3,,,1:48,2:06
FIMS_29,Dry,2024,TS7,,Bay Anchovy,,,4,,,,c,119,8.6,30.6,8.3,1.2,14354,3,,,1:48,2:06
FIMS_29,Dry,2024,TS7,,Bay Anchovy,,,4,,,,c,119,8.6,30.6,8.3,1.2,14354,3,,,1:48,2:06
FIMS_29,Dry,2024,TS7,,Bay Anchovy,,,4,,,,c,119,8.6,30.6,8.3,1.2,14354,3,,,1:48,2:06
FIMS_29,Dry,2024,TS7,,Bay Anchovy,,,4,,,,c,119,8.6,30.6,8.3,1.2,14354,3,,,1:48,2:06
FIMS_29,Dry,2024,TS7,,Bay Anchovy,,,4,,,,c,119,8.6,30.6,8.3,1.2,14354,3,,,1:48,2:06
FIMS_29,Dry,2024,TS7,,Bay Anchovy,,,4,,,,c,119,8.6,30.6,8.3,1.2,14354,3,,,1:48,2:06
FIMS_29,Dry,2024,TS7,,Bay Anchovy,,,4,,,,c,119,8.6,30.6,8.3,1.2,14354,3,,,1:48,2:06
FIMS_29,Dry,2024,TS7,,Bay Anchovy,,,4,,,,c,119,8.6,30.6,8.3,1.2,14354,3,,,1:48,2:06
FIMS_29,Dry,2024,TS7,,Bay Anchovy,,,4,,,,c,119,8.6,30.6,8.3,1.2,14354,3,,,1:48,2:06
FIMS_29,Dry,2024,TS7,,Bay Anchovy,,,4,,,,c,119,8.6,30.6,8.3,1.2,14354,3,,,1:48,2:06
FIMS_29,Dry,2024,TS7,,Bay Anchovy,,,4,,,,c,119,8.6,30.6,8.3,1.2,14354,3,,,1:48,2:06
FIMS_29,Dry,2024,TS7,,Bay Anchovy,,,4,,,,c,119,8.6,30.6,8.3,1.2,14354,3,,,1:48,2:06
FIMS_29,Dry,2024,TS7,,Bay Anchovy,,,4,,,,c,119,8.6,30.6,8.3,1.2,14354,3,,,1:48,2:06
FIMS_29,Dry,2024,TS7,,Bay Anchovy,,,4,,,,c,119,8.6,30.6,8.3,1.2,14354,3,,,1:48,2:06
FIMS_29,Dry,2024,TS7,,Bay Anchovy,,,4,,,,c,119,8.6,30.6,8.3,1.2,14354,3,,,1:48,2:06
FIMS_29,Dry,2024,TS7,,Bay Anchovy,,,4,,,,c,119,8.6,30.6,8.3,1.2,14354,3,,,1:48,2:06
FIMS_29,Dry,2024,TS7,,Bay Anchovy,,,4,,,,c,119,8.6,30.6,8.3,1.2,14354,3,,,1:48,2:06
FIMS_29,Dry,2024,TS7,,Bay Anchovy,,,4,,,,c,119,8.6,30.6,8.3,1.2,14354,3,,,1:48,2:06
FIMS_29,Dry,2024,TS7,,Bay Anchovy,,,4,,,,c,119,8.6,30.6,8.3,1.2,14354,3,,,1:48,2:06
FIMS_29,Dry,2024,TS7,,Bay Anchovy,,,4,,,,c,119,8.6,30.6,8.3,1.2,14354,3,,,1:48,2:06
FIMS_29,Dry,2024,TS7,,Bay Anchovy,,,4,,,,c,119,8.6,30.6,8.3,1.2,14354,3,,,1:48,2:06
FIMS_29,Dry,2024,TS7,,Bay Anchovy,,,4,,,,c,119,8.6,30.6,8.3,1.2,14354,3,,,1:48,2:06
FIMS_29,Dry,2024,TS7,,Bay Anchovy,,,4,,,,c,119,8.6,30.6,8.3,1.2,14354,3,,,1:48,2:06
FIMS_29,Dry,2024,TS7,,Bay Anchovy,,,4,,,,c,119,8.6,30.6,8.3,1.2,14354,3,,,1:48,2:06
FIMS_29,Dry,2024,TS7,,Bay Anchovy,,,4,,,,c,119,8.6,30.6,8.3,1.2,14354,3,,,1:48,2:06
FIMS_29,Dry,2024,TS7,,Bay Anchovy,,,4,,,,c,119,8.6,30.6,8.3,1.2,14354,3,,,1:48,2:06
FIMS_29,Dry,2024,TS7,,Bay Anchovy,,,4,,,,c,119,8.6,30.6,8.3,1.2,14354,3,,,1:48,2:06
FIMS_29,Dry,2024,TS7,,Bay Anchovy,,,4,,,,c,119,8.6,30.6,8.3,1.2,14354,3,,,1:48,2:06
FIMS_29,Dry,2024,TS7,,Bay Anchovy,,,4,,,,c,119,8.6,30.6,8.3,1.2,14354,3,,,1:48,2:06
FIMS_29,Dry,2024,TS7,,Bay Anchovy,,,4,,,,c,119,8.6,30.6,8.3,1.2,14354,3,,,1:48,2:06
FIMS_29,Dry,2024,TS7,,Bay Anchovy,,,4,,,,c,119,8.6,30.6,8.3,1.2,14354,3,,,1:48,2:06
FIMS_29,Dry,2024,TS7,,Bay Anchovy,,,4,,,,c,119,8.6,30.6,8.3,1.2,14354,3,,,1:48,2:06
FIMS_29,Dry,2024,TS7,,Bay Anchovy,,,4,,,,c,119,8.6,30.6,8.3,1.2,14354,3,,,1:48,2:06
FIMS_29,Dry,2024,TS7,,Bay Anchovy,,,4,,,,c,119,8.6,30.6,8.3,1.2,14354,3,,,1:48,2:06
FIMS_29,Dry,2024,TS7,,Bay Anchovy,,,4,,,,c,119,8.6,30.6,8.3,1.2,14354,3,,,1:48,2:06
FIMS_29,Dry,2024,TS7,,Bay Anchovy,,,4,,,,c,119,8.6,30.6,8.3,1.2,14354,3,,,1:48,2:06
FIMS_29,Dry,2024,TS7,,Bay Anchovy,,,4,,,,c,119,8.6,30.6,8.3,1.2,14354,3,,,1:48,2:06
FIMS_29,Dry,2024,TS7,,Bay Anchovy,,,4,,,,c,119,8.6,30.6,8.3,1.2,14354,3,,,1:48,2:06
FIMS_29,Dry,2024,TS7,,Bay Anchovy,,,4,,,,c,119,8.6,30.6,8.3,1.2,14354,3,,,1:48,2:06
FIMS_29,Dry,2024,TS7,,Bay Anchovy,,,4,,,,c,119,8.6,30.6,8.3,1.2,14354,3,,,1:48,2:06
FIMS_29,Dry,2024,TS7,,Bay Anchovy,,,4,,,,c,119,8.6,30.6,8.3,1.2,14354,3,,,1:48,2:06
FIMS_29,Dry,2024,TS7,,Bay Anchovy,,,4,,,,c,119,8.6,30.6,8.3,1.2,14354,3,,,1:48,2:06
FIMS_29,Dry,2024,TS7,,Bay Anchovy,,,4,,,,c,119,8.6,30.6,8.3,1.2,14354,3,,,1:48,2:06
FIMS_29,Dry,2024,TS7,,Bay Anchovy,,,4,,,,c,119,8.6,30.6,8.3,1.2,14354,3,,,1:48,2:06
FIMS_29,Dry,2024,TS7,,Bay Anchovy,,,4,,,,c,119,8.6,30.6,8.3,1.2,14354,3,,,1:48,2:06
FIMS_29,Dry,2024,TS7,,Bay Anchovy,,,4,,,,c,119,8.6,30.6,8.3,1.2,14354,3,,,1:48,2:06
FIMS_29,Dry,2024,TS7,,Bay Anchovy,,,4,,,,c,119,8.6,30.6,8.3,1.2,14354,3,,,1:48,2:06
FIMS_29,Dry,2024,TS7,,Bay Anchovy,,,4,,,,c,119,8.6,30.6,8.3,1.2,14354,3,,,1:48,2:06
FIMS_29,Dry,2024,TS7,,Bay Anchovy,,,4,,,,c,119,8.6,30.6,8.3,1.2,14354,3,,,1:48,2:06
FIMS_29,Dry,2024,TS7,,Bay Anchovy,,,4,,,,c,119,8.6,30.6,8.3,1.2,14354,3,,,1:48,2:06
FIMS_29,Dry,2024,TS7,,Bay Anchovy,,,4,,,,c,119,8.6,30.6,8.3,1.2,14354,3,,,1:48,2:06
FIMS_29,Dry,2024,TS7,,Bay Anchovy,,,4,,,,c,119,8.6,30.6,8.3,1.2,14354,3,,,1:48,2:06
FIMS_29,Dry,2024,TS7,,Bay Anchovy,,,4,,,,c,119,8.6,30.6,8.3,1.2,14354,3,,,1:48,2:06
FIMS_29,Dry,2024,TS7,,Bay Anchovy,,,4,,,,c,119,8.6,30.6,8.3,1.2,14354,3,,,1:48,2:06
FIMS_29,Dry,2024,TS7,,Bay Anchovy,,,4,,,,c,119,8.6,30.6,8.3,1.2,14354,3,,,1:48,2:06
FIMS_29,Dry,2024,TS7,,Bay Anchovy,,,4,,,,c,119,8.6,30.6,8.3,1.2,14354,3,,,1:48,2:06
FIMS_29,Dry,2024,TS7,,Bay Anchovy,,,4,,,,c,119,8.6,30.6,8.3,1.2,14354,3,,,1:48,2:06
FIMS_29,Dry,2024,TS7,,Bay Anchovy,,,4,,,,c,119,8.6,30.6,8.3,1.2,14354,3,,,1:48,2:06
FIMS_29,Dry,2024,TS7,,Bay Anchovy,,,4,,,,c,119,8.6,30.6,8.3,1.2,14354,3,,,1:48,2:06
FIMS_29,Dry,2024,TS7,,Bay Anchovy,,,4,,,,c,119,8.6,30.6,8.3,1.2,14354,3,,,1:48,2:06
FIMS_29,Dry,2024,TS7,,Bay Anchovy,,,4,,,,c,119,8.6,30.6,8.3,1.2,14354,3,,,1:48,2:06
FIMS_29,Dry,2024,TS7,,Bay Anchovy,,,4,,,,c,119,8.6,30.6,8.3,1.2,14354,3,,,1:48,2:06
FIMS_29,Dry,2024,TS7,,Bay Anchovy,,,4,,,,c,119,8.6,30.6,8.3,1.2,14354,3,,,1:48,2:06
FIMS_29,Dry,2024,TS7,,Bay Anchovy,,,4,,,,c,119,8.6,30.6,8.3,1.2,14354,3,,,1:48,2:06
FIMS_29,Dry,2024,TS7,,Bay Anchovy,,,4,,,,c,119,8.6,30.6,8.3,1.2,14354,3,,,1:48,2:06
FIMS_29,Dry,2024,TS7,,Bay Anchovy,,,4,,,,c,119,8.6,30.6,8.3,1.2,14354,3,,,1:48,2:06
FIMS_29,Dry,2024,TS7,,Bay Anchovy,,,4,,,,c,119,8.6,30.6,8.3,1.2,14354,3,,,1:48,2:06
FIMS_29,Dry,2024,TS7,,Bay Anchovy,,,4,,,,c,119,8.6,30.6,8.3,1.2,14354,3,,,1:48,2:06
FIMS_29,Dry,2024,TS7,,Bay Anchovy,,,4,,,,c,119,8.6,30.6,8.3,1.2,14354,3,,,1:48,2:06
FIMS_29,Dry,2024,TS7,,Bay Anchovy,,,4,,,,c,119,8.6,30.6,8.3,1.2,14354,3,,,1:48,2:06
FIMS_29,Dry,2024,TS7,,Bay Anchovy,,,4,,,,c,119,8.6,30.6,8.3,1.2,14354,3,,,1:48,2:06
FIMS_29,Dry,2024,TS7,,Bay Anchovy,,,4,,,,c,119,8.6,30.6,8.3,1.2,14354,3,,,1:48,2:06
FIMS_29,Dry,2024,TS7,,Bay Anchovy,,,4,,,,c,119,8.6,30.6,8.3,1.2,14354,3,,,1:48,2:06
FIMS_29,Dry,2024,TS7,,Bay Anchovy,,,4,,,,c,119,8.6,30.6,8.3,1.2,14354,3,,,1:48,2:06
FIMS_29,Dry,2024,TS7,,Bay Anchovy,,,4,,,,c,119,8.6,30.6,8.3,1.2,14354,3,,,1:48,2:06
FIMS_29,Dry,2024,TS7,,Bay Anchovy,,,4,,,,c,119,8.6,30.6,8.3,1.2,14354,3,,,1:48,2:06
FIMS_29,Dry,2024,TS7,,Bay Anchovy,,,4,,,,c,119,8.6,30.6,8.3,1.2,14354,3,,,1:48,2:06
FIMS_29,Dry,2024,TS7,,Bay Anchovy,,,4,,,,c,119,8.6,30.6,8.3,1.2,14354,3,,,1:48,2:06
FIMS_29,Dry,2024,TS7,,Bay Anchovy,,,4,,,,c,119,8.6,30.6,8.3,1.2,14354,3,,,1:48,2:06
FIMS_29,Dry,2024,TS7,,Bay Anchovy,,,4,,,,c,119,8.6,30.6,8.3,1.2,14354,3,,,1:48,2:06
FIMS_29,Dry,2024,TS7,,Bay Anchovy,,,4,,,,c,119,8.6,30.6,8.3,1.2,14354,3,,,1:48,2:06
FIMS_29,Dry,2024,TS7,,Bay Anchovy,,,4,,,,c,119,8.6,30.6,8.3,1.2,14354,3,,,1:48,2:06
FIMS_29,Dry,2024,TS7,,Bay Anchovy,,,4,,,,c,119,8.6,30.6,8.3,1.2,14354,3,,,1:48,2:06
FIMS_29,Dry,2024,TS7,,Bay Anchovy,,,4,,,,c,119,8.6,30.6,8.3,1.2,14354,3,,,1:48,2:06
FIMS_29,Dry,2024,TS7,,Bay Anchovy,,,4,,,,c,119,8.6,30.6,8.3,1.2,14354,3,,,1:48,2:06
FIMS_29,Dry,2024,TS7,,Bay Anchovy,,,4,,,,c,119,8.6,30.6,8.3,1.2,14354,3,,,1:48,2:06
FIMS_29,Dry,2024,TS7,,Bay Anchovy,,,4,,,,c,119,8.6,30.6,8.3,1.2,14354,3,,,1:48,2:06
FIMS_29,Dry,2024,TS7,,Bay Anchovy,,,4,,,,c,119,8.6,30.6,8.3,1.2,14354,3,,,1:48,2:06
FIMS_29,Dry,2024,TS7,,Bay Anchovy,,,4,,,,c,119,8.6,30.6,8.3,1.2,14354,3,,,1:48,2:06
FIMS_29,Dry,2024,TS7,,Bay Anchovy,,,4,,,,c,119,8.6,30.6,8.3,1.2,14354,3,,,1:48,2:06
FIMS_29,Dry,2024,TS7,,Bay Anchovy,,,4,,,,c,119,8.6,30.6,8.3,1.2,14354,3,,,1:48,2:06
FIMS_29,Dry,2024,TS7,,Bay Anchovy,,,4,,,,c,119,8.6,30.6,8.3,1.2,14354,3,,,1:48,2:06
FIMS_29,Dry,2024,TS7,,Bay Anchovy,,,4,,,,c,119,8.6,30.6,8.3,1.2,14354,3,,,1:48,2:06
FIMS_29,Dry,2024,TS7,,Bay Anchovy,,,4,,,,c,119,8.6,30.6,8.3,1.2,14354,3,,,1:48,2:06
FIMS_29,Dry,2024,TS7,,Bay Anchovy,,,4,,,,c,119,8.6,30.6,8.3,1.2,14354,3,,,1:48,2:06
FIMS_29,Dry,2024,TS7,,Bay Anchovy,,,4,,,,c,119,8.6,30.6,8.3,1.2,14354,3,,,1:48,2:06
FIMS_29,Dry,2024,TS7,,Bay Anchovy,,,4,,,,c,119,8.6,30.6,8.3,1.2,14354,3,,,1:48,2:06
FIMS_29,Dry,2024,TS7,,Bay Anchovy,,,4,,,,c,119,8.6,30.6,8.3,1.2,14354,3,,,1:48,2:06
FIMS_29,Dry,2024,TS7,,Bay Anchovy,,,4,,,,c,119,8.6,30.6,8.3,1.2,14354,3,,,1:48,2:06
FIMS_29,Dry,2024,TS7,,Bay Anchovy,,,4,,,,c,119,8.6,30.6,8.3,1.2,14354,3,,,1:48,2:06
FIMS_29,Dry,2024,TS7,,Bay Anchovy,,,4,,,,c,119,8.6,30.6,8.3,1.2,14354,3,,,1:48,2:06
FIMS_29,Dry,2024,TS7,,Bay Anchovy,,,4,,,,c,119,8.6,30.6,8.3,1.2,14354,3,,,1:48,2:06
FIMS_29,Dry,2024,TS7,,Bay Anchovy,,,4,,,,c,119,8.6,30.6,8.3,1.2,14354,3,,,1:48,2:06
FIMS_29,Dry,2024,TS7,,Bay Anchovy,,,4,,,,c,119,8.6,30.6,8.3,1.2,14354,3,,,1:48,2:06
FIMS_29,Dry,2024,TS7,,Bay Anchovy,,,4,,,,c,119,8.6,30.6,8.3,1.2,14354,3,,,1:48,2:06
FIMS_29,Dry,2024,TS7,,Bay Anchovy,,,4,,,,c,119,8.6,30.6,8.3,1.2,14354,3,,,1:48,2:06
FIMS_29,Dry,2024,TS7,,Bay Anchovy,,,4,,,,c,119,8.6,30.6,8.3,1.2,14354,3,,,1:48,2:06
FIMS_29,Dry,2024,TS7,,Bay Anchovy,,,4,,,,c,119,8.6,30.6,8.3,1.2,14354,3,,,1:48,2:06
FIMS_29,Dry,2024,TS7,,Bay Anchovy,,,4,,,,c,119,8.6,30.6,8.3,1.2,14354,3,,,1:48,2:06
FIMS_29,Dry,2024,TS7,,Bay Anchovy,,,4,,,,c,119,8.6,30.6,8.3,1.2,14354,3,,,1:48,2:06
FIMS_29,Dry,2024,TS7,,Bay Anchovy,,,4,,,,c,119,8.6,30.6,8.3,1.2,14354,3,,,1:48,2:06
FIMS_29,Dry,2024,TS7,,Bay Anchovy,,,4,,,,c,119,8.6,30.6,8.3,1.2,14354,3,,,1:48,2:06
FIMS_29,Dry,2024,TS7,,Bay Anchovy,,,4,,,,c,119,8.6,30.6,8.3,1.2,14354,3,,,1:48,2:06
FIMS_29,Dry,2024,TS7,,Bay Anchovy,,,4,,,,c,119,8.6,30.6,8.3,1.2,14354,3,,,1:48,2:06
FIMS_29,Dry,2024,TS7,,Bay Anchovy,,,4,,,,c,119,8.6,30.6,8.3,1.2,14354,3,,,1:48,2:06
FIMS_29,Dry,2024,TS7,,Bay Anchovy,,,4,,,,c,119,8.6,30.6,8.3,1.2,14354,3,,,1:48,2:06
FIMS_29,Dry,2024,TS7,,Bay Anchovy,,,4,,,,c,119,8.6,30.6,8.3,1.2,14354,3,,,1:48,2:06
FIMS_29,Dry,2024,TS7,,Bay Anchovy,,,4,,,,c,119,8.6,30.6,8.3,1.2,14354,3,,,1:48,2:06
FIMS_29,Dry,2024,TS7,,Bay Anchovy,,,4,,,,c,119,8.6,30.6,8.3,1.2,14354,3,,,1:48,2:06
FIMS_29,Dry,2024,TS7,,Bay Anchovy,,,4,,,,c,119,8.6,30.6,8.3,1.2,14354,3,,,1:48,2:06
FIMS_29,Dry,2024,TS7,,Bay Anchovy,,,4,,,,c,119,8.6,30.6,8.3,1.2,14354,3,,,1:48,2:06
FIMS_29,Dry,2024,TS7,,Bay Anchovy,,,4,,,,c,119,8.6,30.6,8.3,1.2,14354,3,,,1:48,2:06
FIMS_29,Dry,2024,TS7,,Bay Anchovy,,,4,,,,c,119,8.6,30.6,8.3,1.2,14354,3,,,1:48,2:06
FIMS_29,Dry,2024,TS7,,Bay Anchovy,,,4,,,,c,119,8.6,30.6,8.3,1.2,14354,3,,,1:48,2:06
FIMS_29,Dry,2024,TS7,,Bay Anchovy,,,4,,,,c,119,8.6,30.6,8.3,1.2,14354,3,,,1:48,2:06
FIMS_29,Dry,2024,TS7,,Bay Anchovy,,,4,,,,c,119,8.6,30.6,8.3,1.2,14354,3,,,1:48,2:06
FIMS_29,Dry,2024,TS7,,Bay Anchovy,,,4,,,,c,119,8.6,30.6,8.3,1.2,14354,3,,,1:48,2:06
FIMS_29,Dry,2024,TS7,,Bay Anchovy,,,4,,,,c,119,8.6,30.6,8.3,1.2,14354,3,,,1:48,2:06
FIMS_29,Dry,2024,TS7,,Bay Anchovy,,,4,,,,c,119,8.6,30.6,8.3,1.2,14354,3,,,1:48,2:06
FIMS_29,Dry,2024,TS7,,Bay Anchovy,,,4,,,,c,119,8.6,30.6,8.3,1.2,14354,3,,,1:48,2:06
FIMS_29,Dry,2024,TS7,,Bay Anchovy,,,4,,,,c,119,8.6,30.6,8.3,1.2,14354,3,,,1:48,2:06
FIMS_29,Dry,2024,TS7,,Bay Anchovy,,,4,,,,c,119,8.6,30.6,8.3,1.2,14354,3,,,1:48,2:06
FIMS_29,Dry,2024,TS7,,Bay Anchovy,,,4,,,,c,119,8.6,30.6,8.3,1.2,14354,3,,,1:48,2:06
FIMS_29,Dry,2024,TS7,,Bay Anchovy,,,4,,,,c,119,8.6,30.6,8.3,1.2,14354,3,,,1:48,2:06
FIMS_29,Dry,2024,TS7,,Bay Anchovy,,,4,,,,c,119,8.6,30.6,8.3,1.2,14354,3,,,1:48,2:06
FIMS_29,Dry,2024,TS7,,Bay Anchovy,,,4,,,,c,119,8.6,30.6,8.3,1.2,14354,3,,,1:48,2:06
FIMS_29,Dry,2024,TS7,,Bay Anchovy,,,4,,,,c,119,8.6,30.6,8.3,1.2,14354,3,,,1:48,2:06
FIMS_29,Dry,2024,TS7,,Bay Anchovy,,,4,,,,c,119,8.6,30.6,8.3,1.2,14354,3,,,1:48,2:06
FIMS_29,Dry,2024,TS7,,Bay Anchovy,,,4,,,,c,119,8.6,30.6,8.3,1.2,14354,3,,,1:48,2:06
FIMS_29,Dry,2024,TS7,,Bay Anchovy,,,4,,,,c,119,8.6,30.6,8.3,1.2,14354,3,,,1:48,2:06
FIMS_29,Dry,2024,TS7,,Bay Anchovy,,,4,,,,c,119,8.6,30.6,8.3,1.2,14354,3,,,1:48,2:06
FIMS_29,Dry,2024,TS7,,Bay Anchovy,,,4,,,,c,119,8.6,30.6,8.3,1.2,14354,3,,,1:48,2:06
FIMS_29,Dry,2024,TS7,,Bay Anchovy,,,4,,,,c,119,8.6,30.6,8.3,1.2,14354,3,,,1:48,2:06
FIMS_29,Dry,2024,TS7,,Bay Anchovy,,,4,,,,c,119,8.6,30.6,8.3,1.2,14354,3,,,1:48,2:06
FIMS_29,Dry,2024,TS7,,Bay Anchovy,,,4,,,,c,119,8.6,30.6,8.3,1.2,14354,3,,,1:48,2:06
FIMS_29,Dry,2024,TS7,,Bay Anchovy,,,4,,,,c,119,8.6,30.6,8.3,1.2,14354,3,,,1:48,2:06
FIMS_29,Dry,2024,TS7,,Bay Anchovy,,,4,,,,c,119,8.6,30.6,8.3,1.2,14354,3,,,1:48,2:06
FIMS_29,Dry,2024,TS7,,Bay Anchovy,,,4,,,,c,119,8.6,30.6,8.3,1.2,14354,3,,,1:48,2:06
FIMS_29,Dry,2024,TS7,,Bay Anchovy,,,4,,,,c,119,8.6,30.6,8.3,1.2,14354,3,,,1:48,2:06
FIMS_29,Dry,2024,TS7,,Bay Anchovy,,,4,,,,c,119,8.6,30.6,8.3,1.2,14354,3,,,1:48,2:06
FIMS_29,Dry,2024,TS7,,Bay Anchovy,,,4,,,,c,119,8.6,30.6,8.3,1.2,14354,3,,,1:48,2:06
FIMS_29,Dry,2024,TS7,,Bay Anchovy,,,4,,,,c,119,8.6,30.6,8.3,1.2,14354,3,,,1:48,2:06
FIMS_29,Dry,2024,TS7,,Bay Anchovy,,,4,,,,c,119,8.6,30.6,8.3,1.2,14354,3,,,1:48,2:06
FIMS_29,Dry,2024,TS7,,Bay Anchovy,,,4,,,,c,119,8.6,30.6,8.3,1.2,14354,3,,,1:48,2:06
FIMS_29,Dry,2024,TS7,,Bay Anchovy,,,4,,,,c,119,8.6,30.6,8.3,1.2,14354,3,,,1:48,2:06
FIMS_29,Dry,2024,TS7,,Bay Anchovy,,,4,,,,c,119,8.6,30.6,8.3,1.2,14354,3,,,1:48,2:06
FIMS_29,Dry,2024,TS7,,Bay Anchovy,,,4,,,,c,119,8.6,30.6,8.3,1.2,14354,3,,,1:48,2:06
FIMS_29,Dry,2024,TS7,,Bay Anchovy,,,4,,,,c,119,8.6,30.6,8.3,1.2,14354,3,,,1:48,2:06
FIMS_29,Dry,2024,TS7,,Bay Anchovy,,,4,,,,c,119,8.6,30.6,8.3,1.2,14354,3,,,1:48,2:06
FIMS_29,Dry,2024,TS7,,Bay Anchovy,,,4,,,,c,119,8.6,30.6,8.3,1.2,14354,3,,,1:48,2:06
FIMS_29,Dry,2024,TS7,,Bay Anchovy,,,4,,,,c,119,8.6,30.6,8.3,1.2,14354,3,,,1:48,2:06
FIMS_29,Dry,2024,TS7,,Bay Anchovy,,,4,,,,c,119,8.6,30.6,8.3,1.2,14354,3,,,1:48,2:06
FIMS_29,Dry,2024,TS7,,Bay Anchovy,,,4,,,,c,119,8.6,30.6,8.3,1.2,14354,3,,,1:48,2:06
FIMS_29,Dry,2024,TS7,,Bay Anchovy,,,4,,,,c,119,8.6,30.6,8.3,1.2,14354,3,,,1:48,2:06
FIMS_29,Dry,2024,TS7,,Bay Anchovy,,,4,,,,c,119,8.6,30.6,8.3,1.2,14354,3,,,1:48,2:06
FIMS_29,Dry,2024,TS7,,Bay Anchovy,,,4,,,,c,119,8.6,30.6,8.3,1.2,14354,3,,,1:48,2:06
FIMS_29,Dry,2024,TS7,,Bay Anchovy,,,4,,,,c,119,8.6,30.6,8.3,1.2,14354,3,,,1:48,2:06
FIMS_29,Dry,2024,TS7,,Bay Anchovy,,,4,,,,c,119,8.6,30.6,8.3,1.2,14354,3,,,1:48,2:06
FIMS_29,Dry,2024,TS7,,Bay Anchovy,,,4,,,,c,119,8.6,30.6,8.3,1.2,14354,3,,,1:48,2:06
FIMS_29,Dry,2024,TS7,,Bay Anchovy,,,4,,,,c,119,8.6,30.6,8.3,1.2,14354,3,,,1:48,2:06
FIMS_29,Dry,2024,TS7,,Bay Anchovy,,,4,,,,c,119,8.6,30.6,8.3,1.2,14354,3,,,1:48,2:06
FIMS_29,Dry,2024,TS7,,Bay Anchovy,,,4,,,,c,119,8.6,30.6,8.3,1.2,14354,3,,,1:48,2:06
FIMS_29,Dry,2024,TS7,,Bay Anchovy,,,4,,,,c,119,8.6,30.6,8.3,1.2,14354,3,,,1:48,2:06
FIMS_29,Dry,2024,TS7,,Bay Anchovy,,,4,,,,c,119,8.6,30.6,8.3,1.2,14354,3,,,1:48,2:06
FIMS_29,Dry,2024,TS7,,Bay Anchovy,,,4,,,,c,119,8.6,30.6,8.3,1.2,14354,3,,,1:48,2:06
FIMS_29,Dry,2024,TS7,,Bay Anchovy,,,4,,,,c,119,8.6,30.6,8.3,1.2,14354,3,,,1:48,2:06
FIMS_29,Dry,2024,TS7,,Bay Anchovy,,,4,,,,c,119,8.6,30.6,8.3,1.2,14354,3,,,1:48,2:06
FIMS_29,Dry,2024,TS7,,Bay Anchovy,,,4,,,,c,119,8.6,30.6,8.3,1.2,14354,3,,,1:48,2:06
FIMS_29,Dry,2024,TS7,,Bay Anchovy,,,4,,,,c,119,8.6,30.6,8.3,1.2,14354,3,,,1:48,2:06
FIMS_29,Dry,2024,TS7,,Bay Anchovy,,,4,,,,c,119,8.6,30.6,8.3,1.2,14354,3,,,1:48,2:06
FIMS_29,Dry,2024,TS7,,Bay Anchovy,,,4,,,,c,119,8.6,30.6,8.3,1.2,14354,3,,,1:48,2:06
FIMS_29,Dry,2024,TS7,,Bay Anchovy,,,4,,,,c,119,8.6,30.6,8.3,1.2,14354,3,,,1:48,2:06
FIMS_29,Dry,2024,TS7,,Bay Anchovy,,,4,,,,c,119,8.6,30.6,8.3,1.2,14354,3,,,1:48,2:06
FIMS_29,Dry,2024,TS7,,Bay Anchovy,,,4,,,,c,119,8.6,30.6,8.3,1.2,14354,3,,,1:48,2:06
FIMS_29,Dry,2024,TS7,,Bay Anchovy,,,4,,,,c,119,8.6,30.6,8.3,1.2,14354,3,,,1:48,2:06
FIMS_29,Dry,2024,TS7,,Bay Anchovy,,,4,,,,c,119,8.6,30.6,8.3,1.2,14354,3,,,1:48,2:06
FIMS_29,Dry,2024,TS7,,Bay Anchovy,,,4,,,,c,119,8.6,30.6,8.3,1.2,14354,3,,,1:48,2:06
FIMS_29,Dry,2024,TS7,,Bay Anchovy,,,4,,,,c,119,8.6,30.6,8.3,1.2,14354,3,,,1:48,2:06
FIMS_29,Dry,2024,TS7,,Bay Anchovy,,,4,,,,c,119,8.6,30.6,8.3,1.2,14354,3,,,1:48,2:06
FIMS_29,Dry,2024,TS7,,Bay Anchovy,,,4,,,,c,119,8.6,30.6,8.3,1.2,14354,3,,,1:48,2:06
FIMS_29,Dry,2024,TS7,,Bay Anchovy,,,4,,,,c,119,8.6,30.6,8.3,1.2,14354,3,,,1:48,2:06
FIMS_29,Dry,2024,TS7,,Bay Anchovy,,,4,,,,c,119,8.6,30.6,8.3,1.2,14354,3,,,1:48,2:06
FIMS_29,Dry,2024,TS7,,Bay Anchovy,,,4,,,,c,119,8.6,30.6,8.3,1.2,14354,3,,,1:48,2:06
FIMS_29,Dry,2024,TS7,,Bay Anchovy,,,4,,,,c,119,8.6,30.6,8.3,1.2,14354,3,,,1:48,2:06
FIMS_29,Dry,2024,TS7,,Bay Anchovy,,,4,,,,c,119,8.6,30.6,8.3,1.2,14354,3,,,1:48,2:06
FIMS_29,Dry,2024,TS7,,Bay Anchovy,,,4,,,,c,119,8.6,30.6,8.3,1.2,14354,3,,,1:48,2:06
FIMS_29,Dry,2024,TS7,,Bay Anchovy,,,4,,,,c,119,8.6,30.6,8.3,1.2,14354,3,,,1:48,2:06
FIMS_29,Dry,2024,TS7,,Bay Anchovy,,,4,,,,c,119,8.6,30.6,8.3,1.2,14354,3,,,1:48,2:06
FIMS_29,Dry,2024,TS7,,Bay Anchovy,,,4,,,,c,119,8.6,30.6,8.3,1.2,14354,3,,,1:48,2:06
FIMS_29,Dry,2024,TS7,,Bay Anchovy,,,4,,,,c,119,8.6,30.6,8.3,1.2,14354,3,,,1:48,2:06
FIMS_29,Dry,2024,TS7,,Bay Anchovy,,,4,,,,c,119,8.6,30.6,8.3,1.2,14354,3,,,1:48,2:06
FIMS_29,Dry,2024,TS7,,Bay Anchovy,,,4,,,,c,119,8.6,30.6,8.3,1.2,14354,3,,,1:48,2:06
FIMS_29,Dry,2024,TS7,,Bay Anchovy,,,4,,,,c,119,8.6,30.6,8.3,1.2,14354,3,,,1:48,2:06
FIMS_29,Dry,2024,TS7,,Bay Anchovy,,,4,,,,c,119,8.6,30.6,8.3,1.2,14354,3,,,1:48,2:06
FIMS_29,Dry,2024,TS7,,Bay Anchovy,,,4,,,,c,119,8.6,30.6,8.3,1.2,14354,3,,,1:48,2:06
FIMS_29,Dry,2024,TS7,,Bay Anchovy,,,4,,,,c,119,8.6,30.6,8.3,1.2,14354,3,,,1:48,2:06
FIMS_29,Dry,2024,TS7,,Bay Anchovy,,,4,,,,c,119,8.6,30.6,8.3,1.2,14354,3,,,1:48,2:06
FIMS_29,Dry,2024,TS7,,Bay Anchovy,,,4,,,,c,119,8.6,30.6,8.3,1.2,14354,3,,,1:48,2:06
FIMS_29,Dry,2024,TS7,,Bay Anchovy,,,4,,,,c,119,8.6,30.6,8.3,1.2,14354,3,,,1:48,2:06
FIMS_29,Dry,2024,TS7,,Bay Anchovy,,,4,,,,c,119,8.6,30.6,8.3,1.2,14354,3,,,1:48,2:06
FIMS_29,Dry,2024,TS7,,Bay Anchovy,,,4,,,,c,119,8.6,30.6,8.3,1.2,14354,3,,,1:48,2:06
FIMS_29,Dry,2024,TS7,,Bay Anchovy,,,4,,,,c,119,8.6,30.6,8.3,1.2,14354,3,,,1:48,2:06
FIMS_29,Dry,2024,TS7,,Bay Anchovy,,,4,,,,c,119,8.6,30.6,8.3,1.2,14354,3,,,1:48,2:06
FIMS_29,Dry,2024,TS7,,Bay Anchovy,,,4,,,,c,119,8.6,30.6,8.3,1.2,14354,3,,,1:48,2:06
FIMS_29,Dry,2024,TS7,,Bay Anchovy,,,4,,,,c,119,8.6,30.6,8.3,1.2,14354,3,,,1:48,2:06
FIMS_29,Dry,2024,TS7,,Bay Anchovy,,,4,,,,c,119,8.6,30.6,8.3,1.2,14354,3,,,1:48,2:06
FIMS_29,Dry,2024,TS7,,Bay Anchovy,,,4,,,,c,119,8.6,30.6,8.3,1.2,14354,3,,,1:48,2:06
FIMS_29,Dry,2024,TS7,,Bay Anchovy,,,4,,,,c,119,8.6,30.6,8.3,1.2,14354,3,,,1:48,2:06
FIMS_29,Dry,2024,TS7,,Bay Anchovy,,,4,,,,c,119,8.6,30.6,8.3,1.2,14354,3,,,1:48,2:06
FIMS_29,Dry,2024,TS7,,Bay Anchovy,,,4,,,,c,119,8.6,30.6,8.3,1.2,14354,3,,,1:48,2:06
FIMS_29,Dry,2024,TS7,,Bay Anchovy,,,4,,,,c,119,8.6,30.6,8.3,1.2,14354,3,,,1:48,2:06
FIMS_29,Dry,2024,TS7,,Bay Anchovy,,,4,,,,c,119,8.6,30.6,8.3,1.2,14354,3,,,1:48,2:06
FIMS_29,Dry,2024,TS7,,Bay Anchovy,,,4,,,,c,119,8.6,30.6,8.3,1.2,14354,3,,,1:48,2:06
FIMS_29,Dry,2024,TS7,,Bay Anchovy,,,4,,,,c,119,8.6,30.6,8.3,1.2,14354,3,,,1:48,2:06
FIMS_29,Dry,2024,TS7,,Bay Anchovy,,,4,,,,c,119,8.6,30.6,8.3,1.2,14354,3,,,1:48,2:06
FIMS_29,Dry,2024,TS7,,Bay Anchovy,,,4,,,,c,119,8.6,30.6,8.3,1.2,14354,3,,,1:48,2:06
FIMS_29,Dry,2024,TS7,,Bay Anchovy,,,4,,,,c,119,8.6,30.6,8.3,1.2,14354,3,,,1:48,2:06
FIMS_29,Dry,2024,TS7,,Bay Anchovy,,,4,,,,c,119,8.6,30.6,8.3,1.2,14354,3,,,1:48,2:06
FIMS_29,Dry,2024,TS7,,Bay Anchovy,,,4,,,,c,119,8.6,30.6,8.3,1.2,14354,3,,,1:48,2:06
FIMS_29,Dry,2024,TS7,,Bay Anchovy,,,4,,,,c,119,8.6,30.6,8.3,1.2,14354,3,,,1:48,2:06
FIMS_29,Dry,2024,TS7,,Bay Anchovy,,,4,,,,c,119,8.6,30.6,8.3,1.2,14354,3,,,1:48,2:06
FIMS_29,Dry,2024,TS7,,Bay Anchovy,,,4,,,,c,119,8.6,30.6,8.3,1.2,14354,3,,,1:48,2:06
FIMS_29,Dry,2024,TS7,,Bay Anchovy,,,4,,,,c,119,8.6,30.6,8.3,1.2,14354,3,,,1:48,2:06
FIMS_29,Dry,2024,TS7,,Bay Anchovy,,,4,,,,c,119,8.6,30.6,8.3,1.2,14354,3,,,1:48,2:06
FIMS_29,Dry,2024,TS7,,Bay Anchovy,,,4,,,,c,119,8.6,30.6,8.3,1.2,14354,3,,,1:48,2:06
FIMS_29,Dry,2024,TS7,,Bay Anchovy,,,4,,,,c,119,8.6,30.6,8.3,1.2,14354,3,,,1:48,2:06
FIMS_29,Dry,2024,TS7,,Bay Anchovy,,,4,,,,c,119,8.6,30.6,8.3,1.2,14354,3,,,1:48,2:06
FIMS_29,Dry,2024,TS7,,Bay Anchovy,,,4,,,,c,119,8.6,30.6,8.3,1.2,14354,3,,,1:48,2:06
FIMS_29,Dry,2024,TS7,,Bay Anchovy,,,4,,,,c,119,8.6,30.6,8.3,1.2,14354,3,,,1:48,2:06
FIMS_29,Dry,2024,TS7,,Bay Anchovy,,,4,,,,c,119,8.6,30.6,8.3,1.2,14354,3,,,1:48,2:06
FIMS_29,Dry,2024,TS7,,Bay Anchovy,,,4,,,,c,119,8.6,30.6,8.3,1.2,14354,3,,,1:48,2:06
FIMS_29,Dry,2024,TS7,,Bay Anchovy,,,4,,,,c,119,8.6,30.6,8.3,1.2,14354,3,,,1:48,2:06
FIMS_29,Dry,2024,TS7,,Bay Anchovy,,,4,,,,c,119,8.6,30.6,8.3,1.2,14354,3,,,1:48,2:06
FIMS_29,Dry,2024,TS7,,Bay Anchovy,,,4,,,,c,119,8.6,30.6,8.3,1.2,14354,3,,,1:48,2:06
FIMS_29,Dry,2024,TS7,,Bay Anchovy,,,4,,,,c,119,8.6,30.6,8.3,1.2,14354,3,,,1:48,2:06
FIMS_29,Dry,2024,TS7,,Bay Anchovy,,,4,,,,c,119,8.6,30.6,8.3,1.2,14354,3,,,1:48,2:06
FIMS_29,Dry,2024,TS7,,Bay Anchovy,,,4,,,,c,119,8.6,30.6,8.3,1.2,14354,3,,,1:48,2:06
FIMS_29,Dry,2024,TS7,,Bay Anchovy,,,4,,,,c,119,8.6,30.6,8.3,1.2,14354,3,,,1:48,2:06
FIMS_29,Dry,2024,TS7,,Bay Anchovy,,,4,,,,c,119,8.6,30.6,8.3,1.2,14354,3,,,1:48,2:06
FIMS_29,Dry,2024,TS7,,Bay Anchovy,,,4,,,,c,119,8.6,30.6,8.3,1.2,14354,3,,,1:48,2:06
FIMS_29,Dry,2024,TS7,,Bay Anchovy,,,4,,,,c,119,8.6,30.6,8.3,1.2,14354,3,,,1:48,2:06
FIMS_29,Dry,2024,TS7,,Bay Anchovy,,,4,,,,c,119,8.6,30.6,8.3,1.2,14354,3,,,1:48,2:06
FIMS_29,Dry,2024,TS7,,Bay Anchovy,,,4,,,,c,119,8.6,30.6,8.3,1.2,14354,3,,,1:48,2:06
FIMS_29,Dry,2024,TS7,,Bay Anchovy,,,4,,,,c,119,8.6,30.6,8.3,1.2,14354,3,,,1:48,2:06
FIMS_29,Dry,2024,TS7,,Bay Anchovy,,,4,,,,c,119,8.6,30.6,8.3,1.2,14354,3,,,1:48,2:06
FIMS_29,Dry,2024,TS7,,Bay Anchovy,,,4,,,,c,119,8.6,30.6,8.3,1.2,14354,3,,,1:48,2:06
FIMS_29,Dry,2024,TS7,,Bay Anchovy,,,4,,,,c,119,8.6,30.6,8.3,1.2,14354,3,,,1:48,2:06
FIMS_29,Dry,2024,TS7,,Bay Anchovy,,,4,,,,c,119,8.6,30.6,8.3,1.2,14354,3,,,1:48,2:06
FIMS_29,Dry,2024,TS7,,Bay Anchovy,,,4,,,,c,119,8.6,30.6,8.3,1.2,14354,3,,,1:48,2:06
FIMS_29,Dry,2024,TS7,,Bay Anchovy,,,4,,,,c,119,8.6,30.6,8.3,1.2,14354,3,,,1:48,2:06
FIMS_29,Dry,2024,TS7,,Bay Anchovy,,,4,,,,c,119,8.6,30.6,8.3,1.2,14354,3,,,1:48,2:06
FIMS_29,Dry,2024,TS7,,Bay Anchovy,,,4,,,,c,119,8.6,30.6,8.3,1.2,14354,3,,,1:48,2:06
FIMS_29,Dry,2024,TS7,,Bay Anchovy,,,4,,,,c,119,8.6,30.6,8.3,1.2,14354,3,,,1:48,2:06
FIMS_29,Dry,2024,TS7,,Bay Anchovy,,,4,,,,c,119,8.6,30.6,8.3,1.2,14354,3,,,1:48,2:06
FIMS_29,Dry,2024,TS7,,Bay Anchovy,,,4,,,,c,119,8.6,30.6,8.3,1.2,14354,3,,,1:48,2:06
FIMS_29,Dry,2024,TS7,,Bay Anchovy,,,4,,,,c,119,8.6,30.6,8.3,1.2,14354,3,,,1:48,2:06
FIMS_29,Dry,2024,TS7,,Bay Anchovy,,,4,,,,c,119,8.6,30.6,8.3,1.2,14354,3,,,1:48,2:06
FIMS_29,Dry,2024,TS7,,Bay Anchovy,,,4,,,,c,119,8.6,30.6,8.3,1.2,14354,3,,,1:48,2:06
FIMS_29,Dry,2024,TS7,,Bay Anchovy,,,4,,,,c,119,8.6,30.6,8.3,1.2,14354,3,,,1:48,2:06
FIMS_29,Dry,2024,TS7,,Bay Anchovy,,,4,,,,c,119,8.6,30.6,8.3,1.2,14354,3,,,1:48,2:06
FIMS_29,Dry,2024,TS7,,Bay Anchovy,,,4,,,,c,119,8.6,30.6,8.3,1.2,14354,3,,,1:48,2:06
FIMS_29,Dry,2024,TS7,,Bay Anchovy,,,4,,,,c,119,8.6,30.6,8.3,1.2,14354,3,,,1:48,2:06
FIMS_29,Dry,2024,TS7,,Bay Anchovy,,,4,,,,c,119,8.6,30.6,8.3,1.2,14354,3,,,1:48,2:06
FIMS_29,Dry,2024,TS7,,Bay Anchovy,,,4,,,,c,119,8.6,30.6,8.3,1.2,14354,3,,,1:48,2:06
FIMS_29,Dry,2024,TS7,,Bay Anchovy,,,4,,,,c,119,8.6,30.6,8.3,1.2,14354,3,,,1:48,2:06
FIMS_29,Dry,2024,TS7,,Bay Anchovy,,,4,,,,c,119,8.6,30.6,8.3,1.2,14354,3,,,1:48,2:06
FIMS_29,Dry,2024,TS7,,Bay Anchovy,,,4,,,,c,119,8.6,30.6,8.3,1.2,14354,3,,,1:48,2:06
FIMS_29,Dry,2024,TS7,,Bay Anchovy,,,4,,,,c,119,8.6,30.6,8.3,1.2,14354,3,,,1:48,2:06
FIMS_29,Dry,2024,TS7,,Bay Anchovy,,,4,,,,c,119,8.6,30.6,8.3,1.2,14354,3,,,1:48,2:06
FIMS_29,Dry,2024,TS7,,Bay Anchovy,,,4,,,,c,119,8.6,30.6,8.3,1.2,14354,3,,,1:48,2:06
FIMS_29,Dry,2024,TS7,,Bay Anchovy,,,4,,,,c,119,8.6,30.6,8.3,1.2,14354,3,,,1:48,2:06
FIMS_29,Dry,2024,TS7,,Bay Anchovy,,,4,,,,c,119,8.6,30.6,8.3,1.2,14354,3,,,1:48,2:06
FIMS_29,Dry,2024,TS7,,Bay Anchovy,,,4,,,,c,119,8.6,30.6,8.3,1.2,14354,3,,,1:48,2:06
FIMS_29,Dry,2024,TS7,,Bay Anchovy,,,4,,,,c,119,8.6,30.6,8.3,1.2,14354,3,,,1:48,2:06
FIMS_29,Dry,2024,TS7,,Bay Anchovy,,,4,,,,c,119,8.6,30.6,8.3,1.2,14354,3,,,1:48,2:06
FIMS_29,Dry,2024,TS7,,Bay Anchovy,,,4,,,,c,119,8.6,30.6,8.3,1.2,14354,3,,,1:48,2:06
FIMS_29,Dry,2024,TS7,,Bay Anchovy,,,4,,,,c,119,8.6,30.6,8.3,1.2,14354,3,,,1:48,2:06
FIMS_29,Dry,2024,TS7,,Bay Anchovy,,,4,,,,c,119,8.6,30.6,8.3,1.2,14354,3,,,1:48,2:06
FIMS_29,Dry,2024,TS7,,Bay Anchovy,,,4,,,,c,119,8.6,30.6,8.3,1.2,14354,3,,,1:48,2:06
FIMS_29,Dry,2024,TS7,,Bay Anchovy,,,4,,,,c,119,8.6,30.6,8.3,1.2,14354,3,,,1:48,2:06
FIMS_29,Dry,2024,TS7,,Bay Anchovy,,,4,,,,c,119,8.6,30.6,8.3,1.2,14354,3,,,1:48,2:06
FIMS_29,Dry,2024,TS7,,Bay Anchovy,,,4,,,,c,119,8.6,30.6,8.3,1.2,14354,3,,,1:48,2:06
FIMS_29,Dry,2024,TS7,,Bay Anchovy,,,4,,,,c,119,8.6,30.6,8.3,1.2,14354,3,,,1:48,2:06
FIMS_29,Dry,2024,TS7,,Bay Anchovy,,,4,,,,c,119,8.6,30.6,8.3,1.2,14354,3,,,1:48,2:06
FIMS_29,Dry,2024,TS7,,Bay Anchovy,,,4,,,,c,119,8.6,30.6,8.3,1.2,14354,3,,,1:48,2:06
FIMS_29,Dry,2024,TS7,,Bay Anchovy,,,4,,,,c,119,8.6,30.6,8.3,1.2,14354,3,,,1:48,2:06
FIMS_29,Dry,2024,TS7,,Bay Anchovy,,,4,,,,c,119,8.6,30.6,8.3,1.2,14354,3,,,1:48,2:06
FIMS_29,Dry,2024,TS7,,Bay Anchovy,,,4,,,,c,119,8.6,30.6,8.3,1.2,14354,3,,,1:48,2:06
FIMS_29,Dry,2024,TS7,,Bay Anchovy,,,4,,,,c,119,8.6,30.6,8.3,1.2,14354,3,,,1:48,2:06
FIMS_29,Dry,2024,TS7,,Bay Anchovy,,,4,,,,c,119,8.6,30.6,8.3,1.2,14354,3,,,1:48,2:06
FIMS_29,Dry,2024,TS7,,Bay Anchovy,,,4,,,,c,119,8.6,30.6,8.3,1.2,14354,3,,,1:48,2:06
FIMS_29,Dry,2024,TS7,,Bay Anchovy,,,4,,,,c,119,8.6,30.6,8.3,1.2,14354,3,,,1:48,2:06
FIMS_29,Dry,2024,TS7,,Bay Anchovy,,,4,,,,c,119,8.6,30.6,8.3,1.2,14354,3,,,1:48,2:06
FIMS_29,Dry,2024,TS7,,Bay Anchovy,,,4,,,,c,119,8.6,30.6,8.3,1.2,14354,3,,,1:48,2:06
FIMS_29,Dry,2024,TS7,,Bay Anchovy,,,4,,,,c,119,8.6,30.6,8.3,1.2,14354,3,,,1:48,2:06
FIMS_29,Dry,2024,TS7,,Bay Anchovy,,,4,,,,c,119,8.6,30.6,8.3,1.2,14354,3,,,1:48,2:06
FIMS_29,Dry,2024,TS7,,Bay Anchovy,,,4,,,,c,119,8.6,30.6,8.3,1.2,14354,3,,,1:48,2:06
FIMS_29,Dry,2024,TS7,,Bay Anchovy,,,4,,,,c,119,8.6,30.6,8.3,1.2,14354,3,,,1:48,2:06
FIMS_29,Dry,2024,TS7,,Bay Anchovy,,,4,,,,c,119,8.6,30.6,8.3,1.2,14354,3,,,1:48,2:06
FIMS_29,Dry,2024,TS7,,Bay Anchovy,,,4,,,,c,119,8.6,30.6,8.3,1.2,14354,3,,,1:48,2:06
FIMS_29,Dry,2024,TS7,,Bay Anchovy,,,4,,,,c,119,8.6,30.6,8.3,1.2,14354,3,,,1:48,2:06
FIMS_29,Dry,2024,TS7,,Bay Anchovy,,,4,,,,c,119,8.6,30.6,8.3,1.2,14354,3,,,1:48,2:06
FIMS_29,Dry,2024,TS7,,Bay Anchovy,,,4,,,,c,119,8.6,30.6,8.3,1.2,14354,3,,,1:48,2:06
FIMS_29,Dry,2024,TS7,,Bay Anchovy,,,4,,,,c,119,8.6,30.6,8.3,1.2,14354,3,,,1:48,2:06
FIMS_29,Dry,2024,TS7,,Bay Anchovy,,,4,,,,c,119,8.6,30.6,8.3,1.2,14354,3,,,1:48,2:06
FIMS_29,Dry,2024,TS7,,Bay Anchovy,,,4,,,,c,119,8.6,30.6,8.3,1.2,14354,3,,,1:48,2:06
FIMS_29,Dry,2024,TS7,,Bay Anchovy,,,4,,,,c,119,8.6,30.6,8.3,1.2,14354,3,,,1:48,2:06
FIMS_29,Dry,2024,TS7,,Bay Anchovy,,,4,,,,c,119,8.6,30.6,8.3,1.2,14354,3,,,1:48,2:06
FIMS_29,Dry,2024,TS7,,Bay Anchovy,,,4,,,,c,119,8.6,30.6,8.3,1.2,14354,3,,,1:48,2:06
FIMS_29,Dry,2024,TS7,,Bay Anchovy,,,4,,,,c,119,8.6,30.6,8.3,1.2,14354,3,,,1:48,2:06
FIMS_29,Dry,2024,TS7,,Bay Anchovy,,,4,,,,c,119,8.6,30.6,8.3,1.2,14354,3,,,1:48,2:06
FIMS_29,Dry,2024,TS7,,Bay Anchovy,,,4,,,,c,119,8.6,30.6,8.3,1.2,14354,3,,,1:48,2:06
FIMS_29,Dry,2024,TS7,,Bay Anchovy,,,4,,,,c,119,8.6,30.6,8.3,1.2,14354,3,,,1:48,2:06
FIMS_29,Dry,2024,TS7,,Bay Anchovy,,,4,,,,c,119,8.6,30.6,8.3,1.2,14354,3,,,1:48,2:06
FIMS_29,Dry,2024,TS7,,Bay Anchovy,,,4,,,,c,119,8.6,30.6,8.3,1.2,14354,3,,,1:48,2:06
FIMS_29,Dry,2024,TS7,,Bay Anchovy,,,4,,,,c,119,8.6,30.6,8.3,1.2,14354,3,,,1:48,2:06
FIMS_29,Dry,2024,TS7,,Bay Anchovy,,,4,,,,c,119,8.6,30.6,8.3,1.2,14354,3,,,1:48,2:06
FIMS_29,Dry,2024,TS7,,Bay Anchovy,,,4,,,,c,119,8.6,30.6,8.3,1.2,14354,3,,,1:48,2:06
FIMS_29,Dry,2024,TS7,,Bay Anchovy,,,4,,,,c,119,8.6,30.6,8.3,1.2,14354,3,,,1:48,2:06
FIMS_29,Dry,2024,TS7,,Bay Anchovy,,,4,,,,c,119,8.6,30.6,8.3,1.2,14354,3,,,1:48,2:06
FIMS_29,Dry,2024,TS7,,Bay Anchovy,,,4,,,,c,119,8.6,30.6,8.3,1.2,14354,3,,,1:48,2:06
FIMS_29,Dry,2024,TS7,,Bay Anchovy,,,4,,,,c,119,8.6,30.6,8.3,1.2,14354,3,,,1:48,2:06
FIMS_29,Dry,2024,TS7,,Bay Anchovy,,,4,,,,c,119,8.6,30.6,8.3,1.2,14354,3,,,1:48,2:06
FIMS_29,Dry,2024,TS7,,Bay Anchovy,,,4,,,,c,119,8.6,30.6,8.3,1.2,14354,3,,,1:48,2:06
FIMS_29,Dry,2024,TS7,,Bay Anchovy,,,4,,,,c,119,8.6,30.6,8.3,1.2,14354,3,,,1:48,2:06
FIMS_29,Dry,2024,TS7,,Bay Anchovy,,,4,,,,c,119,8.6,30.6,8.3,1.2,14354,3,,,1:48,2:06
FIMS_29,Dry,2024,TS7,,Bay Anchovy,,,4,,,,c,119,8.6,30.6,8.3,1.2,14354,3,,,1:48,2:06
FIMS_29,Dry,2024,TS7,,Bay Anchovy,,,4,,,,c,119,8.6,30.6,8.3,1.2,14354,3,,,1:48,2:06
FIMS_29,Dry,2024,TS7,,Bay Anchovy,,,4,,,,c,119,8.6,30.6,8.3,1.2,14354,3,,,1:48,2:06
FIMS_29,Dry,2024,TS7,,Bay Anchovy,,,4,,,,c,119,8.6,30.6,8.3,1.2,14354,3,,,1:48,2:06
FIMS_29,Dry,2024,TS7,,Bay Anchovy,,,4,,,,c,119,8.6,30.6,8.3,1.2,14354,3,,,1:48,2:06
FIMS_29,Dry,2024,TS7,,Bay Anchovy,,,4,,,,c,119,8.6,30.6,8.3,1.2,14354,3,,,1:48,2:06
FIMS_29,Dry,2024,TS7,,Bay Anchovy,,,4,,,,c,119,8.6,30.6,8.3,1.2,14354,3,,,1:48,2:06
FIMS_29,Dry,2024,TS7,,Bay Anchovy,,,4,,,,c,119,8.6,30.6,8.3,1.2,14354,3,,,1:48,2:06
FIMS_29,Dry,2024,TS7,,Bay Anchovy,,,4,,,,c,119,8.6,30.6,8.3,1.2,14354,3,,,1:48,2:06
FIMS_29,Dry,2024,TS7,,Bay Anchovy,,,4,,,,c,119,8.6,30.6,8.3,1.2,14354,3,,,1:48,2:06
FIMS_29,Dry,2024,TS7,,Bay Anchovy,,,4,,,,c,119,8.6,30.6,8.3,1.2,14354,3,,,1:48,2:06
FIMS_29,Dry,2024,TS7,,Bay Anchovy,,,4,,,,c,119,8.6,30.6,8.3,1.2,14354,3,,,1:48,2:06
FIMS_29,Dry,2024,TS7,,Bay Anchovy,,,4,,,,c,119,8.6,30.6,8.3,1.2,14354,3,,,1:48,2:06
FIMS_29,Dry,2024,TS7,,Bay Anchovy,,,4,,,,c,119,8.6,30.6,8.3,1.2,14354,3,,,1:48,2:06
FIMS_29,Dry,2024,TS7,,Bay Anchovy,,,4,,,,c,119,8.6,30.6,8.3,1.2,14354,3,,,1:48,2:06
FIMS_29,Dry,2024,TS7,,Bay Anchovy,,,4,,,,c,119,8.6,30.6,8.3,1.2,14354,3,,,1:48,2:06
FIMS_29,Dry,2024,TS7,,Bay Anchovy,,,4,,,,c,119,8.6,30.6,8.3,1.2,14354,3,,,1:48,2:06
FIMS_29,Dry,2024,TS7,,Bay Anchovy,,,4,,,,c,119,8.6,30.6,8.3,1.2,14354,3,,,1:48,2:06
FIMS_29,Dry,2024,TS7,,Bay Anchovy,,,4,,,,c,119,8.6,30.6,8.3,1.2,14354,3,,,1:48,2:06
FIMS_29,Dry,2024,TS7,,Bay Anchovy,,,4,,,,c,119,8.6,30.6,8.3,1.2,14354,3,,,1:48,2:06
FIMS_29,Dry,2024,TS7,,Bay Anchovy,,,4,,,,c,119,8.6,30.6,8.3,1.2,14354,3,,,1:48,2:06
FIMS_29,Dry,2024,TS7,,Bay Anchovy,,,4,,,,c,119,8.6,30.6,8.3,1.2,14354,3,,,1:48,2:06
FIMS_29,Dry,2024,TS7,,Bay Anchovy,,,4,,,,c,119,8.6,30.6,8.3,1.2,14354,3,,,1:48,2:06
FIMS_29,Dry,2024,TS7,,Bay Anchovy,,,4,,,,c,119,8.6,30.6,8.3,1.2,14354,3,,,1:48,2:06
FIMS_29,Dry,2024,TS7,,Bay Anchovy,,,4,,,,c,119,8.6,30.6,8.3,1.2,14354,3,,,1:48,2:06
FIMS_29,Dry,2024,TS7,,Bay Anchovy,,,4,,,,c,119,8.6,30.6,8.3,1.2,14354,3,,,1:48,2:06
FIMS_29,Dry,2024,TS7,,Bay Anchovy,,,4,,,,c,119,8.6,30.6,8.3,1.2,14354,3,,,1:48,2:06
FIMS_29,Dry,2024,TS7,,Bay Anchovy,,,4,,,,c,119,8.6,30.6,8.3,1.2,14354,3,,,1:48,2:06
FIMS_29,Dry,2024,TS7,,Bay Anchovy,,,4,,,,c,119,8.6,30.6,8.3,1.2,14354,3,,,1:48,2:06
FIMS_29,Dry,2024,TS7,,Bay Anchovy,,,4,,,,c,119,8.6,30.6,8.3,1.2,14354,3,,,1:48,2:06
FIMS_29,Dry,2024,TS7,,Bay Anchovy,,,4,,,,c,119,8.6,30.6,8.3,1.2,14354,3,,,1:48,2:06
FIMS_29,Dry,2024,TS7,,Bay Anchovy,,,4,,,,c,119,8.6,30.6,8.3,1.2,14354,3,,,1:48,2:06
FIMS_29,Dry,2024,TS7,,Bay Anchovy,,,4,,,,c,119,8.6,30.6,8.3,1.2,14354,3,,,1:48,2:06
FIMS_29,Dry,2024,TS7,,Bay Anchovy,,,4,,,,c,119,8.6,30.6,8.3,1.2,14354,3,,,1:48,2:06
FIMS_29,Dry,2024,TS7,,Bay Anchovy,,,4,,,,c,119,8.6,30.6,8.3,1.2,14354,3,,,1:48,2:06
FIMS_29,Dry,2024,TS7,,Bay Anchovy,,,4,,,,c,119,8.6,30.6,8.3,1.2,14354,3,,,1:48,2:06
FIMS_29,Dry,2024,TS7,,Bay Anchovy,,,4,,,,c,119,8.6,30.6,8.3,1.2,14354,3,,,1:48,2:06
FIMS_29,Dry,2024,TS7,,Bay Anchovy,,,4,,,,c,119,8.6,30.6,8.3,1.2,14354,3,,,1:48,2:06
FIMS_29,Dry,2024,TS7,,Bay Anchovy,,,4,,,,c,119,8.6,30.6,8.3,1.2,14354,3,,,1:48,2:06
FIMS_29,Dry,2024,TS7,,Bay Anchovy,,,4,,,,c,119,8.6,30.6,8.3,1.2,14354,3,,,1:48,2:06
FIMS_29,Dry,2024,TS7,,Bay Anchovy,,,4,,,,c,119,8.6,30.6,8.3,1.2,14354,3,,,1:48,2:06
FIMS_29,Dry,2024,TS7,,Bay Anchovy,,,4,,,,c,119,8.6,30.6,8.3,1.2,14354,3,,,1:48,2:06
FIMS_29,Dry,2024,TS7,,Bay Anchovy,,,4,,,,c,119,8.6,30.6,8.3,1.2,14354,3,,,1:48,2:06
FIMS_29,Dry,2024,TS7,,Bay Anchovy,,,4,,,,c,119,8.6,30.6,8.3,1.2,14354,3,,,1:48,2:06
FIMS_29,Dry,2024,TS7,,Bay Anchovy,,,4,,,,c,119,8.6,30.6,8.3,1.2,14354,3,,,1:48,2:06
FIMS_29,Dry,2024,TS7,,Bay Anchovy,,,4,,,,c,119,8.6,30.6,8.3,1.2,14354,3,,,1:48,2:06
FIMS_29,Dry,2024,TS7,,Bay Anchovy,,,4,,,,c,119,8.6,30.6,8.3,1.2,14354,3,,,1:48,2:06
FIMS_29,Dry,2024,TS7,,Bay Anchovy,,,4,,,,c,119,8.6,30.6,8.3,1.2,14354,3,,,1:48,2:06
FIMS_29,Dry,2024,TS7,,Bay Anchovy,,,4,,,,c,119,8.6,30.6,8.3,1.2,14354,3,,,1:48,2:06
FIMS_29,Dry,2024,TS7,,Bay Anchovy,,,4,,,,c,119,8.6,30.6,8.3,1.2,14354,3,,,1:48,2:06
FIMS_29,Dry,2024,TS7,,Bay Anchovy,,,4,,,,c,119,8.6,30.6,8.3,1.2,14354,3,,,1:48,2:06
FIMS_29,Dry,2024,TS7,,Bay Anchovy,,,4,,,,c,119,8.6,30.6,8.3,1.2,14354,3,,,1:48,2:06
FIMS_29,Dry,2024,TS7,,Bay Anchovy,,,4,,,,c,119,8.6,30.6,8.3,1.2,14354,3,,,1:48,2:06
FIMS_29,Dry,2024,TS7,,Bay Anchovy,,,4,,,,c,119,8.6,30.6,8.3,1.2,14354,3,,,1:48,2:06
FIMS_29,Dry,2024,TS7,,Bay Anchovy,,,4,,,,c,119,8.6,30.6,8.3,1.2,14354,3,,,1:48,2:06
FIMS_29,Dry,2024,TS7,,Bay Anchovy,,,4,,,,c,119,8.6,30.6,8.3,1.2,14354,3,,,1:48,2:06
FIMS_29,Dry,2024,TS7,,Bay Anchovy,,,4,,,,c,119,8.6,30.6,8.3,1.2,14354,3,,,1:48,2:06
FIMS_29,Dry,2024,TS7,,Bay Anchovy,,,4,,,,c,119,8.6,30.6,8.3,1.2,14354,3,,,1:48,2:06
FIMS_29,Dry,2024,TS7,,Bay Anchovy,,,4,,,,c,119,8.6,30.6,8.3,1.2,14354,3,,,1:48,2:06
FIMS_29,Dry,2024,TS7,,Bay Anchovy,,,4,,,,c,119,8.6,30.6,8.3,1.2,14354,3,,,1:48,2:06
FIMS_29,Dry,2024,TS7,,Bay Anchovy,,,4,,,,c,119,8.6,30.6,8.3,1.2,14354,3,,,1:48,2:06
FIMS_29,Dry,2024,TS7,,Bay Anchovy,,,4,,,,c,119,8.6,30.6,8.3,1.2,14354,3,,,1:48,2:06
FIMS_29,Dry,2024,TS7,,Bay Anchovy,,,4,,,,c,119,8.6,30.6,8.3,1.2,14354,3,,,1:48,2:06
FIMS_29,Dry,2024,TS7,,Bay Anchovy,,,4,,,,c,119,8.6,30.6,8.3,1.2,14354,3,,,1:48,2:06
FIMS_29,Dry,2024,TS7,,Bay Anchovy,,,4,,,,c,119,8.6,30.6,8.3,1.2,14354,3,,,1:48,2:06
FIMS_29,Dry,2024,TS7,,Bay Anchovy,,,4,,,,c,119,8.6,30.6,8.3,1.2,14354,3,,,1:48,2:06
FIMS_29,Dry,2024,TS7,,Bay Anchovy,,,4,,,,c,119,8.6,30.6,8.3,1.2,14354,3,,,1:48,2:06
FIMS_29,Dry,2024,TS7,,Bay Anchovy,,,4,,,,c,119,8.6,30.6,8.3,1.2,14354,3,,,1:48,2:06
FIMS_29,Dry,2024,TS7,,Bay Anchovy,,,4,,,,c,119,8.6,30.6,8.3,1.2,14354,3,,,1:48,2:06
FIMS_29,Dry,2024,TS7,,Bay Anchovy,,,4,,,,c,119,8.6,30.6,8.3,1.2,14354,3,,,1:48,2:06
FIMS_29,Dry,2024,TS7,,Bay Anchovy,,,4,,,,c,119,8.6,30.6,8.3,1.2,14354,3,,,1:48,2:06
FIMS_29,Dry,2024,TS7,,Bay Anchovy,,,4,,,,c,119,8.6,30.6,8.3,1.2,14354,3,,,1:48,2:06
FIMS_29,Dry,2024,TS7,,Bay Anchovy,,,4,,,,c,119,8.6,30.6,8.3,1.2,14354,3,,,1:48,2:06
FIMS_29,Dry,2024,TS7,,Bay Anchovy,,,4,,,,c,119,8.6,30.6,8.3,1.2,14354,3,,,1:48,2:06
FIMS_29,Dry,2024,TS7,,Bay Anchovy,,,4,,,,c,119,8.6,30.6,8.3,1.2,14354,3,,,1:48,2:06
FIMS_29,Dry,2024,TS7,,Redfin Needlefish,,,4,,7,0.6,c,119,8.6,30.6,8.3,1.2,14354,3,,,1:48,2:06
FIMS_29,Dry,2024,TS7,,Redfin Needlefish,,,4,,5.8,0.4,c,119,8.6,30.6,8.3,1.2,14354,3,,,1:48,2:06
FIMS_29,Dry,2024,TS7,,Clown Goby,,,4,,4.3,0.9,c,119,8.6,30.6,8.3,1.2,14354,3,,,1:48,2:06
FIMS_29,Dry,2024,TS7,,Clown Goby,,,4,,5,0.9,c,119,8.6,30.6,8.3,1.2,14354,3,,,1:48,2:06
FIMS_29,Dry,2024,TS7,,Clown Goby,,,4,,3.6,0.5,c,119,8.6,30.6,8.3,1.2,14354,3,,,1:48,2:06
FIMS_29,Dry,2024,TS7,,Clown Goby,,,4,,4.4,0.8,c,119,8.6,30.6,8.3,1.2,14354,3,,,1:48,2:06
FIMS_29,Dry,2024,TS7,,Clown Goby,,,4,,4.8,1,c,119,8.6,30.6,8.3,1.2,14354,3,,,1:48,2:06
FIMS_29,Dry,2024,TS7,,Clown Goby,,,4,,2.7,0.2,c,119,8.6,30.6,8.3,1.2,14354,3,,,1:48,2:06
FIMS_29,Dry,2024,TS7,,Clown Goby,,,4,,4.5,0.7,c,119,8.6,30.6,8.3,1.2,14354,3,,,1:48,2:06
FIMS_29,Dry,2024,TS7,,Clown Goby,,,4,,3.3,0.3,c,119,8.6,30.6,8.3,1.2,14354,3,,,1:48,2:06
FIMS_29,Dry,2024,TS7,,Clown Goby,,,4,,2.9,0.3,c,119,8.6,30.6,8.3,1.2,14354,3,,,1:48,2:06
FIMS_29,Dry,2024,TS7,,Clown Goby,,,4,,4.7,0.9,c,119,8.6,30.6,8.3,1.2,14354,3,,,1:48,2:06
FIMS_29,Dry,2024,TS7,,Clown Goby,,,4,,2.6,0.2,c,119,8.6,30.6,8.3,1.2,14354,3,,,1:48,2:06
FIMS_29,Dry,2024,TS7,,Clown Goby,,,4,,3.5,0.3,c,119,8.6,30.6,8.3,1.2,14354,3,,,1:48,2:06
FIMS_29,Dry,2024,TS7,,Clown Goby,,,4,,4.1,0.5,c,119,8.6,30.6,8.3,1.2,14354,3,,,1:48,2:06
FIMS_29,Dry,2024,TS7,,Clown Goby,,,4,,3.5,0.4,c,119,8.6,30.6,8.3,1.2,14354,3,,,1:48,2:06
FIMS_29,Dry,2024,TS7,,Clown Goby,,,4,,2.6,0.2,c,119,8.6,30.6,8.3,1.2,14354,3,,,1:48,2:06
FIMS_29,Dry,2024,TS7,,Crested Goby,,,4,,4.7,1.5,c,119,8.6,30.6,8.3,1.2,14354,3,,,1:48,2:06
FIMS_29,Dry,2024,TS7,,Crested Goby,,,4,,4.7,1.7,c,119,8.6,30.6,8.3,1.2,14354,3,,,1:48,2:06
FIMS_29,Dry,2024,TS7,,Rainwater Killifish,,,4,,3.4,0.4,c,119,8.6,30.6,8.3,1.2,14354,3,,,1:48,2:06
FIMS_29,Dry,2024,TS7,,Rainwater Killifish,,,4,,3.6,0.8,c,119,8.6,30.6,8.3,1.2,14354,3,,,1:48,2:06
FIMS_29,Dry,2024,TS7,,Rainwater Killifish,,,4,,3.9,0.7,c,119,8.6,30.6,8.3,1.2,14354,3,,,1:48,2:06
FIMS_29,Dry,2024,TS7,,Rainwater Killifish,,,4,,3.2,0.5,c,119,8.6,30.6,8.3,1.2,14354,3,,,1:48,2:06
FIMS_29,Dry,2024,TS7,,Rainwater Killifish,,,4,,3.2,0.5,c,119,8.6,30.6,8.3,1.2,14354,3,,,1:48,2:06
FIMS_29,Dry,2024,TS7,,Rainwater Killifish,,,4,,3.5,0.7,c,119,8.6,30.6,8.3,1.2,14354,3,,,1:48,2:06
FIMS_29,Dry,2024,TS7,,Rainwater Killifish,,,4,,3.5,0.7,c,119,8.6,30.6,8.3,1.2,14354,3,,,1:48,2:06
FIMS_29,Dry,2024,TS7,,Rainwater Killifish,,,4,,3.4,0.7,c,119,8.6,30.6,8.3,1.2,14354,3,,,1:48,2:06
FIMS_29,Dry,2024,TS7,,Rainwater Killifish,,,4,,3.2,0.6,c,119,8.6,30.6,8.3,1.2,14354,3,,,1:48,2:06
FIMS_29,Dry,2024,TS7,,Rainwater Killifish,,,4,,3.7,0.7,c,119,8.6,30.6,8.3,1.2,14354,3,,,1:48,2:06
FIMS_29,Dry,2024,TS7,,Rainwater Killifish,,,4,,2.9,0.5,c,119,8.6,30.6,8.3,1.2,14354,3,,,1:48,2:06
FIMS_29,Dry,2024,TS7,,Rainwater Killifish,,,4,,3.2,0.5,c,119,8.6,30.6,8.3,1.2,14354,3,,,1:48,2:06
FIMS_29,Dry,2024,TS7,,Rainwater Killifish,,,4,,3.1,0.4,c,119,8.6,30.6,8.3,1.2,14354,3,,,1:48,2:06
FIMS_29,Dry,2024,TS7,,Rainwater Killifish,,,4,,2.6,0.3,c,119,8.6,30.6,8.3,1.2,14354,3,,,1:48,2:06
FIMS_29,Dry,2024,TS7,,Rainwater Killifish,,,4,,3.5,0.6,c,119,8.6,30.6,8.3,1.2,14354,3,,,1:48,2:06
FIMS_29,Dry,2024,TS7,,Rainwater Killifish,,,4,,2.8,0.3,c,119,8.6,30.6,8.3,1.2,14354,3,,,1:48,2:06
FIMS_29,Dry,2024,TS7,,Rainwater Killifish,,,4,,3.6,0.7,c,119,8.6,30.6,8.3,1.2,14354,3,,,1:48,2:06
FIMS_29,Dry,2024,TS7,,Snapping Shrimp,,,4,,5,2.5,c,119,8.6,30.6,8.3,1.2,14354,3,,,1:48,2:06
FIMS_29,Dry,2024,TS7,,Goldspotted Killifish,,,4,,3.6,1,c,119,8.6,30.6,8.3,1.2,14354,3,,,1:48,2:06
FIMS_29,Dry,2024,TS7,,Goldspotted Killifish,,,4,,3.4,0.8,c,119,8.6,30.6,8.3,1.2,14354,3,,,1:48,2:06
FIMS_29,Dry,2024,TS7,,Goldspotted Killifish,,,4,,4.2,1.2,c,119,8.6,30.6,8.3,1.2,14354,3,,,1:48,2:06
FIMS_29,Dry,2024,TS7,,Goldspotted Killifish,,,4,,4.3,1.6,c,119,8.6,30.6,8.3,1.2,14354,3,,,1:48,2:06
FIMS_29,Dry,2024,TS7,,Goldspotted Killifish,,,4,,3.5,0.8,c,119,8.6,30.6,8.3,1.2,14354,3,,,1:48,2:06
FIMS_29,Dry,2024,TS7,,Goldspotted Killifish,,,4,,4.2,1.3,c,119,8.6,30.6,8.3,1.2,14354,3,,,1:48,2:06
FIMS_29,Dry,2024,TS7,,Goldspotted Killifish,,,4,,3.1,0.7,c,119,8.6,30.6,8.3,1.2,14354,3,,,1:48,2:06
FIMS_29,Dry,2024,TS7,,Goldspotted Killifish,,,4,,3.8,1.3,c,119,8.6,30.6,8.3,1.2,14354,3,,,1:48,2:06
FIMS_29,Dry,2024,TS7,,Goldspotted Killifish,,,4,,2.8,0.5,c,119,8.6,30.6,8.3,1.2,14354,3,,,1:48,2:06
FIMS_29,Dry,2024,TS7,,Goldspotted Killifish,,,4,,2.8,0.6,c,119,8.6,30.6,8.3,1.2,14354,3,,,1:48,2:06
FIMS_29,Dry,2024,TS7,,Goldspotted Killifish,,,4,,4,1.3,c,119,8.6,30.6,8.3,1.2,14354,3,,,1:48,2:06
FIMS_29,Dry,2024,TS7,,Goldspotted Killifish,,,4,,4.5,1.5,c,119,8.6,30.6,8.3,1.2,14354,3,,,1:48,2:06
FIMS_29,Dry,2024,TS7,,Goldspotted Killifish,,,4,,3.3,0.8,c,119,8.6,30.6,8.3,1.2,14354,3,,,1:48,2:06
FIMS_29,Dry,2024,TS7,,Goldspotted Killifish,,,4,,3.9,0.9,c,119,8.6,30.6,8.3,1.2,14354,3,,,1:48,2:06
FIMS_29,Dry,2024,TS7,,Goldspotted Killifish,,,4,,3,0.6,c,119,8.6,30.6,8.3,1.2,14354,3,,,1:48,2:06
FIMS_29,Dry,2024,TS7,,Goldspotted Killifish,,,4,,3.7,1.3,c,119,8.6,30.6,8.3,1.2,14354,3,,,1:48,2:06
FIMS_29,Dry,2024,TS7,,Goldspotted Killifish,,,4,,3.5,0.8,c,119,8.6,30.6,8.3,1.2,14354,3,,,1:48,2:06
FIMS_29,Dry,2024,TS7,,Goldspotted Killifish,,,4,,2.8,0.4,c,119,8.6,30.6,8.3,1.2,14354,3,,,1:48,2:06
FIMS_30,Dry,2024,TS7,,Tidewater Mojarra,,,5,,5.1,1.2,c,100,7.2,29.8,8.6,0.6,14940,1,,,12:45,1:13
FIMS_30,Dry,2024,TS7,,Tidewater Mojarra,,,5,,7.1,4.3,c,100,7.2,29.8,8.6,0.6,14940,1,,,12:45,1:13
FIMS_30,Dry,2024,TS7,,Tidewater Mojarra,,,5,,6.2,2.6,c,100,7.2,29.8,8.6,0.6,14940,1,,,12:45,1:13
FIMS_30,Dry,2024,TS7,,Tidewater Mojarra,,,5,,5.5,2,c,100,7.2,29.8,8.6,0.6,14940,1,,,12:45,1:13
FIMS_30,Dry,2024,TS7,,Tidewater Mojarra,,,5,,6.4,2.8,c,100,7.2,29.8,8.6,0.6,14940,1,,,12:45,1:13
FIMS_30,Dry,2024,TS7,,Tidewater Mojarra,,,5,,5.9,2.6,c,100,7.2,29.8,8.6,0.6,14940,1,,,12:45,1:13
FIMS_30,Dry,2024,TS7,,Tidewater Mojarra,,,5,,6.3,2.7,c,100,7.2,29.8,8.6,0.6,14940,1,,,12:45,1:13
FIMS_30,Dry,2024,TS7,,Tidewater Mojarra,,,5,,4.6,1.2,c,100,7.2,29.8,8.6,0.6,14940,1,,,12:45,1:13
FIMS_30,Dry,2024,TS7,,Tidewater Mojarra,,,5,,5,1.7,c,100,7.2,29.8,8.6,0.6,14940,1,,,12:45,1:13
FIMS_30,Dry,2024,TS7,,Tidewater Mojarra,,,5,,6.7,3.2,c,100,7.2,29.8,8.6,0.6,14940,1,,,12:45,1:13
FIMS_30,Dry,2024,TS7,,Tidewater Mojarra,,,5,,5.3,1.6,c,100,7.2,29.8,8.6,0.6,14940,1,,,12:45,1:13
FIMS_30,Dry,2024,TS7,,Tidewater Mojarra,,,5,,5.4,1.8,c,100,7.2,29.8,8.6,0.6,14940,1,,,12:45,1:13
FIMS_30,Dry,2024,TS7,,Tidewater Mojarra,,,5,,4,0.6,c,100,7.2,29.8,8.6,0.6,14940,1,,,12:45,1:13
FIMS_30,Dry,2024,TS7,,Tidewater Mojarra,,,5,,5,1.5,c,100,7.2,29.8,8.6,0.6,14940,1,,,12:45,1:13
FIMS_30,Dry,2024,TS7,,Tidewater Mojarra,,,5,,4.4,0.8,c,100,7.2,29.8,8.6,0.6,14940,1,,,12:45,1:13
FIMS_30,Dry,2024,TS7,,Tidewater Mojarra,,,5,,5.2,1.4,c,100,7.2,29.8,8.6,0.6,14940,1,,,12:45,1:13
FIMS_30,Dry,2024,TS7,,Tidewater Mojarra,,,5,,5.8,2.5,c,100,7.2,29.8,8.6,0.6,14940,1,,,12:45,1:13
FIMS_30,Dry,2024,TS7,,Tidewater Mojarra,,,5,,5.8,2.2,c,100,7.2,29.8,8.6,0.6,14940,1,,,12:45,1:13
FIMS_30,Dry,2024,TS7,,Tidewater Mojarra,,,5,,5.8,2.6,c,100,7.2,29.8,8.6,0.6,14940,1,,,12:45,1:13
FIMS_30,Dry,2024,TS7,,Tidewater Mojarra,,,5,,5.5,1.7,c,100,7.2,29.8,8.6,0.6,14940,1,,,12:45,1:13
FIMS_30,Dry,2024,TS7,,Tidewater Mojarra,,,5,,6.2,3.1,c,100,7.2,29.8,8.6,0.6,14940,1,,,12:45,1:13
FIMS_30,Dry,2024,TS7,,Tidewater Mojarra,,,5,,5.2,1.5,c,100,7.2,29.8,8.6,0.6,14940,1,,,12:45,1:13
FIMS_30,Dry,2024,TS7,,Tidewater Mojarra,,,5,,6.3,3.2,c,100,7.2,29.8,8.6,0.6,14940,1,,,12:45,1:13
FIMS_30,Dry,2024,TS7,,Tidewater Mojarra,,,5,,6.5,3.4,c,100,7.2,29.8,8.6,0.6,14940,1,,,12:45,1:13
FIMS_30,Dry,2024,TS7,,Tidewater Mojarra,,,5,,6.7,3.3,c,100,7.2,29.8,8.6,0.6,14940,1,,,12:45,1:13
FIMS_30,Dry,2024,TS7,,Tidewater Mojarra,,,5,,5.8,2.6,c,100,7.2,29.8,8.6,0.6,14940,1,,,12:45,1:13
FIMS_30,Dry,2024,TS7,,Tidewater Mojarra,,,5,,5.2,2.5,c,100,7.2,29.8,8.6,0.6,14940,1,,,12:45,1:13
FIMS_30,Dry,2024,TS7,,Tidewater Mojarra,,,5,,6.6,3.5,c,100,7.2,29.8,8.6,0.6,14940,1,,,12:45,1:13
FIMS_30,Dry,2024,TS7,,Tidewater Mojarra,,,5,,4.9,1.6,c,100,7.2,29.8,8.6,0.6,14940,1,,,12:45,1:13
FIMS_30,Dry,2024,TS7,,Tidewater Mojarra,,,5,,5.9,2.5,c,100,7.2,29.8,8.6,0.6,14940,1,,,12:45,1:13
FIMS_30,Dry,2024,TS7,,Tidewater Mojarra,,,5,,6.4,3.4,c,100,7.2,29.8,8.6,0.6,14940,1,,,12:45,1:13
FIMS_30,Dry,2024,TS7,,Tidewater Mojarra,,,5,,6.2,2.7,c,100,7.2,29.8,8.6,0.6,14940,1,,,12:45,1:13
FIMS_30,Dry,2024,TS7,,Tidewater Mojarra,,,5,,6.3,3.6,c,100,7.2,29.8,8.6,0.6,14940,1,,,12:45,1:13
FIMS_30,Dry,2024,TS7,,Tidewater Mojarra,,,5,,5.4,2.2,c,100,7.2,29.8,8.6,0.6,14940,1,,,12:45,1:13
FIMS_30,Dry,2024,TS7,,Tidewater Mojarra,,,5,,5.7,2.1,c,100,7.2,29.8,8.6,0.6,14940,1,,,12:45,1:13
FIMS_30,Dry,2024,TS7,,Tidewater Mojarra,,,5,,4.8,1.3,c,100,7.2,29.8,8.6,0.6,14940,1,,,12:45,1:13
FIMS_30,Dry,2024,TS7,,Tidewater Mojarra,,,5,,5.4,1.8,c,100,7.2,29.8,8.6,0.6,14940,1,,,12:45,1:13
FIMS_30,Dry,2024,TS7,,Tidewater Mojarra,,,5,,6.6,3.1,c,100,7.2,29.8,8.6,0.6,14940,1,,,12:45,1:13
FIMS_30,Dry,2024,TS7,,Tidewater Mojarra,,,5,,5.4,1.8,c,100,7.2,29.8,8.6,0.6,14940,1,,,12:45,1:13
FIMS_30,Dry,2024,TS7,,Tidewater Mojarra,,,5,,5.8,2.4,c,100,7.2,29.8,8.6,0.6,14940,1,,,12:45,1:13
FIMS_30,Dry,2024,TS7,,Bay Anchovy,,,5,,3,0.2,c,100,7.2,29.8,8.6,0.6,14940,1,,,12:45,1:13
FIMS_30,Dry,2024,TS7,,Bay Anchovy,,,5,,2.9,0.1,c,100,7.2,29.8,8.6,0.6,14940,1,,,12:45,1:13
FIMS_30,Dry,2024,TS7,,Bay Anchovy,,,5,,2.9,0.2,c,100,7.2,29.8,8.6,0.6,14940,1,,,12:45,1:13
FIMS_30,Dry,2024,TS7,,Bay Anchovy,,,5,,2.7,0.1,c,100,7.2,29.8,8.6,0.6,14940,1,,,12:45,1:13
FIMS_30,Dry,2024,TS7,,Bay Anchovy,,,5,,5.6,1,c,100,7.2,29.8,8.6,0.6,14940,1,,,12:45,1:13
FIMS_30,Dry,2024,TS7,,Bay Anchovy,,,5,,3.6,0.3,c,100,7.2,29.8,8.6,0.6,14940,1,,,12:45,1:13
FIMS_30,Dry,2024,TS7,,Bay Anchovy,,,5,,2.9,0.1,c,100,7.2,29.8,8.6,0.6,14940,1,,,12:45,1:13
FIMS_30,Dry,2024,TS7,,Bay Anchovy,,,5,,4,0.5,c,100,7.2,29.8,8.6,0.6,14940,1,,,12:45,1:13
FIMS_30,Dry,2024,TS7,,Bay Anchovy,,,5,,5.1,0.7,c,100,7.2,29.8,8.6,0.6,14940,1,,,12:45,1:13
FIMS_30,Dry,2024,TS7,,Bay Anchovy,,,5,,4.4,0.7,c,100,7.2,29.8,8.6,0.6,14940,1,,,12:45,1:13
FIMS_30,Dry,2024,TS7,,Bay Anchovy,,,5,,4.3,0.6,c,100,7.2,29.8,8.6,0.6,14940,1,,,12:45,1:13
FIMS_30,Dry,2024,TS7,,Bay Anchovy,,,5,,5.1,1,c,100,7.2,29.8,8.6,0.6,14940,1,,,12:45,1:13
FIMS_30,Dry,2024,TS7,,Bay Anchovy,,,5,,2.5,0.1,c,100,7.2,29.8,8.6,0.6,14940,1,,,12:45,1:13
FIMS_30,Dry,2024,TS7,,Bay Anchovy,,,5,,4.4,0.5,c,100,7.2,29.8,8.6,0.6,14940,1,,,12:45,1:13
FIMS_30,Dry,2024,TS7,,Bay Anchovy,,,5,,4.2,0.6,c,100,7.2,29.8,8.6,0.6,14940,1,,,12:45,1:13
FIMS_30,Dry,2024,TS7,,Bay Anchovy,,,5,,4.1,0.5,c,100,7.2,29.8,8.6,0.6,14940,1,,,12:45,1:13
FIMS_30,Dry,2024,TS7,,Bay Anchovy,,,5,,3.4,0.2,c,100,7.2,29.8,8.6,0.6,14940,1,,,12:45,1:13
FIMS_30,Dry,2024,TS7,,Bay Anchovy,,,5,,2.8,0.1,c,100,7.2,29.8,8.6,0.6,14940,1,,,12:45,1:13
FIMS_30,Dry,2024,TS7,,Bay Anchovy,,,5,,4.9,0.7,c,100,7.2,29.8,8.6,0.6,14940,1,,,12:45,1:13
FIMS_30,Dry,2024,TS7,,Bay Anchovy,,,5,,3.8,0.4,c,100,7.2,29.8,8.6,0.6,14940,1,,,12:45,1:13
FIMS_30,Dry,2024,TS7,,Bay Anchovy,,,5,,4.6,0.6,c,100,7.2,29.8,8.6,0.6,14940,1,,,12:45,1:13
FIMS_30,Dry,2024,TS7,,Bay Anchovy,,,5,,4.2,0.4,c,100,7.2,29.8,8.6,0.6,14940,1,,,12:45,1:13
FIMS_30,Dry,2024,TS7,,Bay Anchovy,,,5,,2.9,0.2,c,100,7.2,29.8,8.6,0.6,14940,1,,,12:45,1:13
FIMS_30,Dry,2024,TS7,,Bay Anchovy,,,5,,2.9,0.1,c,100,7.2,29.8,8.6,0.6,14940,1,,,12:45,1:13
FIMS_30,Dry,2024,TS7,,Bay Anchovy,,,5,,3,0.1,c,100,7.2,29.8,8.6,0.6,14940,1,,,12:45,1:13
FIMS_30,Dry,2024,TS7,,Bay Anchovy,,,5,,2.9,0.2,c,100,7.2,29.8,8.6,0.6,14940,1,,,12:45,1:13
FIMS_30,Dry,2024,TS7,,Bay Anchovy,,,5,,3.1,0.1,c,100,7.2,29.8,8.6,0.6,14940,1,,,12:45,1:13
FIMS_30,Dry,2024,TS7,,Bay Anchovy,,,5,,3.1,0.2,c,100,7.2,29.8,8.6,0.6,14940,1,,,12:45,1:13
FIMS_30,Dry,2024,TS7,,Bay Anchovy,,,5,,3.5,0.3,c,100,7.2,29.8,8.6,0.6,14940,1,,,12:45,1:13
FIMS_30,Dry,2024,TS7,,Bay Anchovy,,,5,,3.2,0.3,c,100,7.2,29.8,8.6,0.6,14940,1,,,12:45,1:13
FIMS_30,Dry,2024,TS7,,Bay Anchovy,,,5,,3.3,0.2,c,100,7.2,29.8,8.6,0.6,14940,1,,,12:45,1:13
FIMS_30,Dry,2024,TS7,,Bay Anchovy,,,5,,2.9,0.2,c,100,7.2,29.8,8.6,0.6,14940,1,,,12:45,1:13
FIMS_30,Dry,2024,TS7,,Bay Anchovy,,,5,,2.8,0.1,c,100,7.2,29.8,8.6,0.6,14940,1,,,12:45,1:13
FIMS_30,Dry,2024,TS7,,Bay Anchovy,,,5,,4,0.4,c,100,7.2,29.8,8.6,0.6,14940,1,,,12:45,1:13
FIMS_30,Dry,2024,TS7,,Bay Anchovy,,,5,,3.1,0.3,c,100,7.2,29.8,8.6,0.6,14940,1,,,12:45,1:13
FIMS_30,Dry,2024,TS7,,Bay Anchovy,,,5,,2.9,0.2,c,100,7.2,29.8,8.6,0.6,14940,1,,,12:45,1:13
FIMS_30,Dry,2024,TS7,,Bay Anchovy,,,5,,4.7,0.7,c,100,7.2,29.8,8.6,0.6,14940,1,,,12:45,1:13
FIMS_30,Dry,2024,TS7,,Bay Anchovy,,,5,,3.1,0.2,c,100,7.2,29.8,8.6,0.6,14940,1,,,12:45,1:13
FIMS_30,Dry,2024,TS7,,Bay Anchovy,,,5,,3.2,0.2,c,100,7.2,29.8,8.6,0.6,14940,1,,,12:45,1:13
FIMS_30,Dry,2024,TS7,,Bay Anchovy,,,5,,4.2,0.5,c,100,7.2,29.8,8.6,0.6,14940,1,,,12:45,1:13
FIMS_30,Dry,2024,TS7,,Bay Anchovy,,,5,,,,c,100,7.2,29.8,8.6,0.6,14940,1,,,12:45,1:13
FIMS_30,Dry,2024,TS7,,Bay Anchovy,,,5,,,,c,100,7.2,29.8,8.6,0.6,14940,1,,,12:45,1:13
FIMS_30,Dry,2024,TS7,,Bay Anchovy,,,5,,,,c,100,7.2,29.8,8.6,0.6,14940,1,,,12:45,1:13
FIMS_30,Dry,2024,TS7,,Bay Anchovy,,,5,,,,c,100,7.2,29.8,8.6,0.6,14940,1,,,12:45,1:13
FIMS_30,Dry,2024,TS7,,Bay Anchovy,,,5,,,,c,100,7.2,29.8,8.6,0.6,14940,1,,,12:45,1:13
FIMS_30,Dry,2024,TS7,,Bay Anchovy,,,5,,,,c,100,7.2,29.8,8.6,0.6,14940,1,,,12:45,1:13
FIMS_30,Dry,2024,TS7,,Bay Anchovy,,,5,,,,c,100,7.2,29.8,8.6,0.6,14940,1,,,12:45,1:13
FIMS_30,Dry,2024,TS7,,Bay Anchovy,,,5,,,,c,100,7.2,29.8,8.6,0.6,14940,1,,,12:45,1:13
FIMS_30,Dry,2024,TS7,,Bay Anchovy,,,5,,,,c,100,7.2,29.8,8.6,0.6,14940,1,,,12:45,1:13
FIMS_30,Dry,2024,TS7,,Bay Anchovy,,,5,,,,c,100,7.2,29.8,8.6,0.6,14940,1,,,12:45,1:13
FIMS_30,Dry,2024,TS7,,Bay Anchovy,,,5,,,,c,100,7.2,29.8,8.6,0.6,14940,1,,,12:45,1:13
FIMS_30,Dry,2024,TS7,,Bay Anchovy,,,5,,,,c,100,7.2,29.8,8.6,0.6,14940,1,,,12:45,1:13
FIMS_30,Dry,2024,TS7,,Bay Anchovy,,,5,,,,c,100,7.2,29.8,8.6,0.6,14940,1,,,12:45,1:13
FIMS_30,Dry,2024,TS7,,Bay Anchovy,,,5,,,,c,100,7.2,29.8,8.6,0.6,14940,1,,,12:45,1:13
FIMS_30,Dry,2024,TS7,,Bay Anchovy,,,5,,,,c,100,7.2,29.8,8.6,0.6,14940,1,,,12:45,1:13
FIMS_30,Dry,2024,TS7,,Bay Anchovy,,,5,,,,c,100,7.2,29.8,8.6,0.6,14940,1,,,12:45,1:13
FIMS_30,Dry,2024,TS7,,Bay Anchovy,,,5,,,,c,100,7.2,29.8,8.6,0.6,14940,1,,,12:45,1:13
FIMS_30,Dry,2024,TS7,,Bay Anchovy,,,5,,,,c,100,7.2,29.8,8.6,0.6,14940,1,,,12:45,1:13
FIMS_30,Dry,2024,TS7,,Bay Anchovy,,,5,,,,c,100,7.2,29.8,8.6,0.6,14940,1,,,12:45,1:13
FIMS_30,Dry,2024,TS7,,Bay Anchovy,,,5,,,,c,100,7.2,29.8,8.6,0.6,14940,1,,,12:45,1:13
FIMS_30,Dry,2024,TS7,,Bay Anchovy,,,5,,,,c,100,7.2,29.8,8.6,0.6,14940,1,,,12:45,1:13
FIMS_30,Dry,2024,TS7,,Bay Anchovy,,,5,,,,c,100,7.2,29.8,8.6,0.6,14940,1,,,12:45,1:13
FIMS_30,Dry,2024,TS7,,Bay Anchovy,,,5,,,,c,100,7.2,29.8,8.6,0.6,14940,1,,,12:45,1:13
FIMS_30,Dry,2024,TS7,,Bay Anchovy,,,5,,,,c,100,7.2,29.8,8.6,0.6,14940,1,,,12:45,1:13
FIMS_30,Dry,2024,TS7,,Bay Anchovy,,,5,,,,c,100,7.2,29.8,8.6,0.6,14940,1,,,12:45,1:13
FIMS_30,Dry,2024,TS7,,Bay Anchovy,,,5,,,,c,100,7.2,29.8,8.6,0.6,14940,1,,,12:45,1:13
FIMS_30,Dry,2024,TS7,,Bay Anchovy,,,5,,,,c,100,7.2,29.8,8.6,0.6,14940,1,,,12:45,1:13
FIMS_30,Dry,2024,TS7,,Bay Anchovy,,,5,,,,c,100,7.2,29.8,8.6,0.6,14940,1,,,12:45,1:13
FIMS_30,Dry,2024,TS7,,Bay Anchovy,,,5,,,,c,100,7.2,29.8,8.6,0.6,14940,1,,,12:45,1:13
FIMS_30,Dry,2024,TS7,,Bay Anchovy,,,5,,,,c,100,7.2,29.8,8.6,0.6,14940,1,,,12:45,1:13
FIMS_30,Dry,2024,TS7,,Bay Anchovy,,,5,,,,c,100,7.2,29.8,8.6,0.6,14940,1,,,12:45,1:13
FIMS_30,Dry,2024,TS7,,Bay Anchovy,,,5,,,,c,100,7.2,29.8,8.6,0.6,14940,1,,,12:45,1:13
FIMS_30,Dry,2024,TS7,,Bay Anchovy,,,5,,,,c,100,7.2,29.8,8.6,0.6,14940,1,,,12:45,1:13
FIMS_30,Dry,2024,TS7,,Bay Anchovy,,,5,,,,c,100,7.2,29.8,8.6,0.6,14940,1,,,12:45,1:13
FIMS_30,Dry,2024,TS7,,Bay Anchovy,,,5,,,,c,100,7.2,29.8,8.6,0.6,14940,1,,,12:45,1:13
FIMS_30,Dry,2024,TS7,,Bay Anchovy,,,5,,,,c,100,7.2,29.8,8.6,0.6,14940,1,,,12:45,1:13
FIMS_30,Dry,2024,TS7,,Bay Anchovy,,,5,,,,c,100,7.2,29.8,8.6,0.6,14940,1,,,12:45,1:13
FIMS_30,Dry,2024,TS7,,Bay Anchovy,,,5,,,,c,100,7.2,29.8,8.6,0.6,14940,1,,,12:45,1:13
FIMS_30,Dry,2024,TS7,,Bay Anchovy,,,5,,,,c,100,7.2,29.8,8.6,0.6,14940,1,,,12:45,1:13
FIMS_30,Dry,2024,TS7,,Bay Anchovy,,,5,,,,c,100,7.2,29.8,8.6,0.6,14940,1,,,12:45,1:13
FIMS_30,Dry,2024,TS7,,Bay Anchovy,,,5,,,,c,100,7.2,29.8,8.6,0.6,14940,1,,,12:45,1:13
FIMS_30,Dry,2024,TS7,,Bay Anchovy,,,5,,,,c,100,7.2,29.8,8.6,0.6,14940,1,,,12:45,1:13
FIMS_30,Dry,2024,TS7,,Bay Anchovy,,,5,,,,c,100,7.2,29.8,8.6,0.6,14940,1,,,12:45,1:13
FIMS_30,Dry,2024,TS7,,Bay Anchovy,,,5,,,,c,100,7.2,29.8,8.6,0.6,14940,1,,,12:45,1:13
FIMS_30,Dry,2024,TS7,,Bay Anchovy,,,5,,,,c,100,7.2,29.8,8.6,0.6,14940,1,,,12:45,1:13
FIMS_30,Dry,2024,TS7,,Bay Anchovy,,,5,,,,c,100,7.2,29.8,8.6,0.6,14940,1,,,12:45,1:13
FIMS_30,Dry,2024,TS7,,Bay Anchovy,,,5,,,,c,100,7.2,29.8,8.6,0.6,14940,1,,,12:45,1:13
FIMS_30,Dry,2024,TS7,,Bay Anchovy,,,5,,,,c,100,7.2,29.8,8.6,0.6,14940,1,,,12:45,1:13
FIMS_30,Dry,2024,TS7,,Bay Anchovy,,,5,,,,c,100,7.2,29.8,8.6,0.6,14940,1,,,12:45,1:13
FIMS_30,Dry,2024,TS7,,Bay Anchovy,,,5,,,,c,100,7.2,29.8,8.6,0.6,14940,1,,,12:45,1:13
FIMS_30,Dry,2024,TS7,,Bay Anchovy,,,5,,,,c,100,7.2,29.8,8.6,0.6,14940,1,,,12:45,1:13
FIMS_30,Dry,2024,TS7,,Bay Anchovy,,,5,,,,c,100,7.2,29.8,8.6,0.6,14940,1,,,12:45,1:13
FIMS_30,Dry,2024,TS7,,Bay Anchovy,,,5,,,,c,100,7.2,29.8,8.6,0.6,14940,1,,,12:45,1:13
FIMS_30,Dry,2024,TS7,,Bay Anchovy,,,5,,,,c,100,7.2,29.8,8.6,0.6,14940,1,,,12:45,1:13
FIMS_30,Dry,2024,TS7,,Bay Anchovy,,,5,,,,c,100,7.2,29.8,8.6,0.6,14940,1,,,12:45,1:13
FIMS_30,Dry,2024,TS7,,Bay Anchovy,,,5,,,,c,100,7.2,29.8,8.6,0.6,14940,1,,,12:45,1:13
FIMS_30,Dry,2024,TS7,,Bay Anchovy,,,5,,,,c,100,7.2,29.8,8.6,0.6,14940,1,,,12:45,1:13
FIMS_30,Dry,2024,TS7,,Bay Anchovy,,,5,,,,c,100,7.2,29.8,8.6,0.6,14940,1,,,12:45,1:13
FIMS_30,Dry,2024,TS7,,Bay Anchovy,,,5,,,,c,100,7.2,29.8,8.6,0.6,14940,1,,,12:45,1:13
FIMS_30,Dry,2024,TS7,,Bay Anchovy,,,5,,,,c,100,7.2,29.8,8.6,0.6,14940,1,,,12:45,1:13
FIMS_30,Dry,2024,TS7,,Bay Anchovy,,,5,,,,c,100,7.2,29.8,8.6,0.6,14940,1,,,12:45,1:13
FIMS_30,Dry,2024,TS7,,Bay Anchovy,,,5,,,,c,100,7.2,29.8,8.6,0.6,14940,1,,,12:45,1:13
FIMS_30,Dry,2024,TS7,,Bay Anchovy,,,5,,,,c,100,7.2,29.8,8.6,0.6,14940,1,,,12:45,1:13
FIMS_30,Dry,2024,TS7,,Bay Anchovy,,,5,,,,c,100,7.2,29.8,8.6,0.6,14940,1,,,12:45,1:13
FIMS_30,Dry,2024,TS7,,Bay Anchovy,,,5,,,,c,100,7.2,29.8,8.6,0.6,14940,1,,,12:45,1:13
FIMS_30,Dry,2024,TS7,,Bay Anchovy,,,5,,,,c,100,7.2,29.8,8.6,0.6,14940,1,,,12:45,1:13
FIMS_30,Dry,2024,TS7,,Bay Anchovy,,,5,,,,c,100,7.2,29.8,8.6,0.6,14940,1,,,12:45,1:13
FIMS_30,Dry,2024,TS7,,Bay Anchovy,,,5,,,,c,100,7.2,29.8,8.6,0.6,14940,1,,,12:45,1:13
FIMS_30,Dry,2024,TS7,,Bay Anchovy,,,5,,,,c,100,7.2,29.8,8.6,0.6,14940,1,,,12:45,1:13
FIMS_30,Dry,2024,TS7,,Bay Anchovy,,,5,,,,c,100,7.2,29.8,8.6,0.6,14940,1,,,12:45,1:13
FIMS_30,Dry,2024,TS7,,Bay Anchovy,,,5,,,,c,100,7.2,29.8,8.6,0.6,14940,1,,,12:45,1:13
FIMS_30,Dry,2024,TS7,,Bay Anchovy,,,5,,,,c,100,7.2,29.8,8.6,0.6,14940,1,,,12:45,1:13
FIMS_30,Dry,2024,TS7,,Bay Anchovy,,,5,,,,c,100,7.2,29.8,8.6,0.6,14940,1,,,12:45,1:13
FIMS_30,Dry,2024,TS7,,Bay Anchovy,,,5,,,,c,100,7.2,29.8,8.6,0.6,14940,1,,,12:45,1:13
FIMS_30,Dry,2024,TS7,,Bay Anchovy,,,5,,,,c,100,7.2,29.8,8.6,0.6,14940,1,,,12:45,1:13
FIMS_30,Dry,2024,TS7,,Bay Anchovy,,,5,,,,c,100,7.2,29.8,8.6,0.6,14940,1,,,12:45,1:13
FIMS_30,Dry,2024,TS7,,Bay Anchovy,,,5,,,,c,100,7.2,29.8,8.6,0.6,14940,1,,,12:45,1:13
FIMS_30,Dry,2024,TS7,,Bay Anchovy,,,5,,,,c,100,7.2,29.8,8.6,0.6,14940,1,,,12:45,1:13
FIMS_30,Dry,2024,TS7,,Bay Anchovy,,,5,,,,c,100,7.2,29.8,8.6,0.6,14940,1,,,12:45,1:13
FIMS_30,Dry,2024,TS7,,Bay Anchovy,,,5,,,,c,100,7.2,29.8,8.6,0.6,14940,1,,,12:45,1:13
FIMS_30,Dry,2024,TS7,,Bay Anchovy,,,5,,,,c,100,7.2,29.8,8.6,0.6,14940,1,,,12:45,1:13
FIMS_30,Dry,2024,TS7,,Bay Anchovy,,,5,,,,c,100,7.2,29.8,8.6,0.6,14940,1,,,12:45,1:13
FIMS_30,Dry,2024,TS7,,Bay Anchovy,,,5,,,,c,100,7.2,29.8,8.6,0.6,14940,1,,,12:45,1:13
FIMS_30,Dry,2024,TS7,,Bay Anchovy,,,5,,,,c,100,7.2,29.8,8.6,0.6,14940,1,,,12:45,1:13
FIMS_30,Dry,2024,TS7,,Bay Anchovy,,,5,,,,c,100,7.2,29.8,8.6,0.6,14940,1,,,12:45,1:13
FIMS_30,Dry,2024,TS7,,Bay Anchovy,,,5,,,,c,100,7.2,29.8,8.6,0.6,14940,1,,,12:45,1:13
FIMS_30,Dry,2024,TS7,,Bay Anchovy,,,5,,,,c,100,7.2,29.8,8.6,0.6,14940,1,,,12:45,1:13
FIMS_30,Dry,2024,TS7,,Bay Anchovy,,,5,,,,c,100,7.2,29.8,8.6,0.6,14940,1,,,12:45,1:13
FIMS_30,Dry,2024,TS7,,Bay Anchovy,,,5,,,,c,100,7.2,29.8,8.6,0.6,14940,1,,,12:45,1:13
FIMS_30,Dry,2024,TS7,,Bay Anchovy,,,5,,,,c,100,7.2,29.8,8.6,0.6,14940,1,,,12:45,1:13
FIMS_30,Dry,2024,TS7,,Bay Anchovy,,,5,,,,c,100,7.2,29.8,8.6,0.6,14940,1,,,12:45,1:13
FIMS_30,Dry,2024,TS7,,Bay Anchovy,,,5,,,,c,100,7.2,29.8,8.6,0.6,14940,1,,,12:45,1:13
FIMS_30,Dry,2024,TS7,,Bay Anchovy,,,5,,,,c,100,7.2,29.8,8.6,0.6,14940,1,,,12:45,1:13
FIMS_30,Dry,2024,TS7,,Bay Anchovy,,,5,,,,c,100,7.2,29.8,8.6,0.6,14940,1,,,12:45,1:13
FIMS_30,Dry,2024,TS7,,Bay Anchovy,,,5,,,,c,100,7.2,29.8,8.6,0.6,14940,1,,,12:45,1:13
FIMS_30,Dry,2024,TS7,,Bay Anchovy,,,5,,,,c,100,7.2,29.8,8.6,0.6,14940,1,,,12:45,1:13
FIMS_30,Dry,2024,TS7,,Bay Anchovy,,,5,,,,c,100,7.2,29.8,8.6,0.6,14940,1,,,12:45,1:13
FIMS_30,Dry,2024,TS7,,Bay Anchovy,,,5,,,,c,100,7.2,29.8,8.6,0.6,14940,1,,,12:45,1:13
FIMS_30,Dry,2024,TS7,,Bay Anchovy,,,5,,,,c,100,7.2,29.8,8.6,0.6,14940,1,,,12:45,1:13
FIMS_30,Dry,2024,TS7,,Bay Anchovy,,,5,,,,c,100,7.2,29.8,8.6,0.6,14940,1,,,12:45,1:13
FIMS_30,Dry,2024,TS7,,Bay Anchovy,,,5,,,,c,100,7.2,29.8,8.6,0.6,14940,1,,,12:45,1:13
FIMS_30,Dry,2024,TS7,,Bay Anchovy,,,5,,,,c,100,7.2,29.8,8.6,0.6,14940,1,,,12:45,1:13
FIMS_30,Dry,2024,TS7,,Great Barracuda,,,5,16.8,21.1,48.7,c,100,7.2,29.8,8.6,0.6,14940,1,,,12:45,1:13
FIMS_30,Dry,2024,TS7,,Snapping Shrimp,,,5,,4.3,1.5,c,100,7.2,29.8,8.6,0.6,14940,1,,,12:45,1:13
FIMS_30,Dry,2024,TS7,,Clown Goby,,,5,,4.1,0.5,c,100,7.2,29.8,8.6,0.6,14940,1,,,12:45,1:13
FIMS_30,Dry,2024,TS7,,Clown Goby,,,5,,4.7,0.7,c,100,7.2,29.8,8.6,0.6,14940,1,,,12:45,1:13
FIMS_30,Dry,2024,TS7,,Clown Goby,,,5,,5,0.8,c,100,7.2,29.8,8.6,0.6,14940,1,,,12:45,1:13
FIMS_30,Dry,2024,TS7,,Clown Goby,,,5,,4.1,0.5,c,100,7.2,29.8,8.6,0.6,14940,1,,,12:45,1:13
FIMS_30,Dry,2024,TS7,,Clown Goby,,,5,,4,4,c,100,7.2,29.8,8.6,0.6,14940,1,,,12:45,1:13
FIMS_30,Dry,2024,TS7,,Clown Goby,,,5,,4.2,0.5,c,100,7.2,29.8,8.6,0.6,14940,1,,,12:45,1:13
FIMS_30,Dry,2024,TS7,,Clown Goby,,,5,,3.3,0.3,c,100,7.2,29.8,8.6,0.6,14940,1,,,12:45,1:13
FIMS_30,Dry,2024,TS7,,Clown Goby,,,5,,4.7,0.8,c,100,7.2,29.8,8.6,0.6,14940,1,,,12:45,1:13
FIMS_30,Dry,2024,TS7,,Clown Goby,,,5,,3,0.4,c,100,7.2,29.8,8.6,0.6,14940,1,,,12:45,1:13
FIMS_30,Dry,2024,TS7,,Clown Goby,,,5,,4.8,0.7,c,100,7.2,29.8,8.6,0.6,14940,1,,,12:45,1:13
FIMS_30,Dry,2024,TS7,,Clown Goby,,,5,,3.8,0.4,c,100,7.2,29.8,8.6,0.6,14940,1,,,12:45,1:13
FIMS_30,Dry,2024,TS7,,Clown Goby,,,5,,3.9,0.4,c,100,7.2,29.8,8.6,0.6,14940,1,,,12:45,1:13
FIMS_30,Dry,2024,TS7,,Clown Goby,,,5,,4.2,0.5,c,100,7.2,29.8,8.6,0.6,14940,1,,,12:45,1:13
FIMS_30,Dry,2024,TS7,,Clown Goby,,,5,,5.1,0.6,c,100,7.2,29.8,8.6,0.6,14940,1,,,12:45,1:13
FIMS_30,Dry,2024,TS7,,Clown Goby,,,5,,3.4,0.2,c,100,7.2,29.8,8.6,0.6,14940,1,,,12:45,1:13
FIMS_30,Dry,2024,TS7,,Clown Goby,,,5,,5,0.8,c,100,7.2,29.8,8.6,0.6,14940,1,,,12:45,1:13
FIMS_30,Dry,2024,TS7,,Gulf Toadfish,,,5,,6.6,3.3,c,100,7.2,29.8,8.6,0.6,14940,1,,,12:45,1:13
FIMS_30,Dry,2024,TS7,,Gulf Toadfish,,,5,,5.9,2.9,c,100,7.2,29.8,8.6,0.6,14940,1,,,12:45,1:13
FIMS_30,Dry,2024,TS7,,Goldspotted Killifish,,,5,,2.6,0.4,c,100,7.2,29.8,8.6,0.6,14940,1,,,12:45,1:13
FIMS_30,Dry,2024,TS7,,Goldspotted Killifish,,,5,,2.7,0.3,c,100,7.2,29.8,8.6,0.6,14940,1,,,12:45,1:13
FIMS_30,Dry,2024,TS7,,Gulf Pipefish,,,5,,9.3,0.6,c,100,7.2,29.8,8.6,0.6,14940,1,,,12:45,1:13
FIMS_27,Dry,2024,TS9,,Gulf Pipefish,,,1,,12.2,1.3,c,114,7.6,28.9,24.1,1.4,39211,12,,,10:00,10:10
FIMS_27,Dry,2024,TS9,,Gulf Pipefish,,,1,,7.1,0.1,c,114,7.6,28.9,24.1,1.4,39211,12,,,10:00,10:10
FIMS_27,Dry,2024,TS9,,Estuarine Mud Crab,,,1,,1.9,0.8,c,114,7.6,28.9,24.1,1.4,39211,12,,,10:00,10:10
FIMS_27,Dry,2024,TS9,,Estuarine Mud Crab,,,1,,1.4,0.9,c,114,7.6,28.9,24.1,1.4,39211,12,,,10:00,10:10
FIMS_27,Dry,2024,TS9,,Bay Anchovy,,,1,,2.6,0.1,c,114,7.6,28.9,24.1,1.4,39211,12,,,10:00,10:10
FIMS_27,Dry,2024,TS9,,Eastern Grass Shrimp,,,1,,1.2,0.1,c,114,7.6,28.9,24.1,1.4,39211,12,,,10:00,10:10
FIMS_27,Dry,2024,TS9,,Eastern Grass Shrimp,,,1,,1.6,0.1,c,114,7.6,28.9,24.1,1.4,39211,12,,,10:00,10:10
FIMS_27,Dry,2024,TS9,,Eastern Grass Shrimp,,,1,,0.9,0.1,c,114,7.6,28.9,24.1,1.4,39211,12,,,10:00,10:10
FIMS_27,Dry,2024,TS9,,Dwarf Seahorse,,,1,,1.8,0.1,c,114,7.6,28.9,24.1,1.4,39211,12,,,10:00,10:10
FIMS_27,Dry,2024,TS9,,Gulf Pipefish,,,1,,10.4,0.9,c,114,7.6,28.9,24.1,1.4,39211,12,,,10:00,10:10
FIMS_27,Dry,2024,TS9,,Gulf Pipefish,,,1,,7.6,0.3,c,114,7.6,28.9,24.1,1.4,39211,12,,,10:00,10:10
FIMS_27,Dry,2024,TS9,,Gulf Pipefish,,,1,,10.9,1.1,c,114,7.6,28.9,24.1,1.4,39211,12,,,10:00,10:10
FIMS_27,Dry,2024,TS9,,Striped Mullet,,,1,,26,132,c,114,7.6,28.9,24.1,1.4,39211,12,,,10:00,10:10
FIMS_27,Dry,2024,TS9,,Eastern Grass Shrimp,,,1,,2.5,0.1,c,114,7.6,28.9,24.1,1.4,39211,12,,,10:00,10:10
FIMS_27,Dry,2024,TS9,,Eastern Grass Shrimp,,,1,,3.3,0.1,c,114,7.6,28.9,24.1,1.4,39211,12,,,10:00,10:10
FIMS_27,Dry,2024,TS9,,Eastern Grass Shrimp,,,1,,2.4,0.1,c,114,7.6,28.9,24.1,1.4,39211,12,,,10:00,10:10
FIMS_27,Dry,2024,TS9,,Eastern Grass Shrimp,,,1,,2.4,0.1,c,114,7.6,28.9,24.1,1.4,39211,12,,,10:00,10:10
FIMS_28,Dry,2024,TS9,,Gulf Pipefish,,,2,,6.5,0.3,c,109,9.3,29.1,24.9,1.5,39265,7,,,10:20,11:04
FIMS_28,Dry,2024,TS9,,Gulf Pipefish,,,2,,7.4,0.2,c,109,9.3,29.1,24.9,1.5,39265,7,,,10:20,11:04
FIMS_28,Dry,2024,TS9,,Gulf Pipefish,,,2,,6.9,0.3,c,109,9.3,29.1,24.9,1.5,39265,7,,,10:20,11:04
FIMS_28,Dry,2024,TS9,,Goldspotted Killifish,,,2,,2.2,0.1,c,109,9.3,29.1,24.9,1.5,39265,7,,,10:20,11:04
FIMS_28,Dry,2024,TS9,,Rainwater Killifish,,,2,,2.4,0.2,c,109,9.3,29.1,24.9,1.5,39265,7,,,10:20,11:04
FIMS_28,Dry,2024,TS9,,Rainwater Killifish,,,2,,2.1,0.1,c,109,9.3,29.1,24.9,1.5,39265,7,,,10:20,11:04
FIMS_28,Dry,2024,TS9,,Seastar,,,2,,5.6,3.9,c,109,9.3,29.1,24.9,1.5,39265,7,,,10:20,11:04
FIMS_28,Dry,2024,TS9,,Eastern Grass Shrimp,,,2,,1.6,0.1,c,109,9.3,29.1,24.9,1.5,39265,7,,,10:20,11:04
FIMS_28,Dry,2024,TS9,,Estuarine Mud Crab,,,2,,1.6,0.6,c,109,9.3,29.1,24.9,1.5,39265,7,,,10:20,11:04
FIMS_36,Dry,2024,TS9,,Redfin Needlefish,,,3,,27.2,39.5,c,186,12.4,29.6,24.9,1.3,39248,20,,,11:30,
FIMS_36,Dry,2024,TS9,,Redfin Needlefish,,,3,,25.1,25.7,c,186,12.4,29.6,24.9,1.3,39248,20,,,11:30,
FIMS_36,Dry,2024,TS9,,Redfin Needlefish,,,3,,28,40.9,c,186,12.4,29.6,24.9,1.3,39248,20,,,11:30,
FIMS_36,Dry,2024,TS9,,Redfin Needlefish,,,3,,25.1,25.6,c,186,12.4,29.6,24.9,1.3,39248,20,,,11:30,
FIMS_36,Dry,2024,TS9,,Redfin Needlefish,,,3,,27,44.2,c,186,12.4,29.6,24.9,1.3,39248,20,,,11:30,
FIMS_36,Dry,2024,TS9,,Redfin Needlefish,,,3,,5.7,0.4,c,186,12.4,29.6,24.9,1.3,39248,20,,,11:30,
FIMS_36,Dry,2024,TS9,,Gulf Pipefish,,,3,,6.5,0.1,c,186,12.4,29.6,24.9,1.3,39248,20,,,11:30,
FIMS_36,Dry,2024,TS9,,Rainwater Killifish,,,3,,2.3,0.1,c,186,12.4,29.6,24.9,1.3,39248,20,,,11:30,
FIMS_36,Dry,2024,TS9,,Rainwater Killifish,,,3,,3.4,0.5,c,186,12.4,29.6,24.9,1.3,39248,20,,,11:30,
FIMS_36,Dry,2024,TS9,,Rainwater Killifish,,,3,,2.7,0.2,c,186,12.4,29.6,24.9,1.3,39248,20,,,11:30,
FIMS_36,Dry,2024,TS9,,Rainwater Killifish,,,3,,2.5,0.2,c,186,12.4,29.6,24.9,1.3,39248,20,,,11:30,
FIMS_36,Dry,2024,TS9,,Florida Blenny,,,3,,3.5,0.5,c,186,12.4,29.6,24.9,1.3,39248,20,,,11:30,
FIMS_36,Dry,2024,TS9,,Tidewater Mojarra,,,3,,10,14,c,186,12.4,29.6,24.9,1.3,39248,20,,,11:30,
FIMS_36,Dry,2024,TS9,,Tidewater Mojarra,,,3,,9.8,11.6,c,186,12.4,29.6,24.9,1.3,39248,20,,,11:30,
FIMS_36,Dry,2024,TS9,,Tidewater Mojarra,,,3,,10.5,16,c,186,12.4,29.6,24.9,1.3,39248,20,,,11:30,
FIMS_36,Dry,2024,TS9,,Tidewater Mojarra,,,3,,6.8,3.6,c,186,12.4,29.6,24.9,1.3,39248,20,,,11:30,
FIMS_36,Dry,2024,TS9,,Tidewater Mojarra,,,3,,9.3,10.2,c,186,12.4,29.6,24.9,1.3,39248,20,,,11:30,
FIMS_36,Dry,2024,TS9,,Bay Anchovy,,,3,,3.5,0.2,c,186,12.4,29.6,24.9,1.3,39248,20,,,11:30,
FIMS_36,Dry,2024,TS9,,Bay Anchovy,,,3,,3,0.2,c,186,12.4,29.6,24.9,1.3,39248,20,,,11:30,
FIMS_36,Dry,2024,TS9,,Bay Anchovy,,,3,,3.2,0.2,c,186,12.4,29.6,24.9,1.3,39248,20,,,11:30,
FIMS_36,Dry,2024,TS9,,Bay Anchovy,,,3,,2.5,0.1,c,186,12.4,29.6,24.9,1.3,39248,20,,,11:30,
FIMS_36,Dry,2024,TS9,,Bay Anchovy,,,3,,3.5,0.2,c,186,12.4,29.6,24.9,1.3,39248,20,,,11:30,
FIMS_36,Dry,2024,TS9,,Bay Anchovy,,,3,,4.5,0.5,c,186,12.4,29.6,24.9,1.3,39248,20,,,11:30,
FIMS_36,Dry,2024,TS9,,Bay Anchovy,,,3,,3.5,0.1,c,186,12.4,29.6,24.9,1.3,39248,20,,,11:30,
FIMS_36,Dry,2024,TS9,,Bay Anchovy,,,3,,3.5,0.2,c,186,12.4,29.6,24.9,1.3,39248,20,,,11:30,
FIMS_36,Dry,2024,TS9,,Bay Anchovy,,,3,,3,0.2,c,186,12.4,29.6,24.9,1.3,39248,20,,,11:30,
FIMS_36,Dry,2024,TS9,,Bay Anchovy,,,3,,3.4,0.2,c,186,12.4,29.6,24.9,1.3,39248,20,,,11:30,
FIMS_36,Dry,2024,TS9,,Bay Anchovy,,,3,,3.3,0.2,c,186,12.4,29.6,24.9,1.3,39248,20,,,11:30,
FIMS_36,Dry,2024,TS9,,Bay Anchovy,,,3,,3.5,0.2,c,186,12.4,29.6,24.9,1.3,39248,20,,,11:30,
FIMS_36,Dry,2024,TS9,,Bay Anchovy,,,3,,3.3,0.2,c,186,12.4,29.6,24.9,1.3,39248,20,,,11:30,
FIMS_36,Dry,2024,TS9,,Bay Anchovy,,,3,,3.4,0.2,c,186,12.4,29.6,24.9,1.3,39248,20,,,11:30,
FIMS_36,Dry,2024,TS9,,Bay Anchovy,,,3,,3.1,0.2,c,186,12.4,29.6,24.9,1.3,39248,20,,,11:30,
FIMS_36,Dry,2024,TS9,,Bay Anchovy,,,3,,3.5,0.2,c,186,12.4,29.6,24.9,1.3,39248,20,,,11:30,
FIMS_36,Dry,2024,TS9,,Bay Anchovy,,,3,,3.5,0.2,c,186,12.4,29.6,24.9,1.3,39248,20,,,11:30,
FIMS_36,Dry,2024,TS9,,Bay Anchovy,,,3,,3.4,0.2,c,186,12.4,29.6,24.9,1.3,39248,20,,,11:30,
FIMS_36,Dry,2024,TS9,,Bay Anchovy,,,3,,3.3,0.2,c,186,12.4,29.6,24.9,1.3,39248,20,,,11:30,
FIMS_36,Dry,2024,TS9,,Bay Anchovy,,,3,,3.2,0.2,c,186,12.4,29.6,24.9,1.3,39248,20,,,11:30,
FIMS_36,Dry,2024,TS9,,Bay Anchovy,,,3,,3.3,0.2,c,186,12.4,29.6,24.9,1.3,39248,20,,,11:30,
FIMS_36,Dry,2024,TS9,,Bay Anchovy,,,3,,3.1,0.2,c,186,12.4,29.6,24.9,1.3,39248,20,,,11:30,
FIMS_36,Dry,2024,TS9,,Bay Anchovy,,,3,,3.2,0.2,c,186,12.4,29.6,24.9,1.3,39248,20,,,11:30,
FIMS_36,Dry,2024,TS9,,Bay Anchovy,,,3,,3,0.2,c,186,12.4,29.6,24.9,1.3,39248,20,,,11:30,
FIMS_36,Dry,2024,TS9,,Bay Anchovy,,,3,,3.3,0.3,c,186,12.4,29.6,24.9,1.3,39248,20,,,11:30,
FIMS_36,Dry,2024,TS9,,Bay Anchovy,,,3,,3.5,0.2,c,186,12.4,29.6,24.9,1.3,39248,20,,,11:30,
FIMS_36,Dry,2024,TS9,,Bay Anchovy,,,3,,3.4,0.2,c,186,12.4,29.6,24.9,1.3,39248,20,,,11:30,
FIMS_36,Dry,2024,TS9,,Bay Anchovy,,,3,,3,0.2,c,186,12.4,29.6,24.9,1.3,39248,20,,,11:30,
FIMS_36,Dry,2024,TS9,,Bay Anchovy,,,3,,3.4,0.2,c,186,12.4,29.6,24.9,1.3,39248,20,,,11:30,
FIMS_36,Dry,2024,TS9,,Bay Anchovy,,,3,,3,0.2,c,186,12.4,29.6,24.9,1.3,39248,20,,,11:30,
FIMS_36,Dry,2024,TS9,,Bay Anchovy,,,3,,3.5,0.2,c,186,12.4,29.6,24.9,1.3,39248,20,,,11:30,
FIMS_36,Dry,2024,TS9,,Bay Anchovy,,,3,,3.6,0.2,c,186,12.4,29.6,24.9,1.3,39248,20,,,11:30,
FIMS_36,Dry,2024,TS9,,Bay Anchovy,,,3,,3.5,0.2,c,186,12.4,29.6,24.9,1.3,39248,20,,,11:30,
FIMS_36,Dry,2024,TS9,,Bay Anchovy,,,3,,3.5,0.2,c,186,12.4,29.6,24.9,1.3,39248,20,,,11:30,
FIMS_36,Dry,2024,TS9,,Bay Anchovy,,,3,,3.2,0.2,c,186,12.4,29.6,24.9,1.3,39248,20,,,11:30,
FIMS_36,Dry,2024,TS9,,Bay Anchovy,,,3,,3.5,0.2,c,186,12.4,29.6,24.9,1.3,39248,20,,,11:30,
FIMS_36,Dry,2024,TS9,,Bay Anchovy,,,3,,3.5,0.2,c,186,12.4,29.6,24.9,1.3,39248,20,,,11:30,
FIMS_36,Dry,2024,TS9,,Bay Anchovy,,,3,,3.6,0.2,c,186,12.4,29.6,24.9,1.3,39248,20,,,11:30,
FIMS_36,Dry,2024,TS9,,Bay Anchovy,,,3,,3.5,0.3,c,186,12.4,29.6,24.9,1.3,39248,20,,,11:30,
FIMS_36,Dry,2024,TS9,,Bay Anchovy,,,3,,3.4,0.2,c,186,12.4,29.6,24.9,1.3,39248,20,,,11:30,
FIMS_36,Dry,2024,TS9,,Bay Anchovy,,,3,,,,c,186,12.4,29.6,24.9,1.3,39248,20,,,11:30,
FIMS_36,Dry,2024,TS9,,Bay Anchovy,,,3,,,,c,186,12.4,29.6,24.9,1.3,39248,20,,,11:30,
FIMS_36,Dry,2024,TS9,,Bay Anchovy,,,3,,,,c,186,12.4,29.6,24.9,1.3,39248,20,,,11:30,
FIMS_36,Dry,2024,TS9,,Bay Anchovy,,,3,,,,c,186,12.4,29.6,24.9,1.3,39248,20,,,11:30,
FIMS_36,Dry,2024,TS9,,Bay Anchovy,,,3,,,,c,186,12.4,29.6,24.9,1.3,39248,20,,,11:30,
FIMS_36,Dry,2024,TS9,,Bay Anchovy,,,3,,,,c,186,12.4,29.6,24.9,1.3,39248,20,,,11:30,
FIMS_36,Dry,2024,TS9,,Bay Anchovy,,,3,,,,c,186,12.4,29.6,24.9,1.3,39248,20,,,11:30,
FIMS_36,Dry,2024,TS9,,Bay Anchovy,,,3,,,,c,186,12.4,29.6,24.9,1.3,39248,20,,,11:30,
FIMS_36,Dry,2024,TS9,,Bay Anchovy,,,3,,,,c,186,12.4,29.6,24.9,1.3,39248,20,,,11:30,
FIMS_36,Dry,2024,TS9,,Bay Anchovy,,,3,,,,c,186,12.4,29.6,24.9,1.3,39248,20,,,11:30,
FIMS_36,Dry,2024,TS9,,Bay Anchovy,,,3,,,,c,186,12.4,29.6,24.9,1.3,39248,20,,,11:30,
FIMS_36,Dry,2024,TS9,,Bay Anchovy,,,3,,,,c,186,12.4,29.6,24.9,1.3,39248,20,,,11:30,
FIMS_36,Dry,2024,TS9,,Bay Anchovy,,,3,,,,c,186,12.4,29.6,24.9,1.3,39248,20,,,11:30,
FIMS_36,Dry,2024,TS9,,Bay Anchovy,,,3,,,,c,186,12.4,29.6,24.9,1.3,39248,20,,,11:30,
FIMS_36,Dry,2024,TS9,,Bay Anchovy,,,3,,,,c,186,12.4,29.6,24.9,1.3,39248,20,,,11:30,
FIMS_36,Dry,2024,TS9,,Bay Anchovy,,,3,,,,c,186,12.4,29.6,24.9,1.3,39248,20,,,11:30,
FIMS_36,Dry,2024,TS9,,Bay Anchovy,,,3,,,,c,186,12.4,29.6,24.9,1.3,39248,20,,,11:30,
FIMS_36,Dry,2024,TS9,,Bay Anchovy,,,3,,,,c,186,12.4,29.6,24.9,1.3,39248,20,,,11:30,
FIMS_36,Dry,2024,TS9,,Bay Anchovy,,,3,,,,c,186,12.4,29.6,24.9,1.3,39248,20,,,11:30,
FIMS_36,Dry,2024,TS9,,Bay Anchovy,,,3,,,,c,186,12.4,29.6,24.9,1.3,39248,20,,,11:30,
FIMS_36,Dry,2024,TS9,,Bay Anchovy,,,3,,,,c,186,12.4,29.6,24.9,1.3,39248,20,,,11:30,
FIMS_36,Dry,2024,TS9,,Bay Anchovy,,,3,,,,c,186,12.4,29.6,24.9,1.3,39248,20,,,11:30,
FIMS_36,Dry,2024,TS9,,Bay Anchovy,,,3,,,,c,186,12.4,29.6,24.9,1.3,39248,20,,,11:30,
FIMS_36,Dry,2024,TS9,,Bay Anchovy,,,3,,,,c,186,12.4,29.6,24.9,1.3,39248,20,,,11:30,
FIMS_36,Dry,2024,TS9,,Bay Anchovy,,,3,,,,c,186,12.4,29.6,24.9,1.3,39248,20,,,11:30,
FIMS_36,Dry,2024,TS9,,Bay Anchovy,,,3,,,,c,186,12.4,29.6,24.9,1.3,39248,20,,,11:30,
FIMS_36,Dry,2024,TS9,,Bay Anchovy,,,3,,,,c,186,12.4,29.6,24.9,1.3,39248,20,,,11:30,
FIMS_36,Dry,2024,TS9,,Bay Anchovy,,,3,,,,c,186,12.4,29.6,24.9,1.3,39248,20,,,11:30,
FIMS_36,Dry,2024,TS9,,Bay Anchovy,,,3,,,,c,186,12.4,29.6,24.9,1.3,39248,20,,,11:30,
FIMS_36,Dry,2024,TS9,,Bay Anchovy,,,3,,,,c,186,12.4,29.6,24.9,1.3,39248,20,,,11:30,
FIMS_36,Dry,2024,TS9,,Bay Anchovy,,,3,,,,c,186,12.4,29.6,24.9,1.3,39248,20,,,11:30,
FIMS_36,Dry,2024,TS9,,Bay Anchovy,,,3,,,,c,186,12.4,29.6,24.9,1.3,39248,20,,,11:30,
FIMS_36,Dry,2024,TS9,,Bay Anchovy,,,3,,,,c,186,12.4,29.6,24.9,1.3,39248,20,,,11:30,
FIMS_36,Dry,2024,TS9,,Bay Anchovy,,,3,,,,c,186,12.4,29.6,24.9,1.3,39248,20,,,11:30,
FIMS_36,Dry,2024,TS9,,Bay Anchovy,,,3,,,,c,186,12.4,29.6,24.9,1.3,39248,20,,,11:30,
FIMS_36,Dry,2024,TS9,,Bay Anchovy,,,3,,,,c,186,12.4,29.6,24.9,1.3,39248,20,,,11:30,
FIMS_36,Dry,2024,TS9,,Bay Anchovy,,,3,,,,c,186,12.4,29.6,24.9,1.3,39248,20,,,11:30,
FIMS_36,Dry,2024,TS9,,Bay Anchovy,,,3,,,,c,186,12.4,29.6,24.9,1.3,39248,20,,,11:30,
FIMS_36,Dry,2024,TS9,,Bay Anchovy,,,3,,,,c,186,12.4,29.6,24.9,1.3,39248,20,,,11:30,
FIMS_36,Dry,2024,TS9,,Bay Anchovy,,,3,,,,c,186,12.4,29.6,24.9,1.3,39248,20,,,11:30,
FIMS_36,Dry,2024,TS9,,Bay Anchovy,,,3,,,,c,186,12.4,29.6,24.9,1.3,39248,20,,,11:30,
FIMS_36,Dry,2024,TS9,,Bay Anchovy,,,3,,,,c,186,12.4,29.6,24.9,1.3,39248,20,,,11:30,
FIMS_36,Dry,2024,TS9,,Bay Anchovy,,,3,,,,c,186,12.4,29.6,24.9,1.3,39248,20,,,11:30,
FIMS_36,Dry,2024,TS9,,Bay Anchovy,,,3,,,,c,186,12.4,29.6,24.9,1.3,39248,20,,,11:30,
FIMS_36,Dry,2024,TS9,,Bay Anchovy,,,3,,,,c,186,12.4,29.6,24.9,1.3,39248,20,,,11:30,
FIMS_36,Dry,2024,TS9,,Bay Anchovy,,,3,,,,c,186,12.4,29.6,24.9,1.3,39248,20,,,11:30,
FIMS_36,Dry,2024,TS9,,Bay Anchovy,,,3,,,,c,186,12.4,29.6,24.9,1.3,39248,20,,,11:30,
FIMS_36,Dry,2024,TS9,,Bay Anchovy,,,3,,,,c,186,12.4,29.6,24.9,1.3,39248,20,,,11:30,
FIMS_36,Dry,2024,TS9,,Bay Anchovy,,,3,,,,c,186,12.4,29.6,24.9,1.3,39248,20,,,11:30,
FIMS_36,Dry,2024,TS9,,Bay Anchovy,,,3,,,,c,186,12.4,29.6,24.9,1.3,39248,20,,,11:30,
FIMS_36,Dry,2024,TS9,,Bay Anchovy,,,3,,,,c,186,12.4,29.6,24.9,1.3,39248,20,,,11:30,
FIMS_36,Dry,2024,TS9,,Bay Anchovy,,,3,,,,c,186,12.4,29.6,24.9,1.3,39248,20,,,11:30,
FIMS_36,Dry,2024,TS9,,Bay Anchovy,,,3,,,,c,186,12.4,29.6,24.9,1.3,39248,20,,,11:30,
FIMS_36,Dry,2024,TS9,,Bay Anchovy,,,3,,,,c,186,12.4,29.6,24.9,1.3,39248,20,,,11:30,
FIMS_36,Dry,2024,TS9,,Bay Anchovy,,,3,,,,c,186,12.4,29.6,24.9,1.3,39248,20,,,11:30,
FIMS_36,Dry,2024,TS9,,Bay Anchovy,,,3,,,,c,186,12.4,29.6,24.9,1.3,39248,20,,,11:30,
FIMS_36,Dry,2024,TS9,,Bay Anchovy,,,3,,,,c,186,12.4,29.6,24.9,1.3,39248,20,,,11:30,
FIMS_36,Dry,2024,TS9,,Bay Anchovy,,,3,,,,c,186,12.4,29.6,24.9,1.3,39248,20,,,11:30,
FIMS_36,Dry,2024,TS9,,Silverside,,,3,,4,0.4,c,186,12.4,29.6,24.9,1.3,39248,20,,,11:30,
FIMS_36,Dry,2024,TS9,,Silverside,,,3,,4,0.4,c,186,12.4,29.6,24.9,1.3,39248,20,,,11:30,
FIMS_36,Dry,2024,TS9,,Silverside,,,3,,3.8,0.7,c,186,12.4,29.6,24.9,1.3,39248,20,,,11:30,
FIMS_36,Dry,2024,TS9,,Silverside,,,3,,3.6,0.3,c,186,12.4,29.6,24.9,1.3,39248,20,,,11:30,
FIMS_36,Dry,2024,TS9,,Silverside,,,3,,3.5,0.2,c,186,12.4,29.6,24.9,1.3,39248,20,,,11:30,
FIMS_36,Dry,2024,TS9,,Silverside,,,3,,3.5,0.3,c,186,12.4,29.6,24.9,1.3,39248,20,,,11:30,
FIMS_36,Dry,2024,TS9,,Silverside,,,3,,3.7,0.3,c,186,12.4,29.6,24.9,1.3,39248,20,,,11:30,
FIMS_36,Dry,2024,TS9,,Silverside,,,3,,4,0.3,c,186,12.4,29.6,24.9,1.3,39248,20,,,11:30,
FIMS_36,Dry,2024,TS9,,Silverside,,,3,,3.8,0.3,c,186,12.4,29.6,24.9,1.3,39248,20,,,11:30,
FIMS_36,Dry,2024,TS9,,Silverside,,,3,,3.9,0.2,c,186,12.4,29.6,24.9,1.3,39248,20,,,11:30,
FIMS_36,Dry,2024,TS9,,Silverside,,,3,,3.5,0.3,c,186,12.4,29.6,24.9,1.3,39248,20,,,11:30,
FIMS_36,Dry,2024,TS9,,Silverside,,,3,,4,0.3,c,186,12.4,29.6,24.9,1.3,39248,20,,,11:30,
FIMS_36,Dry,2024,TS9,,Silverside,,,3,,3.5,0.3,c,186,12.4,29.6,24.9,1.3,39248,20,,,11:30,
FIMS_36,Dry,2024,TS9,,Silverside,,,3,,3.6,0.3,c,186,12.4,29.6,24.9,1.3,39248,20,,,11:30,
FIMS_36,Dry,2024,TS9,,Silverside,,,3,,3.4,0.2,c,186,12.4,29.6,24.9,1.3,39248,20,,,11:30,
FIMS_36,Dry,2024,TS9,,Silverside,,,3,,4,0.2,c,186,12.4,29.6,24.9,1.3,39248,20,,,11:30,
FIMS_36,Dry,2024,TS9,,Silverside,,,3,,3.8,0.3,c,186,12.4,29.6,24.9,1.3,39248,20,,,11:30,
FIMS_36,Dry,2024,TS9,,Silverside,,,3,,4,0.4,c,186,12.4,29.6,24.9,1.3,39248,20,,,11:30,
FIMS_36,Dry,2024,TS9,,Silverside,,,3,,4,0.2,c,186,12.4,29.6,24.9,1.3,39248,20,,,11:30,
FIMS_36,Dry,2024,TS9,,Silverside,,,3,,4,0.4,c,186,12.4,29.6,24.9,1.3,39248,20,,,11:30,
FIMS_36,Dry,2024,TS9,,Silverside,,,3,,3.9,0.4,c,186,12.4,29.6,24.9,1.3,39248,20,,,11:30,
FIMS_36,Dry,2024,TS9,,Silverside,,,3,,3.9,0.3,c,186,12.4,29.6,24.9,1.3,39248,20,,,11:30,
FIMS_36,Dry,2024,TS9,,Silverside,,,3,,4,0.4,c,186,12.4,29.6,24.9,1.3,39248,20,,,11:30,
FIMS_36,Dry,2024,TS9,,Silverside,,,3,,4.9,0.7,c,186,12.4,29.6,24.9,1.3,39248,20,,,11:30,
FIMS_36,Dry,2024,TS9,,Silverside,,,3,,4.7,0.6,c,186,12.4,29.6,24.9,1.3,39248,20,,,11:30,
FIMS_36,Dry,2024,TS9,,Silverside,,,3,,4,0.3,c,186,12.4,29.6,24.9,1.3,39248,20,,,11:30,
FIMS_36,Dry,2024,TS9,,Silverside,,,3,,4,0.4,c,186,12.4,29.6,24.9,1.3,39248,20,,,11:30,
FIMS_36,Dry,2024,TS9,,Silverside,,,3,,3.6,0.3,c,186,12.4,29.6,24.9,1.3,39248,20,,,11:30,
FIMS_36,Dry,2024,TS9,,Silverside,,,3,,3.7,0.3,c,186,12.4,29.6,24.9,1.3,39248,20,,,11:30,
FIMS_36,Dry,2024,TS9,,Silverside,,,3,,4,0.3,c,186,12.4,29.6,24.9,1.3,39248,20,,,11:30,
FIMS_36,Dry,2024,TS9,,Silverside,,,3,,3.8,0.3,c,186,12.4,29.6,24.9,1.3,39248,20,,,11:30,
FIMS_36,Dry,2024,TS9,,Silverside,,,3,,3.5,0.2,c,186,12.4,29.6,24.9,1.3,39248,20,,,11:30,
FIMS_36,Dry,2024,TS9,,Silverside,,,3,,4,0.4,c,186,12.4,29.6,24.9,1.3,39248,20,,,11:30,
FIMS_36,Dry,2024,TS9,,Silverside,,,3,,3.8,0.2,c,186,12.4,29.6,24.9,1.3,39248,20,,,11:30,
FIMS_36,Dry,2024,TS9,,Silverside,,,3,,4,0.3,c,186,12.4,29.6,24.9,1.3,39248,20,,,11:30,
FIMS_36,Dry,2024,TS9,,Silverside,,,3,,4,0.4,c,186,12.4,29.6,24.9,1.3,39248,20,,,11:30,
FIMS_36,Dry,2024,TS9,,Silverside,,,3,,3.5,0.3,c,186,12.4,29.6,24.9,1.3,39248,20,,,11:30,
FIMS_36,Dry,2024,TS9,,Silverside,,,3,,3.9,0.3,c,186,12.4,29.6,24.9,1.3,39248,20,,,11:30,
FIMS_36,Dry,2024,TS9,,Silverside,,,3,,3.9,0.4,c,186,12.4,29.6,24.9,1.3,39248,20,,,11:30,
FIMS_36,Dry,2024,TS9,,Silverside,,,3,,4,0.4,c,186,12.4,29.6,24.9,1.3,39248,20,,,11:30,
FIMS_36,Dry,2024,TS9,,Silverside,,,3,,,,c,186,12.4,29.6,24.9,1.3,39248,20,,,11:30,
FIMS_36,Dry,2024,TS9,,Silverside,,,3,,,,c,186,12.4,29.6,24.9,1.3,39248,20,,,11:30,
FIMS_36,Dry,2024,TS9,,Silverside,,,3,,,,c,186,12.4,29.6,24.9,1.3,39248,20,,,11:30,
FIMS_36,Dry,2024,TS9,,Silverside,,,3,,,,c,186,12.4,29.6,24.9,1.3,39248,20,,,11:30,
FIMS_36,Dry,2024,TS9,,Silverside,,,3,,,,c,186,12.4,29.6,24.9,1.3,39248,20,,,11:30,
FIMS_36,Dry,2024,TS9,,Silverside,,,3,,,,c,186,12.4,29.6,24.9,1.3,39248,20,,,11:30,
FIMS_36,Dry,2024,TS9,,Silverside,,,3,,,,c,186,12.4,29.6,24.9,1.3,39248,20,,,11:30,
FIMS_36,Dry,2024,TS9,,Silverside,,,3,,,,c,186,12.4,29.6,24.9,1.3,39248,20,,,11:30,
FIMS_36,Dry,2024,TS9,,Silverside,,,3,,,,c,186,12.4,29.6,24.9,1.3,39248,20,,,11:30,
FIMS_36,Dry,2024,TS9,,Silverside,,,3,,,,c,186,12.4,29.6,24.9,1.3,39248,20,,,11:30,
FIMS_36,Dry,2024,TS9,,Silverside,,,3,,,,c,186,12.4,29.6,24.9,1.3,39248,20,,,11:30,
FIMS_36,Dry,2024,TS9,,Silverside,,,3,,,,c,186,12.4,29.6,24.9,1.3,39248,20,,,11:30,
FIMS_36,Dry,2024,TS9,,Silverside,,,3,,,,c,186,12.4,29.6,24.9,1.3,39248,20,,,11:30,
FIMS_36,Dry,2024,TS9,,Silverside,,,3,,,,c,186,12.4,29.6,24.9,1.3,39248,20,,,11:30,
FIMS_36,Dry,2024,TS9,,Silverside,,,3,,,,c,186,12.4,29.6,24.9,1.3,39248,20,,,11:30,
FIMS_36,Dry,2024,TS9,,Silverside,,,3,,,,c,186,12.4,29.6,24.9,1.3,39248,20,,,11:30,
FIMS_36,Dry,2024,TS9,,Silverside,,,3,,,,c,186,12.4,29.6,24.9,1.3,39248,20,,,11:30,
FIMS_36,Dry,2024,TS9,,Silverside,,,3,,,,c,186,12.4,29.6,24.9,1.3,39248,20,,,11:30,
FIMS_36,Dry,2024,TS9,,Silverside,,,3,,,,c,186,12.4,29.6,24.9,1.3,39248,20,,,11:30,
FIMS_36,Dry,2024,TS9,,Silverside,,,3,,,,c,186,12.4,29.6,24.9,1.3,39248,20,,,11:30,
FIMS_36,Dry,2024,TS9,,Silverside,,,3,,,,c,186,12.4,29.6,24.9,1.3,39248,20,,,11:30,
FIMS_36,Dry,2024,TS9,,Silverside,,,3,,,,c,186,12.4,29.6,24.9,1.3,39248,20,,,11:30,
FIMS_36,Dry,2024,TS9,,Silverside,,,3,,,,c,186,12.4,29.6,24.9,1.3,39248,20,,,11:30,
FIMS_36,Dry,2024,TS9,,Silverside,,,3,,,,c,186,12.4,29.6,24.9,1.3,39248,20,,,11:30,
FIMS_36,Dry,2024,TS9,,Silverside,,,3,,,,c,186,12.4,29.6,24.9,1.3,39248,20,,,11:30,
FIMS_36,Dry,2024,TS9,,Silverside,,,3,,,,c,186,12.4,29.6,24.9,1.3,39248,20,,,11:30,
FIMS_36,Dry,2024,TS9,,Silverside,,,3,,,,c,186,12.4,29.6,24.9,1.3,39248,20,,,11:30,
FIMS_36,Dry,2024,TS9,,Silverside,,,3,,,,c,186,12.4,29.6,24.9,1.3,39248,20,,,11:30,
FIMS_36,Dry,2024,TS9,,Silverside,,,3,,,,c,186,12.4,29.6,24.9,1.3,39248,20,,,11:30,
FIMS_36,Dry,2024,TS9,,Silverside,,,3,,,,c,186,12.4,29.6,24.9,1.3,39248,20,,,11:30,
FIMS_36,Dry,2024,TS9,,Silverside,,,3,,,,c,186,12.4,29.6,24.9,1.3,39248,20,,,11:30,
FIMS_36,Dry,2024,TS9,,Silverside,,,3,,,,c,186,12.4,29.6,24.9,1.3,39248,20,,,11:30,
FIMS_36,Dry,2024,TS9,,Silverside,,,3,,,,c,186,12.4,29.6,24.9,1.3,39248,20,,,11:30,
FIMS_36,Dry,2024,TS9,,Silverside,,,3,,,,c,186,12.4,29.6,24.9,1.3,39248,20,,,11:30,
FIMS_36,Dry,2024,TS9,,Great Barracuda,,,3,22.5,27.3,,r,186,12.4,29.6,24.9,1.3,39248,20,,,11:30,
FIMS_36,Dry,2024,TS9,,Great Barracuda,,,3,24.9,30.1,,r,186,12.4,29.6,24.9,1.3,39248,20,,,11:30,
FIMS_36,Dry,2024,TS9,,Great Barracuda,,,3,25.5,30.4,,r,186,12.4,29.6,24.9,1.3,39248,20,,,11:30,
FIMS_36,Dry,2024,TS9,,Great Barracuda,,,3,24.6,30,,r,186,12.4,29.6,24.9,1.3,39248,20,,,11:30,
FIMS_36,Dry,2024,TS9,,Great Barracuda,,,3,24.1,28.7,,r,186,12.4,29.6,24.9,1.3,39248,20,,,11:30,
FIMS_36,Dry,2024,TS9,,Great Barracuda,,,3,27.5,33.2,,r,186,12.4,29.6,24.9,1.3,39248,20,,,11:30,
FIMS_36,Dry,2024,TS9,,Great Barracuda,,,3,24.5,29.8,,r,186,12.4,29.6,24.9,1.3,39248,20,,,11:30,
FIMS_36,Dry,2024,TS9,,Great Barracuda,,,3,23.6,28.7,,r,186,12.4,29.6,24.9,1.3,39248,20,,,11:30,
FIMS_36,Dry,2024,TS9,,Great Barracuda,,,3,23.5,28.8,,r,186,12.4,29.6,24.9,1.3,39248,20,,,11:30,
FIMS_36,Dry,2024,TS9,,Great Barracuda,,,3,27.5,32.8,,r,186,12.4,29.6,24.9,1.3,39248,20,,,11:30,
FIMS_36,Dry,2024,TS9,,Great Barracuda,,,3,24.7,29.9,,r,186,12.4,29.6,24.9,1.3,39248,20,,,11:30,
FIMS_36,Dry,2024,TS9,,Great Barracuda,,,3,18.8,22.5,,r,186,12.4,29.6,24.9,1.3,39248,20,,,11:30,
FIMS_36,Dry,2024,TS9,,Great Barracuda,,,3,24.7,30,,r,186,12.4,29.6,24.9,1.3,39248,20,,,11:30,
FIMS_36,Dry,2024,TS9,,Great Barracuda,,,3,23.3,28.7,,r,186,12.4,29.6,24.9,1.3,39248,20,,,11:30,
FIMS_36,Dry,2024,TS9,,Great Barracuda,,,3,22.1,27,,r,186,12.4,29.6,24.9,1.3,39248,20,,,11:30,
FIMS_36,Dry,2024,TS9,,Great Barracuda,,,3,21.5,26.2,,r,186,12.4,29.6,24.9,1.3,39248,20,,,11:30,
FIMS_36,Dry,2024,TS9,,Great Barracuda,,,3,20.5,25,,r,186,12.4,29.6,24.9,1.3,39248,20,,,11:30,
FIMS_36,Dry,2024,TS9,,Great Barracuda,,,3,23.5,28.5,,r,186,12.4,29.6,24.9,1.3,39248,20,,,11:30,
FIMS_36,Dry,2024,TS9,,Great Barracuda,,,3,22,26.4,,r,186,12.4,29.6,24.9,1.3,39248,20,,,11:30,
FIMS_37,Dry,2024,TS9,,Bay Anchovy,,,4,,5,1.1,c,108,6.8,29.4,24.8,1.4,39314,10,,,12:45,
FIMS_37,Dry,2024,TS9,,Bay Anchovy,,,4,,4.6,0.8,c,108,6.8,29.4,24.8,1.4,39314,10,,,12:45,
FIMS_37,Dry,2024,TS9,,Bay Anchovy,,,4,,5,1,c,108,6.8,29.4,24.8,1.4,39314,10,,,12:45,
FIMS_37,Dry,2024,TS9,,Bay Anchovy,,,4,,4.9,1.1,c,108,6.8,29.4,24.8,1.4,39314,10,,,12:45,
FIMS_37,Dry,2024,TS9,,Bay Anchovy,,,4,,4.3,0.6,c,108,6.8,29.4,24.8,1.4,39314,10,,,12:45,
FIMS_37,Dry,2024,TS9,,Bay Anchovy,,,4,,4.5,0.8,c,108,6.8,29.4,24.8,1.4,39314,10,,,12:45,
FIMS_37,Dry,2024,TS9,,Bay Anchovy,,,4,,5,1,c,108,6.8,29.4,24.8,1.4,39314,10,,,12:45,
FIMS_37,Dry,2024,TS9,,Bay Anchovy,,,4,,5.3,2.3,c,108,6.8,29.4,24.8,1.4,39314,10,,,12:45,
FIMS_37,Dry,2024,TS9,,Bay Anchovy,,,4,,5,1,c,108,6.8,29.4,24.8,1.4,39314,10,,,12:45,
FIMS_37,Dry,2024,TS9,,Bay Anchovy,,,4,,5.3,1.3,c,108,6.8,29.4,24.8,1.4,39314,10,,,12:45,
FIMS_37,Dry,2024,TS9,,Bay Anchovy,,,4,,4.5,0.8,c,108,6.8,29.4,24.8,1.4,39314,10,,,12:45,
FIMS_37,Dry,2024,TS9,,Bay Anchovy,,,4,,4.7,0.8,c,108,6.8,29.4,24.8,1.4,39314,10,,,12:45,
FIMS_37,Dry,2024,TS9,,Bay Anchovy,,,4,,4.4,0.8,c,108,6.8,29.4,24.8,1.4,39314,10,,,12:45,
FIMS_37,Dry,2024,TS9,,Bay Anchovy,,,4,,5.4,1.3,c,108,6.8,29.4,24.8,1.4,39314,10,,,12:45,
FIMS_37,Dry,2024,TS9,,Bay Anchovy,,,4,,5,1.1,c,108,6.8,29.4,24.8,1.4,39314,10,,,12:45,
FIMS_37,Dry,2024,TS9,,Bay Anchovy,,,4,,4.8,0.9,c,108,6.8,29.4,24.8,1.4,39314,10,,,12:45,
FIMS_37,Dry,2024,TS9,,Bay Anchovy,,,4,,5,0.9,c,108,6.8,29.4,24.8,1.4,39314,10,,,12:45,
FIMS_37,Dry,2024,TS9,,Bay Anchovy,,,4,,5,1,c,108,6.8,29.4,24.8,1.4,39314,10,,,12:45,
FIMS_37,Dry,2024,TS9,,Bay Anchovy,,,4,,4.9,0.9,c,108,6.8,29.4,24.8,1.4,39314,10,,,12:45,
FIMS_37,Dry,2024,TS9,,Bay Anchovy,,,4,,4.5,0.7,c,108,6.8,29.4,24.8,1.4,39314,10,,,12:45,
FIMS_37,Dry,2024,TS9,,Bay Anchovy,,,4,,5.1,1.3,c,108,6.8,29.4,24.8,1.4,39314,10,,,12:45,
FIMS_37,Dry,2024,TS9,,Bay Anchovy,,,4,,4.9,0.9,c,108,6.8,29.4,24.8,1.4,39314,10,,,12:45,
FIMS_37,Dry,2024,TS9,,Bay Anchovy,,,4,,4.5,0.8,c,108,6.8,29.4,24.8,1.4,39314,10,,,12:45,
FIMS_37,Dry,2024,TS9,,Bay Anchovy,,,4,,4.6,0.7,c,108,6.8,29.4,24.8,1.4,39314,10,,,12:45,
FIMS_37,Dry,2024,TS9,,Bay Anchovy,,,4,,4.6,0.9,c,108,6.8,29.4,24.8,1.4,39314,10,,,12:45,
FIMS_37,Dry,2024,TS9,,Bay Anchovy,,,4,,4.2,0.6,c,108,6.8,29.4,24.8,1.4,39314,10,,,12:45,
FIMS_37,Dry,2024,TS9,,Bay Anchovy,,,4,,4.8,0.8,c,108,6.8,29.4,24.8,1.4,39314,10,,,12:45,
FIMS_37,Dry,2024,TS9,,Bay Anchovy,,,4,,4.7,0.8,c,108,6.8,29.4,24.8,1.4,39314,10,,,12:45,
FIMS_37,Dry,2024,TS9,,Bay Anchovy,,,4,,4.9,0.9,c,108,6.8,29.4,24.8,1.4,39314,10,,,12:45,
FIMS_37,Dry,2024,TS9,,Bay Anchovy,,,4,,4.9,0.9,c,108,6.8,29.4,24.8,1.4,39314,10,,,12:45,
FIMS_37,Dry,2024,TS9,,Bay Anchovy,,,4,,5,1,c,108,6.8,29.4,24.8,1.4,39314,10,,,12:45,
FIMS_37,Dry,2024,TS9,,Bay Anchovy,,,4,,4.6,0.7,c,108,6.8,29.4,24.8,1.4,39314,10,,,12:45,
FIMS_37,Dry,2024,TS9,,Bay Anchovy,,,4,,5,1,c,108,6.8,29.4,24.8,1.4,39314,10,,,12:45,
FIMS_37,Dry,2024,TS9,,Bay Anchovy,,,4,,4.6,0.8,c,108,6.8,29.4,24.8,1.4,39314,10,,,12:45,
FIMS_37,Dry,2024,TS9,,Bay Anchovy,,,4,,5.5,1.6,c,108,6.8,29.4,24.8,1.4,39314,10,,,12:45,
FIMS_37,Dry,2024,TS9,,Bay Anchovy,,,4,,5,1.2,c,108,6.8,29.4,24.8,1.4,39314,10,,,12:45,
FIMS_37,Dry,2024,TS9,,Bay Anchovy,,,4,,5.6,1.7,c,108,6.8,29.4,24.8,1.4,39314,10,,,12:45,
FIMS_37,Dry,2024,TS9,,Bay Anchovy,,,4,,5,1,c,108,6.8,29.4,24.8,1.4,39314,10,,,12:45,
FIMS_37,Dry,2024,TS9,,Bay Anchovy,,,4,,5,1.1,c,108,6.8,29.4,24.8,1.4,39314,10,,,12:45,
FIMS_37,Dry,2024,TS9,,Bay Anchovy,,,4,,5,1,c,108,6.8,29.4,24.8,1.4,39314,10,,,12:45,
FIMS_37,Dry,2024,TS9,,Redfin Needlefish,,,4,7,,0.5,c,108,6.8,29.4,24.8,1.4,39314,10,,,12:45,
FIMS_37,Dry,2024,TS9,,Redfin Needlefish,,,4,7.4,,0.5,c,108,6.8,29.4,24.8,1.4,39314,10,,,12:45,
FIMS_37,Dry,2024,TS9,,Redfin Needlefish,,,4,8.4,,0.6,c,108,6.8,29.4,24.8,1.4,39314,10,,,12:45,
FIMS_37,Dry,2024,TS9,,Redfin Needlefish,,,4,8.7,,0.7,c,108,6.8,29.4,24.8,1.4,39314,10,,,12:45,
FIMS_37,Dry,2024,TS9,,Redfin Needlefish,,,4,6.4,,0.4,c,108,6.8,29.4,24.8,1.4,39314,10,,,12:45,
FIMS_37,Dry,2024,TS9,,Redfin Needlefish,,,4,6.9,,0.3,c,108,6.8,29.4,24.8,1.4,39314,10,,,12:45,
FIMS_37,Dry,2024,TS9,,Redfin Needlefish,,,4,7.3,,0.7,c,108,6.8,29.4,24.8,1.4,39314,10,,,12:45,
FIMS_37,Dry,2024,TS9,,Silverside,,,4,4,,0.3,c,108,6.8,29.4,24.8,1.4,39314,10,,,12:45,
FIMS_37,Dry,2024,TS9,,Gulf Pipefish,,,4,10.5,,0.5,c,108,6.8,29.4,24.8,1.4,39314,10,,,12:45,
FIMS_37,Dry,2024,TS9,,Great Barracuda,,,4,31.5,38.1,,c,108,6.8,29.4,24.8,1.4,39314,10,,,12:45,
FIMS_37,Dry,2024,TS9,,Great Barracuda,,,4,28.3,34,,c,108,6.8,29.4,24.8,1.4,39314,10,,,12:45,
FIMS_37,Dry,2024,TS9,,Great Barracuda,,,4,32.5,38.6,,c,108,6.8,29.4,24.8,1.4,39314,10,,,12:45,
FIMS_37,Dry,2024,TS9,,Great Barracuda,,,4,24.2,28.8,,c,108,6.8,29.4,24.8,1.4,39314,10,,,12:45,
FIMS_37,Dry,2024,TS9,,Great Barracuda,,,4,29.4,36.3,,c,108,6.8,29.4,24.8,1.4,39314,10,,,12:45,
FIMS_37,Dry,2024,TS9,,Great Barracuda,,,4,29.5,36,,c,108,6.8,29.4,24.8,1.4,39314,10,,,12:45,
FIMS_37,Dry,2024,TS9,,Great Barracuda,,,4,31.3,36,,c,108,6.8,29.4,24.8,1.4,39314,10,,,12:45,
FIMS_37,Dry,2024,TS9,,Great Barracuda,,,4,26,32,,c,108,6.8,29.4,24.8,1.4,39314,10,,,12:45,
FIMS_37,Dry,2024,TS9,,Great Barracuda,,,4,29.4,35.9,,c,108,6.8,29.4,24.8,1.4,39314,10,,,12:45,
FIMS_37,Dry,2024,TS9,,Great Barracuda,,,4,22,27.1,,c,108,6.8,29.4,24.8,1.4,39314,10,,,12:45,
FIMS_37,Dry,2024,TS9,,Great Barracuda,,,4,20.8,25.4,,c,108,6.8,29.4,24.8,1.4,39314,10,,,12:45,
FIMS_37,Dry,2024,TS9,,Mangrove Snapper,,,4,15.8,21,,c,108,6.8,29.4,24.8,1.4,39314,10,,,12:45,
FIMS_38,Dry,2024,TS9,,Estuarine Mud Crab,,,5,,1.3,0.8,c,100,,29.3,,1.4,,8,,,1:30,
FIMS_38,Dry,2024,TS9,,Estuarine Mud Crab,,,5,,2,2.2,c,100,,29.3,,1.4,,8,,,1:30,
FIMS_38,Dry,2024,TS9,,Estuarine Mud Crab,,,5,,1.4,0.7,c,100,,29.3,,1.4,,8,,,1:30,
FIMS_38,Dry,2024,TS9,,Estuarine Mud Crab,,,5,,1.5,0.7,c,100,,29.3,,1.4,,8,,,1:30,
FIMS_38,Dry,2024,TS9,,Tidewater Mojarra,,,5,,18.3,76.7,c,100,,29.3,,1.4,,8,,,1:30,
FIMS_38,Dry,2024,TS9,,Gulf Pipefish,,,5,,7.4,0.3,c,100,,29.3,,1.4,,8,,,1:30,
FIMS_38,Dry,2024,TS9,,Silverside,,,5,,4.4,0.5,c,100,,29.3,,1.4,,8,,,1:30,
FIMS_38,Dry,2024,TS9,,Silverside,,,5,,4,0.4,c,100,,29.3,,1.4,,8,,,1:30,
FIMS_38,Dry,2024,TS9,,Silverside,,,5,,4.5,0.4,c,100,,29.3,,1.4,,8,,,1:30,
FIMS_38,Dry,2024,TS9,,Silverside,,,5,,44,0.5,c,100,,29.3,,1.4,,8,,,1:30,
FIMS_38,Dry,2024,TS9,,Silverside,,,5,,3.3,0.2,c,100,,29.3,,1.4,,8,,,1:30,
FIMS_38,Dry,2024,TS9,,Silverside,,,5,,3,0.1,c,100,,29.3,,1.4,,8,,,1:30,
FIMS_38,Dry,2024,TS9,,Silverside,,,5,,4,0.4,c,100,,29.3,,1.4,,8,,,1:30,
FIMS_38,Dry,2024,TS9,,Silverside,,,5,,3.9,0.2,c,100,,29.3,,1.4,,8,,,1:30,
FIMS_38,Dry,2024,TS9,,Silverside,,,5,,3.7,0.2,c,100,,29.3,,1.4,,8,,,1:30,
FIMS_38,Dry,2024,TS9,,Silverside,,,5,,3.4,0.3,c,100,,29.3,,1.4,,8,,,1:30,
FIMS_38,Dry,2024,TS9,,Silverside,,,5,,3.5,0.2,c,100,,29.3,,1.4,,8,,,1:30,
FIMS_38,Dry,2024,TS9,,Silverside,,,5,,4.1,0.4,c,100,,29.3,,1.4,,8,,,1:30,
FIMS_38,Dry,2024,TS9,,Silverside,,,5,,4,0.4,c,100,,29.3,,1.4,,8,,,1:30,
FIMS_38,Dry,2024,TS9,,Silverside,,,5,,3.5,0.2,c,100,,29.3,,1.4,,8,,,1:30,
FIMS_38,Dry,2024,TS9,,Silverside,,,5,,3.6,0.2,c,100,,29.3,,1.4,,8,,,1:30,
FIMS_38,Dry,2024,TS9,,Silverside,,,5,,4,0.4,c,100,,29.3,,1.4,,8,,,1:30,
FIMS_38,Dry,2024,TS9,,Silverside,,,5,,3.7,0.3,c,100,,29.3,,1.4,,8,,,1:30,
FIMS_38,Dry,2024,TS9,,Silverside,,,5,,4.8,0.5,c,100,,29.3,,1.4,,8,,,1:30,
FIMS_38,Dry,2024,TS9,,Silverside,,,5,,3.1,0.2,c,100,,29.3,,1.4,,8,,,1:30,
FIMS_38,Dry,2024,TS9,,Silverside,,,5,,3.1,0.2,c,100,,29.3,,1.4,,8,,,1:30,
FIMS_38,Dry,2024,TS9,,Silverside,,,5,,3,0.1,c,100,,29.3,,1.4,,8,,,1:30,
FIMS_38,Dry,2024,TS9,,Silverside,,,5,,3.4,0.2,c,100,,29.3,,1.4,,8,,,1:30,
FIMS_38,Dry,2024,TS9,,Silverside,,,5,,3.6,0.3,c,100,,29.3,,1.4,,8,,,1:30,
FIMS_38,Dry,2024,TS9,,Silverside,,,5,,3.4,0.2,c,100,,29.3,,1.4,,8,,,1:30,
FIMS_38,Dry,2024,TS9,,Silverside,,,5,,3.1,0.2,c,100,,29.3,,1.4,,8,,,1:30,
FIMS_38,Dry,2024,TS9,,Silverside,,,5,,3.4,0.3,c,100,,29.3,,1.4,,8,,,1:30,
FIMS_38,Dry,2024,TS9,,Silverside,,,5,,3.4,0.2,c,100,,29.3,,1.4,,8,,,1:30,
FIMS_38,Dry,2024,TS9,,Silverside,,,5,,3.6,0.3,c,100,,29.3,,1.4,,8,,,1:30,
FIMS_38,Dry,2024,TS9,,Silverside,,,5,,3.4,0.2,c,100,,29.3,,1.4,,8,,,1:30,
FIMS_38,Dry,2024,TS9,,Silverside,,,5,,4,0.4,c,100,,29.3,,1.4,,8,,,1:30,
FIMS_38,Dry,2024,TS9,,Silverside,,,5,,4.1,0.4,c,100,,29.3,,1.4,,8,,,1:30,
FIMS_38,Dry,2024,TS9,,Silverside,,,5,,4,0.4,c,100,,29.3,,1.4,,8,,,1:30,
FIMS_38,Dry,2024,TS9,,Redfin Needlefish,,,5,,8.5,0.7,c,100,,29.3,,1.4,,8,,,1:30,
FIMS_38,Dry,2024,TS9,,Redfin Needlefish,,,5,,10.3,1.3,c,100,,29.3,,1.4,,8,,,1:30,
FIMS_38,Dry,2024,TS9,,Redfin Needlefish,,,5,,9.6,1.4,c,100,,29.3,,1.4,,8,,,1:30,
FIMS_38,Dry,2024,TS9,,Redfin Needlefish,,,5,,7.6,0.5,c,100,,29.3,,1.4,,8,,,1:30,
FIMS_38,Dry,2024,TS9,,Redfin Needlefish,,,5,,7.7,0.5,c,100,,29.3,,1.4,,8,,,1:30,
FIMS_38,Dry,2024,TS9,,Redfin Needlefish,,,5,,7,0.4,c,100,,29.3,,1.4,,8,,,1:30,
FIMS_38,Dry,2024,TS9,,Clown Goby,,,5,,3.8,0.4,c,100,,29.3,,1.4,,8,,,1:30,
FIMS_38,Dry,2024,TS9,,Clown Goby,,,5,,3,0.3,c,100,,29.3,,1.4,,8,,,1:30,
FIMS_38,Dry,2024,TS9,,Rainwater Killifish,,,5,,2,0.2,c,100,,29.3,,1.4,,8,,,1:30,
FIMS_38,Dry,2024,TS9,,Rainwater Killifish,,,5,,1.5,0.1,c,100,,29.3,,1.4,,8,,,1:30,
FIMS_38,Dry,2024,TS9,,Great Barracuda,,,5,26.2,31.6,0.1,c,100,,29.3,,1.4,,8,,,1:30,
FIMS_38,Dry,2024,TS9,,Great Barracuda,,,5,30.2,35.9,,c,100,,29.3,,1.4,,8,,,1:30,
FIMS_38,Dry,2024,TS9,,Mangrove Snapper,,,5,16.3,30.2,,c,100,,29.3,,1.4,,8,,,1:30,
FIMS_38,Dry,2024,TS9,,Bay Anchovy,,,5,,4.7,0.9,c,100,,29.3,,1.4,,8,,,1:30,
FIMS_38,Dry,2024,TS9,,Bay Anchovy,,,5,,4.5,0.7,c,100,,29.3,,1.4,,8,,,1:30,
FIMS_38,Dry,2024,TS9,,Bay Anchovy,,,5,,4.4,0.8,c,100,,29.3,,1.4,,8,,,1:30,
FIMS_38,Dry,2024,TS9,,Bay Anchovy,,,5,,4.8,1,c,100,,29.3,,1.4,,8,,,1:30,
FIMS_38,Dry,2024,TS9,,Bay Anchovy,,,5,,4.6,0.8,c,100,,29.3,,1.4,,8,,,1:30,
FIMS_38,Dry,2024,TS9,,Bay Anchovy,,,5,,5.1,1.1,c,100,,29.3,,1.4,,8,,,1:30,
FIMS_38,Dry,2024,TS9,,Bay Anchovy,,,5,,5,1.2,c,100,,29.3,,1.4,,8,,,1:30,
FIMS_38,Dry,2024,TS9,,Bay Anchovy,,,5,,4.9,0.8,c,100,,29.3,,1.4,,8,,,1:30,
FIMS_38,Dry,2024,TS9,,Bay Anchovy,,,5,,4.7,0.9,c,100,,29.3,,1.4,,8,,,1:30,
FIMS_38,Dry,2024,TS9,,Bay Anchovy,,,5,,4.9,1,c,100,,29.3,,1.4,,8,,,1:30,
FIMS_38,Dry,2024,TS9,,Bay Anchovy,,,5,,4,0.6,c,100,,29.3,,1.4,,8,,,1:30,
FIMS_38,Dry,2024,TS9,,Bay Anchovy,,,5,,4.6,0.9,c,100,,29.3,,1.4,,8,,,1:30,
FIMS_38,Dry,2024,TS9,,Bay Anchovy,,,5,,4.6,1,c,100,,29.3,,1.4,,8,,,1:30,
FIMS_38,Dry,2024,TS9,,Bay Anchovy,,,5,,4.9,0.8,c,100,,29.3,,1.4,,8,,,1:30,
FIMS_38,Dry,2024,TS9,,Bay Anchovy,,,5,,5,0.9,c,100,,29.3,,1.4,,8,,,1:30,
FIMS_38,Dry,2024,TS9,,Bay Anchovy,,,5,,5.1,1.2,c,100,,29.3,,1.4,,8,,,1:30,
FIMS_38,Dry,2024,TS9,,Bay Anchovy,,,5,,4.8,0.9,c,100,,29.3,,1.4,,8,,,1:30,
FIMS_38,Dry,2024,TS9,,Bay Anchovy,,,5,,4.8,0.8,c,100,,29.3,,1.4,,8,,,1:30,
FIMS_38,Dry,2024,TS9,,Bay Anchovy,,,5,,5,1.1,c,100,,29.3,,1.4,,8,,,1:30,
FIMS_38,Dry,2024,TS9,,Bay Anchovy,,,5,,4.6,0.9,c,100,,29.3,,1.4,,8,,,1:30,
FIMS_38,Dry,2024,TS9,,Bay Anchovy,,,5,,5,1.2,c,100,,29.3,,1.4,,8,,,1:30,
FIMS_38,Dry,2024,TS9,,Bay Anchovy,,,5,,4.6,0.9,c,100,,29.3,,1.4,,8,,,1:30,
FIMS_38,Dry,2024,TS9,,Bay Anchovy,,,5,,5.1,1.3,c,100,,29.3,,1.4,,8,,,1:30,
FIMS_38,Dry,2024,TS9,,Bay Anchovy,,,5,,5,1,c,100,,29.3,,1.4,,8,,,1:30,
FIMS_38,Dry,2024,TS9,,Bay Anchovy,,,5,,5,1.1,c,100,,29.3,,1.4,,8,,,1:30,
FIMS_38,Dry,2024,TS9,,Bay Anchovy,,,5,,5,1.2,c,100,,29.3,,1.4,,8,,,1:30,
FIMS_38,Dry,2024,TS9,,Bay Anchovy,,,5,,4.5,0.8,c,100,,29.3,,1.4,,8,,,1:30,
FIMS_38,Dry,2024,TS9,,Bay Anchovy,,,5,,5,1.1,c,100,,29.3,,1.4,,8,,,1:30,
FIMS_38,Dry,2024,TS9,,Bay Anchovy,,,5,,5,1,c,100,,29.3,,1.4,,8,,,1:30,
FIMS_38,Dry,2024,TS9,,Bay Anchovy,,,5,,5,1,c,100,,29.3,,1.4,,8,,,1:30,
FIMS_38,Dry,2024,TS9,,Bay Anchovy,,,5,,4.9,1,c,100,,29.3,,1.4,,8,,,1:30,
FIMS_38,Dry,2024,TS9,,Bay Anchovy,,,5,,4.1,0.6,c,100,,29.3,,1.4,,8,,,1:30,
FIMS_38,Dry,2024,TS9,,Bay Anchovy,,,5,,5,1,c,100,,29.3,,1.4,,8,,,1:30,
FIMS_38,Dry,2024,TS9,,Bay Anchovy,,,5,,4.8,1.1,c,100,,29.3,,1.4,,8,,,1:30,
FIMS_38,Dry,2024,TS9,,Bay Anchovy,,,5,,4.7,1,c,100,,29.3,,1.4,,8,,,1:30,
FIMS_38,Dry,2024,TS9,,Bay Anchovy,,,5,,4.9,1,c,100,,29.3,,1.4,,8,,,1:30,
FIMS_38,Dry,2024,TS9,,Bay Anchovy,,,5,,4.5,0.7,c,100,,29.3,,1.4,,8,,,1:30,
FIMS_38,Dry,2024,TS9,,Bay Anchovy,,,5,,4.6,0.8,c,100,,29.3,,1.4,,8,,,1:30,
FIMS_38,Dry,2024,TS9,,Bay Anchovy,,,5,,5.5,1.5,c,100,,29.3,,1.4,,8,,,1:30,
FIMS_38,Dry,2024,TS9,,Bay Anchovy,,,5,,4.4,0.6,c,100,,29.3,,1.4,,8,,,1:30,
FIMS_38,Dry,2024,TS9,,Bay Anchovy,,,5,,,,c,100,,29.3,,1.4,,8,,,1:30,
FIMS_38,Dry,2024,TS9,,Bay Anchovy,,,5,,,,c,100,,29.3,,1.4,,8,,,1:30,
FIMS_38,Dry,2024,TS9,,Bay Anchovy,,,5,,,,c,100,,29.3,,1.4,,8,,,1:30,
FIMS_38,Dry,2024,TS9,,Bay Anchovy,,,5,,,,c,100,,29.3,,1.4,,8,,,1:30,
FIMS_38,Dry,2024,TS9,,Bay Anchovy,,,5,,,,c,100,,29.3,,1.4,,8,,,1:30,
FIMS_38,Dry,2024,TS9,,Bay Anchovy,,,5,,,,c,100,,29.3,,1.4,,8,,,1:30,
FIMS_38,Dry,2024,TS9,,Bay Anchovy,,,5,,,,c,100,,29.3,,1.4,,8,,,1:30,
FIMS_38,Dry,2024,TS9,,Bay Anchovy,,,5,,,,c,100,,29.3,,1.4,,8,,,1:30,
FIMS_38,Dry,2024,TS9,,Bay Anchovy,,,5,,,,c,100,,29.3,,1.4,,8,,,1:30,
FIMS_38,Dry,2024,TS9,,Bay Anchovy,,,5,,,,c,100,,29.3,,1.4,,8,,,1:30,
FIMS_38,Dry,2024,TS9,,Bay Anchovy,,,5,,,,c,100,,29.3,,1.4,,8,,,1:30,
FIMS_38,Dry,2024,TS9,,Bay Anchovy,,,5,,,,c,100,,29.3,,1.4,,8,,,1:30,
FIMS_38,Dry,2024,TS9,,Bay Anchovy,,,5,,,,c,100,,29.3,,1.4,,8,,,1:30,
FIMS_38,Dry,2024,TS9,,Bay Anchovy,,,5,,,,c,100,,29.3,,1.4,,8,,,1:30,
FIMS_38,Dry,2024,TS9,,Bay Anchovy,,,5,,,,c,100,,29.3,,1.4,,8,,,1:30,
FIMS_38,Dry,2024,TS9,,Bay Anchovy,,,5,,,,c,100,,29.3,,1.4,,8,,,1:30,
FIMS_38,Dry,2024,TS9,,Bay Anchovy,,,5,,,,c,100,,29.3,,1.4,,8,,,1:30,
FIMS_38,Dry,2024,TS9,,Bay Anchovy,,,5,,,,c,100,,29.3,,1.4,,8,,,1:30,
FIMS_38,Dry,2024,TS9,,Bay Anchovy,,,5,,,,c,100,,29.3,,1.4,,8,,,1:30,
FIMS_38,Dry,2024,TS9,,Bay Anchovy,,,5,,,,c,100,,29.3,,1.4,,8,,,1:30,
FIMS_38,Dry,2024,TS9,,Bay Anchovy,,,5,,,,c,100,,29.3,,1.4,,8,,,1:30,
FIMS_38,Dry,2024,TS9,,Bay Anchovy,,,5,,,,c,100,,29.3,,1.4,,8,,,1:30,
FIMS_38,Dry,2024,TS9,,Bay Anchovy,,,5,,,,c,100,,29.3,,1.4,,8,,,1:30,
FIMS_38,Dry,2024,TS9,,Bay Anchovy,,,5,,,,c,100,,29.3,,1.4,,8,,,1:30,
FIMS_38,Dry,2024,TS9,,Bay Anchovy,,,5,,,,c,100,,29.3,,1.4,,8,,,1:30,
FIMS_38,Dry,2024,TS9,,Bay Anchovy,,,5,,,,c,100,,29.3,,1.4,,8,,,1:30,
FIMS_38,Dry,2024,TS9,,Bay Anchovy,,,5,,,,c,100,,29.3,,1.4,,8,,,1:30,
FIMS_38,Dry,2024,TS9,,Bay Anchovy,,,5,,,,c,100,,29.3,,1.4,,8,,,1:30,
FIMS_38,Dry,2024,TS9,,Bay Anchovy,,,5,,,,c,100,,29.3,,1.4,,8,,,1:30,
FIMS_38,Dry,2024,TS9,,Bay Anchovy,,,5,,,,c,100,,29.3,,1.4,,8,,,1:30,
FIMS_38,Dry,2024,TS9,,Bay Anchovy,,,5,,,,c,100,,29.3,,1.4,,8,,,1:30,
FIMS_38,Dry,2024,TS9,,Bay Anchovy,,,5,,,,c,100,,29.3,,1.4,,8,,,1:30,
FIMS_38,Dry,2024,TS9,,Bay Anchovy,,,5,,,,c,100,,29.3,,1.4,,8,,,1:30,
FIMS_38,Dry,2024,TS9,,Bay Anchovy,,,5,,,,c,100,,29.3,,1.4,,8,,,1:30,
FIMS_38,Dry,2024,TS9,,Bay Anchovy,,,5,,,,c,100,,29.3,,1.4,,8,,,1:30,
FIMS_38,Dry,2024,TS9,,Bay Anchovy,,,5,,,,c,100,,29.3,,1.4,,8,,,1:30,
FIMS_38,Dry,2024,TS9,,Bay Anchovy,,,5,,,,c,100,,29.3,,1.4,,8,,,1:30,
FIMS_38,Dry,2024,TS9,,Bay Anchovy,,,5,,,,c,100,,29.3,,1.4,,8,,,1:30,
FIMS_38,Dry,2024,TS9,,Bay Anchovy,,,5,,,,c,100,,29.3,,1.4,,8,,,1:30,
FIMS_38,Dry,2024,TS9,,Bay Anchovy,,,5,,,,c,100,,29.3,,1.4,,8,,,1:30,
FIMS_38,Dry,2024,TS9,,Bay Anchovy,,,5,,,,c,100,,29.3,,1.4,,8,,,1:30,
FIMS_38,Dry,2024,TS9,,Bay Anchovy,,,5,,,,c,100,,29.3,,1.4,,8,,,1:30,
FIMS_38,Dry,2024,TS9,,Bay Anchovy,,,5,,,,c,100,,29.3,,1.4,,8,,,1:30,
FIMS_38,Dry,2024,TS9,,Bay Anchovy,,,5,,,,c,100,,29.3,,1.4,,8,,,1:30,
FIMS_38,Dry,2024,TS9,,Bay Anchovy,,,5,,,,c,100,,29.3,,1.4,,8,,,1:30,
FIMS_38,Dry,2024,TS9,,Bay Anchovy,,,5,,,,c,100,,29.3,,1.4,,8,,,1:30,
FIMS_38,Dry,2024,TS9,,Bay Anchovy,,,5,,,,c,100,,29.3,,1.4,,8,,,1:30,
FIMS_38,Dry,2024,TS9,,Bay Anchovy,,,5,,,,c,100,,29.3,,1.4,,8,,,1:30,
FIMS_38,Dry,2024,TS9,,Bay Anchovy,,,5,,,,c,100,,29.3,,1.4,,8,,,1:30,
FIMS_38,Dry,2024,TS9,,Bay Anchovy,,,5,,,,c,100,,29.3,,1.4,,8,,,1:30,
FIMS_38,Dry,2024,TS9,,Bay Anchovy,,,5,,,,c,100,,29.3,,1.4,,8,,,1:30,
FIMS_38,Dry,2024,TS9,,Bay Anchovy,,,5,,,,c,100,,29.3,,1.4,,8,,,1:30,
FIMS_38,Dry,2024,TS9,,Bay Anchovy,,,5,,,,c,100,,29.3,,1.4,,8,,,1:30,
FIMS_38,Dry,2024,TS9,,Bay Anchovy,,,5,,,,c,100,,29.3,,1.4,,8,,,1:30,
FIMS_38,Dry,2024,TS9,,Bay Anchovy,,,5,,,,c,100,,29.3,,1.4,,8,,,1:30,
FIMS_38,Dry,2024,TS9,,Bay Anchovy,,,5,,,,c,100,,29.3,,1.4,,8,,,1:30,
FIMS_38,Dry,2024,TS9,,Bay Anchovy,,,5,,,,c,100,,29.3,,1.4,,8,,,1:30,
FIMS_38,Dry,2024,TS9,,Bay Anchovy,,,5,,,,c,100,,29.3,,1.4,,8,,,1:30,
FIMS_38,Dry,2024,TS9,,Bay Anchovy,,,5,,,,c,100,,29.3,,1.4,,8,,,1:30,
FIMS_38,Dry,2024,TS9,,Bay Anchovy,,,5,,,,c,100,,29.3,,1.4,,8,,,1:30,
FIMS_38,Dry,2024,TS9,,Bay Anchovy,,,5,,,,c,100,,29.3,,1.4,,8,,,1:30,
FIMS_38,Dry,2024,TS9,,Bay Anchovy,,,5,,,,c,100,,29.3,,1.4,,8,,,1:30,
FIMS_38,Dry,2024,TS9,,Bay Anchovy,,,5,,,,c,100,,29.3,,1.4,,8,,,1:30,
FIMS_38,Dry,2024,TS9,,Bay Anchovy,,,5,,,,c,100,,29.3,,1.4,,8,,,1:30,
FIMS_38,Dry,2024,TS9,,Bay Anchovy,,,5,,,,c,100,,29.3,,1.4,,8,,,1:30,
FIMS_38,Dry,2024,TS9,,Bay Anchovy,,,5,,,,c,100,,29.3,,1.4,,8,,,1:30,
FIMS_38,Dry,2024,TS9,,Bay Anchovy,,,5,,,,c,100,,29.3,,1.4,,8,,,1:30,
FIMS_38,Dry,2024,TS9,,Bay Anchovy,,,5,,,,c,100,,29.3,,1.4,,8,,,1:30,
FIMS_38,Dry,2024,TS9,,Bay Anchovy,,,5,,,,c,100,,29.3,,1.4,,8,,,1:30,
FIMS_38,Dry,2024,TS9,,Bay Anchovy,,,5,,,,c,100,,29.3,,1.4,,8,,,1:30,
FIMS_38,Dry,2024,TS9,,Bay Anchovy,,,5,,,,c,100,,29.3,,1.4,,8,,,1:30,
FIMS_38,Dry,2024,TS9,,Bay Anchovy,,,5,,,,c,100,,29.3,,1.4,,8,,,1:30,
FIMS_38,Dry,2024,TS9,,Bay Anchovy,,,5,,,,c,100,,29.3,,1.4,,8,,,1:30,
FIMS_38,Dry,2024,TS9,,Bay Anchovy,,,5,,,,c,100,,29.3,,1.4,,8,,,1:30,
FIMS_38,Dry,2024,TS9,,Bay Anchovy,,,5,,,,c,100,,29.3,,1.4,,8,,,1:30,
FIMS_38,Dry,2024,TS9,,Bay Anchovy,,,5,,,,c,100,,29.3,,1.4,,8,,,1:30,
FIMS_38,Dry,2024,TS9,,Bay Anchovy,,,5,,,,c,100,,29.3,,1.4,,8,,,1:30,
FIMS_38,Dry,2024,TS9,,Bay Anchovy,,,5,,,,c,100,,29.3,,1.4,,8,,,1:30,
FIMS_38,Dry,2024,TS9,,Bay Anchovy,,,5,,,,c,100,,29.3,,1.4,,8,,,1:30,
FIMS_38,Dry,2024,TS9,,Bay Anchovy,,,5,,,,c,100,,29.3,,1.4,,8,,,1:30,
FIMS_38,Dry,2024,TS9,,Bay Anchovy,,,5,,,,c,100,,29.3,,1.4,,8,,,1:30,
FIMS_38,Dry,2024,TS9,,Bay Anchovy,,,5,,,,c,100,,29.3,,1.4,,8,,,1:30,
FIMS_38,Dry,2024,TS9,,Bay Anchovy,,,5,,,,c,100,,29.3,,1.4,,8,,,1:30,
FIMS_38,Dry,2024,TS9,,Bay Anchovy,,,5,,,,c,100,,29.3,,1.4,,8,,,1:30,
FIMS_38,Dry,2024,TS9,,Bay Anchovy,,,5,,,,c,100,,29.3,,1.4,,8,,,1:30,
FIMS_38,Dry,2024,TS9,,Bay Anchovy,,,5,,,,c,100,,29.3,,1.4,,8,,,1:30,
FIMS_38,Dry,2024,TS9,,Bay Anchovy,,,5,,,,c,100,,29.3,,1.4,,8,,,1:30,
FIMS_38,Dry,2024,TS9,,Bay Anchovy,,,5,,,,c,100,,29.3,,1.4,,8,,,1:30,
FIMS_38,Dry,2024,TS9,,Bay Anchovy,,,5,,,,c,100,,29.3,,1.4,,8,,,1:30,
FIMS_38,Dry,2024,TS9,,Bay Anchovy,,,5,,,,c,100,,29.3,,1.4,,8,,,1:30,
FIMS_38,Dry,2024,TS9,,Bay Anchovy,,,5,,,,c,100,,29.3,,1.4,,8,,,1:30,
FIMS_38,Dry,2024,TS9,,Bay Anchovy,,,5,,,,c,100,,29.3,,1.4,,8,,,1:30,
FIMS_38,Dry,2024,TS9,,Bay Anchovy,,,5,,,,c,100,,29.3,,1.4,,8,,,1:30,
FIMS_38,Dry,2024,TS9,,Bay Anchovy,,,5,,,,c,100,,29.3,,1.4,,8,,,1:30,
FIMS_38,Dry,2024,TS9,,Bay Anchovy,,,5,,,,c,100,,29.3,,1.4,,8,,,1:30,
FIMS_38,Dry,2024,TS9,,Bay Anchovy,,,5,,,,c,100,,29.3,,1.4,,8,,,1:30,
FIMS_38,Dry,2024,TS9,,Bay Anchovy,,,5,,,,c,100,,29.3,,1.4,,8,,,1:30,
FIMS_38,Dry,2024,TS9,,Bay Anchovy,,,5,,,,c,100,,29.3,,1.4,,8,,,1:30,
FIMS_38,Dry,2024,TS9,,Bay Anchovy,,,5,,,,c,100,,29.3,,1.4,,8,,,1:30,
FIMS_38,Dry,2024,TS9,,Bay Anchovy,,,5,,,,c,100,,29.3,,1.4,,8,,,1:30,
FIMS_38,Dry,2024,TS9,,Bay Anchovy,,,5,,,,c,100,,29.3,,1.4,,8,,,1:30,
FIMS_38,Dry,2024,TS9,,Bay Anchovy,,,5,,,,c,100,,29.3,,1.4,,8,,,1:30,
FIMS_38,Dry,2024,TS9,,Bay Anchovy,,,5,,,,c,100,,29.3,,1.4,,8,,,1:30,
FIMS_38,Dry,2024,TS9,,Bay Anchovy,,,5,,,,c,100,,29.3,,1.4,,8,,,1:30,
FIMS_38,Dry,2024,TS9,,Bay Anchovy,,,5,,,,c,100,,29.3,,1.4,,8,,,1:30,
FIMS_38,Dry,2024,TS9,,Bay Anchovy,,,5,,,,c,100,,29.3,,1.4,,8,,,1:30,
FIMS_38,Dry,2024,TS9,,Bay Anchovy,,,5,,,,c,100,,29.3,,1.4,,8,,,1:30,
FIMS_38,Dry,2024,TS9,,Bay Anchovy,,,5,,,,c,100,,29.3,,1.4,,8,,,1:30,
FIMS_38,Dry,2024,TS9,,Bay Anchovy,,,5,,,,c,100,,29.3,,1.4,,8,,,1:30,
FIMS_38,Dry,2024,TS9,,Bay Anchovy,,,5,,,,c,100,,29.3,,1.4,,8,,,1:30,
FIMS_38,Dry,2024,TS9,,Bay Anchovy,,,5,,,,c,100,,29.3,,1.4,,8,,,1:30,
FIMS_38,Dry,2024,TS9,,Bay Anchovy,,,5,,,,c,100,,29.3,,1.4,,8,,,1:30,
FIMS_38,Dry,2024,TS9,,Bay Anchovy,,,5,,,,c,100,,29.3,,1.4,,8,,,1:30,
FIMS_38,Dry,2024,TS9,,Bay Anchovy,,,5,,,,c,100,,29.3,,1.4,,8,,,1:30,
FIMS_38,Dry,2024,TS9,,Bay Anchovy,,,5,,,,c,100,,29.3,,1.4,,8,,,1:30,
FIMS_38,Dry,2024,TS9,,Bay Anchovy,,,5,,,,c,100,,29.3,,1.4,,8,,,1:30,
FIMS_38,Dry,2024,TS9,,Bay Anchovy,,,5,,,,c,100,,29.3,,1.4,,8,,,1:30,
FIMS_38,Dry,2024,TS9,,Bay Anchovy,,,5,,,,c,100,,29.3,,1.4,,8,,,1:30,
FIMS_38,Dry,2024,TS9,,Bay Anchovy,,,5,,,,c,100,,29.3,,1.4,,8,,,1:30,
FIMS_38,Dry,2024,TS9,,Bay Anchovy,,,5,,,,c,100,,29.3,,1.4,,8,,,1:30,
FIMS_38,Dry,2024,TS9,,Bay Anchovy,,,5,,,,c,100,,29.3,,1.4,,8,,,1:30,
FIMS_38,Dry,2024,TS9,,Bay Anchovy,,,5,,,,c,100,,29.3,,1.4,,8,,,1:30,
FIMS_38,Dry,2024,TS9,,Bay Anchovy,,,5,,,,c,100,,29.3,,1.4,,8,,,1:30,
FIMS_38,Dry,2024,TS9,,Bay Anchovy,,,5,,,,c,100,,29.3,,1.4,,8,,,1:30,
FIMS_38,Dry,2024,TS9,,Bay Anchovy,,,5,,,,c,100,,29.3,,1.4,,8,,,1:30,
FIMS_38,Dry,2024,TS9,,Bay Anchovy,,,5,,,,c,100,,29.3,,1.4,,8,,,1:30,
FIMS_38,Dry,2024,TS9,,Bay Anchovy,,,5,,,,c,100,,29.3,,1.4,,8,,,1:30,
FIMS_38,Dry,2024,TS9,,Bay Anchovy,,,5,,,,c,100,,29.3,,1.4,,8,,,1:30,
FIMS_38,Dry,2024,TS9,,Bay Anchovy,,,5,,,,c,100,,29.3,,1.4,,8,,,1:30,
FIMS_38,Dry,2024,TS9,,Bay Anchovy,,,5,,,,c,100,,29.3,,1.4,,8,,,1:30,
FIMS_38,Dry,2024,TS9,,Bay Anchovy,,,5,,,,c,100,,29.3,,1.4,,8,,,1:30,
FIMS_38,Dry,2024,TS9,,Bay Anchovy,,,5,,,,c,100,,29.3,,1.4,,8,,,1:30,
FIMS_38,Dry,2024,TS9,,Bay Anchovy,,,5,,,,c,100,,29.3,,1.4,,8,,,1:30,
FIMS_38,Dry,2024,TS9,,Bay Anchovy,,,5,,,,c,100,,29.3,,1.4,,8,,,1:30,
FIMS_38,Dry,2024,TS9,,Bay Anchovy,,,5,,,,c,100,,29.3,,1.4,,8,,,1:30,
FIMS_38,Dry,2024,TS9,,Bay Anchovy,,,5,,,,c,100,,29.3,,1.4,,8,,,1:30,
FIMS_38,Dry,2024,TS9,,Bay Anchovy,,,5,,,,c,100,,29.3,,1.4,,8,,,1:30,
FIMS_38,Dry,2024,TS9,,Bay Anchovy,,,5,,,,c,100,,29.3,,1.4,,8,,,1:30,
FIMS_38,Dry,2024,TS9,,Bay Anchovy,,,5,,,,c,100,,29.3,,1.4,,8,,,1:30,
FIMS_38,Dry,2024,TS9,,Bay Anchovy,,,5,,,,c,100,,29.3,,1.4,,8,,,1:30,
FIMS_38,Dry,2024,TS9,,Bay Anchovy,,,5,,,,c,100,,29.3,,1.4,,8,,,1:30,
FIMS_38,Dry,2024,TS9,,Bay Anchovy,,,5,,,,c,100,,29.3,,1.4,,8,,,1:30,
FIMS_38,Dry,2024,TS9,,Bay Anchovy,,,5,,,,c,100,,29.3,,1.4,,8,,,1:30,
FIMS_38,Dry,2024,TS9,,Bay Anchovy,,,5,,,,c,100,,29.3,,1.4,,8,,,1:30,
FIMS_38,Dry,2024,TS9,,Bay Anchovy,,,5,,,,c,100,,29.3,,1.4,,8,,,1:30,
FIMS_38,Dry,2024,TS9,,Bay Anchovy,,,5,,,,c,100,,29.3,,1.4,,8,,,1:30,
FIMS_38,Dry,2024,TS9,,Bay Anchovy,,,5,,,,c,100,,29.3,,1.4,,8,,,1:30,
FIMS_38,Dry,2024,TS9,,Bay Anchovy,,,5,,,,c,100,,29.3,,1.4,,8,,,1:30,
FIMS_38,Dry,2024,TS9,,Bay Anchovy,,,5,,,,c,100,,29.3,,1.4,,8,,,1:30,
FIMS_38,Dry,2024,TS9,,Bay Anchovy,,,5,,,,c,100,,29.3,,1.4,,8,,,1:30,
FIMS_38,Dry,2024,TS9,,Bay Anchovy,,,5,,,,c,100,,29.3,,1.4,,8,,,1:30,
FIMS_38,Dry,2024,TS9,,Bay Anchovy,,,5,,,,c,100,,29.3,,1.4,,8,,,1:30,
FIMS_38,Dry,2024,TS9,,Bay Anchovy,,,5,,,,c,100,,29.3,,1.4,,8,,,1:30,
FIMS_38,Dry,2024,TS9,,Bay Anchovy,,,5,,,,c,100,,29.3,,1.4,,8,,,1:30,
FIMS_38,Dry,2024,TS9,,Bay Anchovy,,,5,,,,c,100,,29.3,,1.4,,8,,,1:30,
FIMS_38,Dry,2024,TS9,,Bay Anchovy,,,5,,,,c,100,,29.3,,1.4,,8,,,1:30,
FIMS_38,Dry,2024,TS9,,Bay Anchovy,,,5,,,,c,100,,29.3,,1.4,,8,,,1:30,
FIMS_38,Dry,2024,TS9,,Bay Anchovy,,,5,,,,c,100,,29.3,,1.4,,8,,,1:30,
FIMS_38,Dry,2024,TS9,,Bay Anchovy,,,5,,,,c,100,,29.3,,1.4,,8,,,1:30,
FIMS_38,Dry,2024,TS9,,Bay Anchovy,,,5,,,,c,100,,29.3,,1.4,,8,,,1:30,
FIMS_38,Dry,2024,TS9,,Bay Anchovy,,,5,,,,c,100,,29.3,,1.4,,8,,,1:30,
FIMS_38,Dry,2024,TS9,,Bay Anchovy,,,5,,,,c,100,,29.3,,1.4,,8,,,1:30,
FIMS_38,Dry,2024,TS9,,Bay Anchovy,,,5,,,,c,100,,29.3,,1.4,,8,,,1:30,
FIMS_38,Dry,2024,TS9,,Bay Anchovy,,,5,,,,c,100,,29.3,,1.4,,8,,,1:30,
FIMS_38,Dry,2024,TS9,,Bay Anchovy,,,5,,,,c,100,,29.3,,1.4,,8,,,1:30,
FIMS_38,Dry,2024,TS9,,Bay Anchovy,,,5,,,,c,100,,29.3,,1.4,,8,,,1:30,
FIMS_38,Dry,2024,TS9,,Bay Anchovy,,,5,,,,c,100,,29.3,,1.4,,8,,,1:30,
FIMS_38,Dry,2024,TS9,,Bay Anchovy,,,5,,,,c,100,,29.3,,1.4,,8,,,1:30,
FIMS_38,Dry,2024,TS9,,Bay Anchovy,,,5,,,,c,100,,29.3,,1.4,,8,,,1:30,
FIMS_38,Dry,2024,TS9,,Bay Anchovy,,,5,,,,c,100,,29.3,,1.4,,8,,,1:30,
FIMS_38,Dry,2024,TS9,,Bay Anchovy,,,5,,,,c,100,,29.3,,1.4,,8,,,1:30,
FIMS_38,Dry,2024,TS9,,Bay Anchovy,,,5,,,,c,100,,29.3,,1.4,,8,,,1:30,
FIMS_38,Dry,2024,TS9,,Bay Anchovy,,,5,,,,c,100,,29.3,,1.4,,8,,,1:30,
FIMS_38,Dry,2024,TS9,,Bay Anchovy,,,5,,,,c,100,,29.3,,1.4,,8,,,1:30,
FIMS_38,Dry,2024,TS9,,Bay Anchovy,,,5,,,,c,100,,29.3,,1.4,,8,,,1:30,
FIMS_38,Dry,2024,TS9,,Bay Anchovy,,,5,,,,c,100,,29.3,,1.4,,8,,,1:30,
FIMS_38,Dry,2024,TS9,,Bay Anchovy,,,5,,,,c,100,,29.3,,1.4,,8,,,1:30,
FIMS_38,Dry,2024,TS9,,Bay Anchovy,,,5,,,,c,100,,29.3,,1.4,,8,,,1:30,
FIMS_38,Dry,2024,TS9,,Bay Anchovy,,,5,,,,c,100,,29.3,,1.4,,8,,,1:30,
FIMS_38,Dry,2024,TS9,,Bay Anchovy,,,5,,,,c,100,,29.3,,1.4,,8,,,1:30,
FIMS_38,Dry,2024,TS9,,Bay Anchovy,,,5,,,,c,100,,29.3,,1.4,,8,,,1:30,
FIMS_38,Dry,2024,TS9,,Bay Anchovy,,,5,,,,c,100,,29.3,,1.4,,8,,,1:30,
FIMS_38,Dry,2024,TS9,,Bay Anchovy,,,5,,,,c,100,,29.3,,1.4,,8,,,1:30,
FIMS_38,Dry,2024,TS9,,Bay Anchovy,,,5,,,,c,100,,29.3,,1.4,,8,,,1:30,
FIMS_38,Dry,2024,TS9,,Bay Anchovy,,,5,,,,c,100,,29.3,,1.4,,8,,,1:30,
FIMS_38,Dry,2024,TS9,,Bay Anchovy,,,5,,,,c,100,,29.3,,1.4,,8,,,1:30,
FIMS_38,Dry,2024,TS9,,Bay Anchovy,,,5,,,,c,100,,29.3,,1.4,,8,,,1:30,
FIMS_38,Dry,2024,TS9,,Bay Anchovy,,,5,,,,c,100,,29.3,,1.4,,8,,,1:30,
FIMS_38,Dry,2024,TS9,,Bay Anchovy,,,5,,,,c,100,,29.3,,1.4,,8,,,1:30,
FIMS_38,Dry,2024,TS9,,Bay Anchovy,,,5,,,,c,100,,29.3,,1.4,,8,,,1:30,
FIMS_38,Dry,2024,TS9,,Bay Anchovy,,,5,,,,c,100,,29.3,,1.4,,8,,,1:30,
FIMS_38,Dry,2024,TS9,,Bay Anchovy,,,5,,,,c,100,,29.3,,1.4,,8,,,1:30,
FIMS_38,Dry,2024,TS9,,Bay Anchovy,,,5,,,,c,100,,29.3,,1.4,,8,,,1:30,
FIMS_38,Dry,2024,TS9,,Bay Anchovy,,,5,,,,c,100,,29.3,,1.4,,8,,,1:30,
FIMS_38,Dry,2024,TS9,,Bay Anchovy,,,5,,,,c,100,,29.3,,1.4,,8,,,1:30,
FIMS_38,Dry,2024,TS9,,Bay Anchovy,,,5,,,,c,100,,29.3,,1.4,,8,,,1:30,
FIMS_38,Dry,2024,TS9,,Bay Anchovy,,,5,,,,c,100,,29.3,,1.4,,8,,,1:30,
FIMS_38,Dry,2024,TS9,,Bay Anchovy,,,5,,,,c,100,,29.3,,1.4,,8,,,1:30,
FIMS_38,Dry,2024,TS9,,Bay Anchovy,,,5,,,,c,100,,29.3,,1.4,,8,,,1:30,
FIMS_38,Dry,2024,TS9,,Bay Anchovy,,,5,,,,c,100,,29.3,,1.4,,8,,,1:30,
FIMS_38,Dry,2024,TS9,,Bay Anchovy,,,5,,,,c,100,,29.3,,1.4,,8,,,1:30,
FIMS_38,Dry,2024,TS9,,Bay Anchovy,,,5,,,,c,100,,29.3,,1.4,,8,,,1:30,
FIMS_38,Dry,2024,TS9,,Bay Anchovy,,,5,,,,c,100,,29.3,,1.4,,8,,,1:30,
FIMS_38,Dry,2024,TS9,,Bay Anchovy,,,5,,,,c,100,,29.3,,1.4,,8,,,1:30,
FIMS_38,Dry,2024,TS9,,Bay Anchovy,,,5,,,,c,100,,29.3,,1.4,,8,,,1:30,
FIMS_38,Dry,2024,TS9,,Bay Anchovy,,,5,,,,c,100,,29.3,,1.4,,8,,,1:30,
FIMS_38,Dry,2024,TS9,,Bay Anchovy,,,5,,,,c,100,,29.3,,1.4,,8,,,1:30,
FIMS_38,Dry,2024,TS9,,Bay Anchovy,,,5,,,,c,100,,29.3,,1.4,,8,,,1:30,
FIMS_38,Dry,2024,TS9,,Bay Anchovy,,,5,,,,c,100,,29.3,,1.4,,8,,,1:30,
FIMS_38,Dry,2024,TS9,,Bay Anchovy,,,5,,,,c,100,,29.3,,1.4,,8,,,1:30,
FIMS_38,Dry,2024,TS9,,Bay Anchovy,,,5,,,,c,100,,29.3,,1.4,,8,,,1:30,
FIMS_38,Dry,2024,TS9,,Bay Anchovy,,,5,,,,c,100,,29.3,,1.4,,8,,,1:30,
FIMS_38,Dry,2024,TS9,,Bay Anchovy,,,5,,,,c,100,,29.3,,1.4,,8,,,1:30,
FIMS_38,Dry,2024,TS9,,Bay Anchovy,,,5,,,,c,100,,29.3,,1.4,,8,,,1:30,
FIMS_38,Dry,2024,TS9,,Bay Anchovy,,,5,,,,c,100,,29.3,,1.4,,8,,,1:30,
FIMS_38,Dry,2024,TS9,,Bay Anchovy,,,5,,,,c,100,,29.3,,1.4,,8,,,1:30,
FIMS_38,Dry,2024,TS9,,Bay Anchovy,,,5,,,,c,100,,29.3,,1.4,,8,,,1:30,
FIMS_38,Dry,2024,TS9,,Bay Anchovy,,,5,,,,c,100,,29.3,,1.4,,8,,,1:30,
FIMS_38,Dry,2024,TS9,,Bay Anchovy,,,5,,,,c,100,,29.3,,1.4,,8,,,1:30,
FIMS_38,Dry,2024,TS9,,Bay Anchovy,,,5,,,,c,100,,29.3,,1.4,,8,,,1:30,
FIMS_38,Dry,2024,TS9,,Bay Anchovy,,,5,,,,c,100,,29.3,,1.4,,8,,,1:30,
FIMS_38,Dry,2024,TS9,,Bay Anchovy,,,5,,,,c,100,,29.3,,1.4,,8,,,1:30,
FIMS_38,Dry,2024,TS9,,Bay Anchovy,,,5,,,,c,100,,29.3,,1.4,,8,,,1:30,
FIMS_38,Dry,2024,TS9,,Bay Anchovy,,,5,,,,c,100,,29.3,,1.4,,8,,,1:30,
FIMS_38,Dry,2024,TS9,,Bay Anchovy,,,5,,,,c,100,,29.3,,1.4,,8,,,1:30,
FIMS_38,Dry,2024,TS9,,Bay Anchovy,,,5,,,,c,100,,29.3,,1.4,,8,,,1:30,
FIMS_38,Dry,2024,TS9,,Bay Anchovy,,,5,,,,c,100,,29.3,,1.4,,8,,,1:30,
FIMS_38,Dry,2024,TS9,,Bay Anchovy,,,5,,,,c,100,,29.3,,1.4,,8,,,1:30,
FIMS_38,Dry,2024,TS9,,Bay Anchovy,,,5,,,,c,100,,29.3,,1.4,,8,,,1:30,
FIMS_38,Dry,2024,TS9,,Bay Anchovy,,,5,,,,c,100,,29.3,,1.4,,8,,,1:30,
FIMS_38,Dry,2024,TS9,,Bay Anchovy,,,5,,,,c,100,,29.3,,1.4,,8,,,1:30,
FIMS_38,Dry,2024,TS9,,Bay Anchovy,,,5,,,,c,100,,29.3,,1.4,,8,,,1:30,
FIMS_38,Dry,2024,TS9,,Bay Anchovy,,,5,,,,c,100,,29.3,,1.4,,8,,,1:30,
FIMS_38,Dry,2024,TS9,,Bay Anchovy,,,5,,,,c,100,,29.3,,1.4,,8,,,1:30,
FIMS_38,Dry,2024,TS9,,Bay Anchovy,,,5,,,,c,100,,29.3,,1.4,,8,,,1:30,
FIMS_38,Dry,2024,TS9,,Bay Anchovy,,,5,,,,c,100,,29.3,,1.4,,8,,,1:30,
FIMS_38,Dry,2024,TS9,,Bay Anchovy,,,5,,,,c,100,,29.3,,1.4,,8,,,1:30,
FIMS_38,Dry,2024,TS9,,Bay Anchovy,,,5,,,,c,100,,29.3,,1.4,,8,,,1:30,
FIMS_38,Dry,2024,TS9,,Bay Anchovy,,,5,,,,c,100,,29.3,,1.4,,8,,,1:30,
FIMS_38,Dry,2024,TS9,,Bay Anchovy,,,5,,,,c,100,,29.3,,1.4,,8,,,1:30,
FIMS_38,Dry,2024,TS9,,Bay Anchovy,,,5,,,,c,100,,29.3,,1.4,,8,,,1:30,
FIMS_38,Dry,2024,TS9,,Bay Anchovy,,,5,,,,c,100,,29.3,,1.4,,8,,,1:30,
FIMS_38,Dry,2024,TS9,,Bay Anchovy,,,5,,,,c,100,,29.3,,1.4,,8,,,1:30,
FIMS_38,Dry,2024,TS9,,Bay Anchovy,,,5,,,,c,100,,29.3,,1.4,,8,,,1:30,
FIMS_38,Dry,2024,TS9,,Bay Anchovy,,,5,,,,c,100,,29.3,,1.4,,8,,,1:30,
FIMS_38,Dry,2024,TS9,,Bay Anchovy,,,5,,,,c,100,,29.3,,1.4,,8,,,1:30,
FIMS_38,Dry,2024,TS9,,Bay Anchovy,,,5,,,,c,100,,29.3,,1.4,,8,,,1:30,
FIMS_38,Dry,2024,TS9,,Bay Anchovy,,,5,,,,c,100,,29.3,,1.4,,8,,,1:30,
FIMS_38,Dry,2024,TS9,,Bay Anchovy,,,5,,,,c,100,,29.3,,1.4,,8,,,1:30,
FIMS_38,Dry,2024,TS9,,Bay Anchovy,,,5,,,,c,100,,29.3,,1.4,,8,,,1:30,
FIMS_38,Dry,2024,TS9,,Bay Anchovy,,,5,,,,c,100,,29.3,,1.4,,8,,,1:30,
FIMS_38,Dry,2024,TS9,,Bay Anchovy,,,5,,,,c,100,,29.3,,1.4,,8,,,1:30,
FIMS_38,Dry,2024,TS9,,Bay Anchovy,,,5,,,,c,100,,29.3,,1.4,,8,,,1:30,
FIMS_38,Dry,2024,TS9,,Bay Anchovy,,,5,,,,c,100,,29.3,,1.4,,8,,,1:30,
FIMS_38,Dry,2024,TS9,,Bay Anchovy,,,5,,,,c,100,,29.3,,1.4,,8,,,1:30,
FIMS_38,Dry,2024,TS9,,Bay Anchovy,,,5,,,,c,100,,29.3,,1.4,,8,,,1:30,
FIMS_38,Dry,2024,TS9,,Bay Anchovy,,,5,,,,c,100,,29.3,,1.4,,8,,,1:30,
FIMS_38,Dry,2024,TS9,,Bay Anchovy,,,5,,,,c,100,,29.3,,1.4,,8,,,1:30,
FIMS_38,Dry,2024,TS9,,Bay Anchovy,,,5,,,,c,100,,29.3,,1.4,,8,,,1:30,
FIMS_38,Dry,2024,TS9,,Bay Anchovy,,,5,,,,c,100,,29.3,,1.4,,8,,,1:30,
FIMS_38,Dry,2024,TS9,,Bay Anchovy,,,5,,,,c,100,,29.3,,1.4,,8,,,1:30,
FIMS_38,Dry,2024,TS9,,Bay Anchovy,,,5,,,,c,100,,29.3,,1.4,,8,,,1:30,
FIMS_38,Dry,2024,TS9,,Bay Anchovy,,,5,,,,c,100,,29.3,,1.4,,8,,,1:30,
FIMS_38,Dry,2024,TS9,,Bay Anchovy,,,5,,,,c,100,,29.3,,1.4,,8,,,1:30,
FIMS_38,Dry,2024,TS9,,Bay Anchovy,,,5,,,,c,100,,29.3,,1.4,,8,,,1:30,
FIMS_38,Dry,2024,TS9,,Bay Anchovy,,,5,,,,c,100,,29.3,,1.4,,8,,,1:30,
FIMS_38,Dry,2024,TS9,,Bay Anchovy,,,5,,,,c,100,,29.3,,1.4,,8,,,1:30,
FIMS_38,Dry,2024,TS9,,Bay Anchovy,,,5,,,,c,100,,29.3,,1.4,,8,,,1:30,
FIMS_38,Dry,2024,TS9,,Bay Anchovy,,,5,,,,c,100,,29.3,,1.4,,8,,,1:30,
FIMS_38,Dry,2024,TS9,,Bay Anchovy,,,5,,,,c,100,,29.3,,1.4,,8,,,1:30,
FIMS_38,Dry,2024,TS9,,Bay Anchovy,,,5,,,,c,100,,29.3,,1.4,,8,,,1:30,
FIMS_38,Dry,2024,TS9,,Bay Anchovy,,,5,,,,c,100,,29.3,,1.4,,8,,,1:30,
FIMS_38,Dry,2024,TS9,,Bay Anchovy,,,5,,,,c,100,,29.3,,1.4,,8,,,1:30,
FIMS_38,Dry,2024,TS9,,Bay Anchovy,,,5,,,,c,100,,29.3,,1.4,,8,,,1:30,
FIMS_38,Dry,2024,TS9,,Bay Anchovy,,,5,,,,c,100,,29.3,,1.4,,8,,,1:30,
FIMS_38,Dry,2024,TS9,,Bay Anchovy,,,5,,,,c,100,,29.3,,1.4,,8,,,1:30,
FIMS_38,Dry,2024,TS9,,Bay Anchovy,,,5,,,,c,100,,29.3,,1.4,,8,,,1:30,
FIMS_38,Dry,2024,TS9,,Bay Anchovy,,,5,,,,c,100,,29.3,,1.4,,8,,,1:30,
FIMS_38,Dry,2024,TS9,,Bay Anchovy,,,5,,,,c,100,,29.3,,1.4,,8,,,1:30,
FIMS_38,Dry,2024,TS9,,Bay Anchovy,,,5,,,,c,100,,29.3,,1.4,,8,,,1:30,
FIMS_38,Dry,2024,TS9,,Bay Anchovy,,,5,,,,c,100,,29.3,,1.4,,8,,,1:30,
FIMS_38,Dry,2024,TS9,,Bay Anchovy,,,5,,,,c,100,,29.3,,1.4,,8,,,1:30,
FIMS_38,Dry,2024,TS9,,Bay Anchovy,,,5,,,,c,100,,29.3,,1.4,,8,,,1:30,
FIMS_38,Dry,2024,TS9,,Bay Anchovy,,,5,,,,c,100,,29.3,,1.4,,8,,,1:30,
FIMS_38,Dry,2024,TS9,,Bay Anchovy,,,5,,,,c,100,,29.3,,1.4,,8,,,1:30,
FIMS_38,Dry,2024,TS9,,Bay Anchovy,,,5,,,,c,100,,29.3,,1.4,,8,,,1:30,
FIMS_38,Dry,2024,TS9,,Bay Anchovy,,,5,,,,c,100,,29.3,,1.4,,8,,,1:30,
FIMS_38,Dry,2024,TS9,,Bay Anchovy,,,5,,,,c,100,,29.3,,1.4,,8,,,1:30,
FIMS_38,Dry,2024,TS9,,Bay Anchovy,,,5,,,,c,100,,29.3,,1.4,,8,,,1:30,
FIMS_38,Dry,2024,TS9,,Bay Anchovy,,,5,,,,c,100,,29.3,,1.4,,8,,,1:30,
FIMS_38,Dry,2024,TS9,,Bay Anchovy,,,5,,,,c,100,,29.3,,1.4,,8,,,1:30,
FIMS_38,Dry,2024,TS9,,Bay Anchovy,,,5,,,,c,100,,29.3,,1.4,,8,,,1:30,
FIMS_38,Dry,2024,TS9,,Bay Anchovy,,,5,,,,c,100,,29.3,,1.4,,8,,,1:30,
FIMS_38,Dry,2024,TS9,,Bay Anchovy,,,5,,,,c,100,,29.3,,1.4,,8,,,1:30,
FIMS_38,Dry,2024,TS9,,Bay Anchovy,,,5,,,,c,100,,29.3,,1.4,,8,,,1:30,
FIMS_38,Dry,2024,TS9,,Bay Anchovy,,,5,,,,c,100,,29.3,,1.4,,8,,,1:30,
FIMS_38,Dry,2024,TS9,,Bay Anchovy,,,5,,,,c,100,,29.3,,1.4,,8,,,1:30,
FIMS_38,Dry,2024,TS9,,Bay Anchovy,,,5,,,,c,100,,29.3,,1.4,,8,,,1:30,
FIMS_38,Dry,2024,TS9,,Bay Anchovy,,,5,,,,c,100,,29.3,,1.4,,8,,,1:30,
FIMS_38,Dry,2024,TS9,,Bay Anchovy,,,5,,,,c,100,,29.3,,1.4,,8,,,1:30,
FIMS_38,Dry,2024,TS9,,Bay Anchovy,,,5,,,,c,100,,29.3,,1.4,,8,,,1:30,
FIMS_38,Dry,2024,TS9,,Bay Anchovy,,,5,,,,c,100,,29.3,,1.4,,8,,,1:30,
FIMS_38,Dry,2024,TS9,,Bay Anchovy,,,5,,,,c,100,,29.3,,1.4,,8,,,1:30,
FIMS_38,Dry,2024,TS9,,Bay Anchovy,,,5,,,,c,100,,29.3,,1.4,,8,,,1:30,
FIMS_38,Dry,2024,TS9,,Bay Anchovy,,,5,,,,c,100,,29.3,,1.4,,8,,,1:30,
FIMS_38,Dry,2024,TS9,,Bay Anchovy,,,5,,,,c,100,,29.3,,1.4,,8,,,1:30,
FIMS_38,Dry,2024,TS9,,Bay Anchovy,,,5,,,,c,100,,29.3,,1.4,,8,,,1:30,
FIMS_38,Dry,2024,TS9,,Bay Anchovy,,,5,,,,c,100,,29.3,,1.4,,8,,,1:30,
FIMS_38,Dry,2024,TS9,,Bay Anchovy,,,5,,,,c,100,,29.3,,1.4,,8,,,1:30,
FIMS_38,Dry,2024,TS9,,Bay Anchovy,,,5,,,,c,100,,29.3,,1.4,,8,,,1:30,
FIMS_38,Dry,2024,TS9,,Bay Anchovy,,,5,,,,c,100,,29.3,,1.4,,8,,,1:30,
FIMS_38,Dry,2024,TS9,,Bay Anchovy,,,5,,,,c,100,,29.3,,1.4,,8,,,1:30,
FIMS_38,Dry,2024,TS9,,Bay Anchovy,,,5,,,,c,100,,29.3,,1.4,,8,,,1:30,
FIMS_38,Dry,2024,TS9,,Bay Anchovy,,,5,,,,c,100,,29.3,,1.4,,8,,,1:30,
FIMS_38,Dry,2024,TS9,,Bay Anchovy,,,5,,,,c,100,,29.3,,1.4,,8,,,1:30,
FIMS_38,Dry,2024,TS9,,Bay Anchovy,,,5,,,,c,100,,29.3,,1.4,,8,,,1:30,
FIMS_38,Dry,2024,TS9,,Bay Anchovy,,,5,,,,c,100,,29.3,,1.4,,8,,,1:30,
FIMS_38,Dry,2024,TS9,,Bay Anchovy,,,5,,,,c,100,,29.3,,1.4,,8,,,1:30,
FIMS_38,Dry,2024,TS9,,Bay Anchovy,,,5,,,,c,100,,29.3,,1.4,,8,,,1:30,
FIMS_38,Dry,2024,TS9,,Bay Anchovy,,,5,,,,c,100,,29.3,,1.4,,8,,,1:30,
FIMS_38,Dry,2024,TS9,,Bay Anchovy,,,5,,,,c,100,,29.3,,1.4,,8,,,1:30,
FIMS_38,Dry,2024,TS9,,Bay Anchovy,,,5,,,,c,100,,29.3,,1.4,,8,,,1:30,
FIMS_38,Dry,2024,TS9,,Bay Anchovy,,,5,,,,c,100,,29.3,,1.4,,8,,,1:30,
FIMS_38,Dry,2024,TS9,,Bay Anchovy,,,5,,,,c,100,,29.3,,1.4,,8,,,1:30,
FIMS_38,Dry,2024,TS9,,Bay Anchovy,,,5,,,,c,100,,29.3,,1.4,,8,,,1:30,
FIMS_38,Dry,2024,TS9,,Bay Anchovy,,,5,,,,c,100,,29.3,,1.4,,8,,,1:30,
FIMS_38,Dry,2024,TS9,,Bay Anchovy,,,5,,,,c,100,,29.3,,1.4,,8,,,1:30,
FIMS_38,Dry,2024,TS9,,Bay Anchovy,,,5,,,,c,100,,29.3,,1.4,,8,,,1:30,
FIMS_38,Dry,2024,TS9,,Bay Anchovy,,,5,,,,c,100,,29.3,,1.4,,8,,,1:30,
FIMS_38,Dry,2024,TS9,,Bay Anchovy,,,5,,,,c,100,,29.3,,1.4,,8,,,1:30,
FIMS_38,Dry,2024,TS9,,Bay Anchovy,,,5,,,,c,100,,29.3,,1.4,,8,,,1:30,
FIMS_38,Dry,2024,TS9,,Bay Anchovy,,,5,,,,c,100,,29.3,,1.4,,8,,,1:30,
FIMS_38,Dry,2024,TS9,,Bay Anchovy,,,5,,,,c,100,,29.3,,1.4,,8,,,1:30,
FIMS_38,Dry,2024,TS9,,Bay Anchovy,,,5,,,,c,100,,29.3,,1.4,,8,,,1:30,
FIMS_38,Dry,2024,TS9,,Bay Anchovy,,,5,,,,c,100,,29.3,,1.4,,8,,,1:30,
FIMS_38,Dry,2024,TS9,,Bay Anchovy,,,5,,,,c,100,,29.3,,1.4,,8,,,1:30,
FIMS_38,Dry,2024,TS9,,Bay Anchovy,,,5,,,,c,100,,29.3,,1.4,,8,,,1:30,
FIMS_38,Dry,2024,TS9,,Bay Anchovy,,,5,,,,c,100,,29.3,,1.4,,8,,,1:30,
FIMS_38,Dry,2024,TS9,,Bay Anchovy,,,5,,,,c,100,,29.3,,1.4,,8,,,1:30,
FIMS_38,Dry,2024,TS9,,Bay Anchovy,,,5,,,,c,100,,29.3,,1.4,,8,,,1:30,
FIMS_38,Dry,2024,TS9,,Bay Anchovy,,,5,,,,c,100,,29.3,,1.4,,8,,,1:30,
FIMS_38,Dry,2024,TS9,,Bay Anchovy,,,5,,,,c,100,,29.3,,1.4,,8,,,1:30,
FIMS_38,Dry,2024,TS9,,Bay Anchovy,,,5,,,,c,100,,29.3,,1.4,,8,,,1:30,
FIMS_38,Dry,2024,TS9,,Bay Anchovy,,,5,,,,c,100,,29.3,,1.4,,8,,,1:30,
FIMS_38,Dry,2024,TS9,,Bay Anchovy,,,5,,,,c,100,,29.3,,1.4,,8,,,1:30,
FIMS_38,Dry,2024,TS9,,Bay Anchovy,,,5,,,,c,100,,29.3,,1.4,,8,,,1:30,
FIMS_38,Dry,2024,TS9,,Bay Anchovy,,,5,,,,c,100,,29.3,,1.4,,8,,,1:30,
FIMS_38,Dry,2024,TS9,,Bay Anchovy,,,5,,,,c,100,,29.3,,1.4,,8,,,1:30,
FIMS_38,Dry,2024,TS9,,Bay Anchovy,,,5,,,,c,100,,29.3,,1.4,,8,,,1:30,
FIMS_38,Dry,2024,TS9,,Bay Anchovy,,,5,,,,c,100,,29.3,,1.4,,8,,,1:30,
FIMS_38,Dry,2024,TS9,,Bay Anchovy,,,5,,,,c,100,,29.3,,1.4,,8,,,1:30,
FIMS_38,Dry,2024,TS9,,Bay Anchovy,,,5,,,,c,100,,29.3,,1.4,,8,,,1:30,
FIMS_38,Dry,2024,TS9,,Bay Anchovy,,,5,,,,c,100,,29.3,,1.4,,8,,,1:30,
FIMS_38,Dry,2024,TS9,,Bay Anchovy,,,5,,,,c,100,,29.3,,1.4,,8,,,1:30,
FIMS_38,Dry,2024,TS9,,Bay Anchovy,,,5,,,,c,100,,29.3,,1.4,,8,,,1:30,
FIMS_38,Dry,2024,TS9,,Bay Anchovy,,,5,,,,c,100,,29.3,,1.4,,8,,,1:30,
FIMS_38,Dry,2024,TS9,,Bay Anchovy,,,5,,,,c,100,,29.3,,1.4,,8,,,1:30,
FIMS_38,Dry,2024,TS9,,Bay Anchovy,,,5,,,,c,100,,29.3,,1.4,,8,,,1:30,
FIMS_38,Dry,2024,TS9,,Bay Anchovy,,,5,,,,c,100,,29.3,,1.4,,8,,,1:30,
FIMS_38,Dry,2024,TS9,,Bay Anchovy,,,5,,,,c,100,,29.3,,1.4,,8,,,1:30,
FIMS_38,Dry,2024,TS9,,Bay Anchovy,,,5,,,,c,100,,29.3,,1.4,,8,,,1:30,
FIMS_38,Dry,2024,TS9,,Bay Anchovy,,,5,,,,c,100,,29.3,,1.4,,8,,,1:30,
FIMS_38,Dry,2024,TS9,,Bay Anchovy,,,5,,,,c,100,,29.3,,1.4,,8,,,1:30,
FIMS_38,Dry,2024,TS9,,Bay Anchovy,,,5,,,,c,100,,29.3,,1.4,,8,,,1:30,
FIMS_38,Dry,2024,TS9,,Bay Anchovy,,,5,,,,c,100,,29.3,,1.4,,8,,,1:30,
FIMS_38,Dry,2024,TS9,,Bay Anchovy,,,5,,,,c,100,,29.3,,1.4,,8,,,1:30,
FIMS_38,Dry,2024,TS9,,Bay Anchovy,,,5,,,,c,100,,29.3,,1.4,,8,,,1:30,
FIMS_38,Dry,2024,TS9,,Bay Anchovy,,,5,,,,c,100,,29.3,,1.4,,8,,,1:30,
FIMS_38,Dry,2024,TS9,,Bay Anchovy,,,5,,,,c,100,,29.3,,1.4,,8,,,1:30,
FIMS_38,Dry,2024,TS9,,Bay Anchovy,,,5,,,,c,100,,29.3,,1.4,,8,,,1:30,
FIMS_38,Dry,2024,TS9,,Bay Anchovy,,,5,,,,c,100,,29.3,,1.4,,8,,,1:30,
FIMS_38,Dry,2024,TS9,,Bay Anchovy,,,5,,,,c,100,,29.3,,1.4,,8,,,1:30,
FIMS_38,Dry,2024,TS9,,Bay Anchovy,,,5,,,,c,100,,29.3,,1.4,,8,,,1:30,
FIMS_38,Dry,2024,TS9,,Bay Anchovy,,,5,,,,c,100,,29.3,,1.4,,8,,,1:30,
FIMS_38,Dry,2024,TS9,,Bay Anchovy,,,5,,,,c,100,,29.3,,1.4,,8,,,1:30,
FIMS_38,Dry,2024,TS9,,Bay Anchovy,,,5,,,,c,100,,29.3,,1.4,,8,,,1:30,
FIMS_38,Dry,2024,TS9,,Bay Anchovy,,,5,,,,c,100,,29.3,,1.4,,8,,,1:30,
FIMS_38,Dry,2024,TS9,,Bay Anchovy,,,5,,,,c,100,,29.3,,1.4,,8,,,1:30,
FIMS_38,Dry,2024,TS9,,Bay Anchovy,,,5,,,,c,100,,29.3,,1.4,,8,,,1:30,
FIMS_38,Dry,2024,TS9,,Bay Anchovy,,,5,,,,c,100,,29.3,,1.4,,8,,,1:30,
FIMS_38,Dry,2024,TS9,,Bay Anchovy,,,5,,,,c,100,,29.3,,1.4,,8,,,1:30,
FIMS_38,Dry,2024,TS9,,Bay Anchovy,,,5,,,,c,100,,29.3,,1.4,,8,,,1:30,
FIMS_38,Dry,2024,TS9,,Bay Anchovy,,,5,,,,c,100,,29.3,,1.4,,8,,,1:30,
FIMS_38,Dry,2024,TS9,,Bay Anchovy,,,5,,,,c,100,,29.3,,1.4,,8,,,1:30,
FIMS_38,Dry,2024,TS9,,Bay Anchovy,,,5,,,,c,100,,29.3,,1.4,,8,,,1:30,
FIMS_38,Dry,2024,TS9,,Bay Anchovy,,,5,,,,c,100,,29.3,,1.4,,8,,,1:30,
FIMS_38,Dry,2024,TS9,,Bay Anchovy,,,5,,,,c,100,,29.3,,1.4,,8,,,1:30,
FIMS_38,Dry,2024,TS9,,Bay Anchovy,,,5,,,,c,100,,29.3,,1.4,,8,,,1:30,
FIMS_38,Dry,2024,TS9,,Bay Anchovy,,,5,,,,c,100,,29.3,,1.4,,8,,,1:30,
FIMS_38,Dry,2024,TS9,,Bay Anchovy,,,5,,,,c,100,,29.3,,1.4,,8,,,1:30,
FIMS_38,Dry,2024,TS9,,Bay Anchovy,,,5,,,,c,100,,29.3,,1.4,,8,,,1:30,
FIMS_38,Dry,2024,TS9,,Bay Anchovy,,,5,,,,c,100,,29.3,,1.4,,8,,,1:30,
FIMS_38,Dry,2024,TS9,,Bay Anchovy,,,5,,,,c,100,,29.3,,1.4,,8,,,1:30,
FIMS_38,Dry,2024,TS9,,Bay Anchovy,,,5,,,,c,100,,29.3,,1.4,,8,,,1:30,
FIMS_38,Dry,2024,TS9,,Bay Anchovy,,,5,,,,c,100,,29.3,,1.4,,8,,,1:30,
FIMS_38,Dry,2024,TS9,,Bay Anchovy,,,5,,,,c,100,,29.3,,1.4,,8,,,1:30,
FIMS_38,Dry,2024,TS9,,Bay Anchovy,,,5,,,,c,100,,29.3,,1.4,,8,,,1:30,
FIMS_38,Dry,2024,TS9,,Bay Anchovy,,,5,,,,c,100,,29.3,,1.4,,8,,,1:30,
FIMS_38,Dry,2024,TS9,,Bay Anchovy,,,5,,,,c,100,,29.3,,1.4,,8,,,1:30,
FIMS_38,Dry,2024,TS9,,Bay Anchovy,,,5,,,,c,100,,29.3,,1.4,,8,,,1:30,
FIMS_38,Dry,2024,TS9,,Bay Anchovy,,,5,,,,c,100,,29.3,,1.4,,8,,,1:30,
FIMS_38,Dry,2024,TS9,,Bay Anchovy,,,5,,,,c,100,,29.3,,1.4,,8,,,1:30,
FIMS_38,Dry,2024,TS9,,Bay Anchovy,,,5,,,,c,100,,29.3,,1.4,,8,,,1:30,
FIMS_38,Dry,2024,TS9,,Bay Anchovy,,,5,,,,c,100,,29.3,,1.4,,8,,,1:30,
FIMS_38,Dry,2024,TS9,,Bay Anchovy,,,5,,,,c,100,,29.3,,1.4,,8,,,1:30,
FIMS_38,Dry,2024,TS9,,Bay Anchovy,,,5,,,,c,100,,29.3,,1.4,,8,,,1:30,
FIMS_38,Dry,2024,TS9,,Bay Anchovy,,,5,,,,c,100,,29.3,,1.4,,8,,,1:30,
FIMS_38,Dry,2024,TS9,,Bay Anchovy,,,5,,,,c,100,,29.3,,1.4,,8,,,1:30,
FIMS_38,Dry,2024,TS9,,Bay Anchovy,,,5,,,,c,100,,29.3,,1.4,,8,,,1:30,
FIMS_38,Dry,2024,TS9,,Bay Anchovy,,,5,,,,c,100,,29.3,,1.4,,8,,,1:30,
FIMS_38,Dry,2024,TS9,,Bay Anchovy,,,5,,,,c,100,,29.3,,1.4,,8,,,1:30,
FIMS_38,Dry,2024,TS9,,Bay Anchovy,,,5,,,,c,100,,29.3,,1.4,,8,,,1:30,
FIMS_38,Dry,2024,TS9,,Bay Anchovy,,,5,,,,c,100,,29.3,,1.4,,8,,,1:30,
FIMS_38,Dry,2024,TS9,,Bay Anchovy,,,5,,,,c,100,,29.3,,1.4,,8,,,1:30,
FIMS_38,Dry,2024,TS9,,Bay Anchovy,,,5,,,,c,100,,29.3,,1.4,,8,,,1:30,
FIMS_38,Dry,2024,TS9,,Bay Anchovy,,,5,,,,c,100,,29.3,,1.4,,8,,,1:30,
FIMS_38,Dry,2024,TS9,,Bay Anchovy,,,5,,,,c,100,,29.3,,1.4,,8,,,1:30,
FIMS_38,Dry,2024,TS9,,Bay Anchovy,,,5,,,,c,100,,29.3,,1.4,,8,,,1:30,
FIMS_38,Dry,2024,TS9,,Bay Anchovy,,,5,,,,c,100,,29.3,,1.4,,8,,,1:30,
FIMS_38,Dry,2024,TS9,,Bay Anchovy,,,5,,,,c,100,,29.3,,1.4,,8,,,1:30,
FIMS_38,Dry,2024,TS9,,Bay Anchovy,,,5,,,,c,100,,29.3,,1.4,,8,,,1:30,
FIMS_38,Dry,2024,TS9,,Bay Anchovy,,,5,,,,c,100,,29.3,,1.4,,8,,,1:30,
FIMS_38,Dry,2024,TS9,,Bay Anchovy,,,5,,,,c,100,,29.3,,1.4,,8,,,1:30,
FIMS_38,Dry,2024,TS9,,Bay Anchovy,,,5,,,,c,100,,29.3,,1.4,,8,,,1:30,
FIMS_38,Dry,2024,TS9,,Bay Anchovy,,,5,,,,c,100,,29.3,,1.4,,8,,,1:30,
FIMS_38,Dry,2024,TS9,,Bay Anchovy,,,5,,,,c,100,,29.3,,1.4,,8,,,1:30,
FIMS_38,Dry,2024,TS9,,Bay Anchovy,,,5,,,,c,100,,29.3,,1.4,,8,,,1:30,
FIMS_38,Dry,2024,TS9,,Bay Anchovy,,,5,,,,c,100,,29.3,,1.4,,8,,,1:30,
FIMS_38,Dry,2024,TS9,,Bay Anchovy,,,5,,,,c,100,,29.3,,1.4,,8,,,1:30,
FIMS_38,Dry,2024,TS9,,Bay Anchovy,,,5,,,,c,100,,29.3,,1.4,,8,,,1:30,
FIMS_38,Dry,2024,TS9,,Bay Anchovy,,,5,,,,c,100,,29.3,,1.4,,8,,,1:30,
FIMS_38,Dry,2024,TS9,,Bay Anchovy,,,5,,,,c,100,,29.3,,1.4,,8,,,1:30,
FIMS_38,Dry,2024,TS9,,Bay Anchovy,,,5,,,,c,100,,29.3,,1.4,,8,,,1:30,
FIMS_38,Dry,2024,TS9,,Bay Anchovy,,,5,,,,c,100,,29.3,,1.4,,8,,,1:30,
FIMS_38,Dry,2024,TS9,,Bay Anchovy,,,5,,,,c,100,,29.3,,1.4,,8,,,1:30,
FIMS_38,Dry,2024,TS9,,Bay Anchovy,,,5,,,,c,100,,29.3,,1.4,,8,,,1:30,
FIMS_38,Dry,2024,TS9,,Bay Anchovy,,,5,,,,c,100,,29.3,,1.4,,8,,,1:30,
FIMS_38,Dry,2024,TS9,,Bay Anchovy,,,5,,,,c,100,,29.3,,1.4,,8,,,1:30,
FIMS_38,Dry,2024,TS9,,Bay Anchovy,,,5,,,,c,100,,29.3,,1.4,,8,,,1:30,
FIMS_38,Dry,2024,TS9,,Bay Anchovy,,,5,,,,c,100,,29.3,,1.4,,8,,,1:30,
FIMS_38,Dry,2024,TS9,,Bay Anchovy,,,5,,,,c,100,,29.3,,1.4,,8,,,1:30,
FIMS_38,Dry,2024,TS9,,Bay Anchovy,,,5,,,,c,100,,29.3,,1.4,,8,,,1:30,
FIMS_38,Dry,2024,TS9,,Bay Anchovy,,,5,,,,c,100,,29.3,,1.4,,8,,,1:30,
FIMS_38,Dry,2024,TS9,,Bay Anchovy,,,5,,,,c,100,,29.3,,1.4,,8,,,1:30,
FIMS_38,Dry,2024,TS9,,Bay Anchovy,,,5,,,,c,100,,29.3,,1.4,,8,,,1:30,
FIMS_38,Dry,2024,TS9,,Bay Anchovy,,,5,,,,c,100,,29.3,,1.4,,8,,,1:30,
FIMS_38,Dry,2024,TS9,,Bay Anchovy,,,5,,,,c,100,,29.3,,1.4,,8,,,1:30,
FIMS_38,Dry,2024,TS9,,Bay Anchovy,,,5,,,,c,100,,29.3,,1.4,,8,,,1:30,
FIMS_38,Dry,2024,TS9,,Bay Anchovy,,,5,,,,c,100,,29.3,,1.4,,8,,,1:30,
FIMS_38,Dry,2024,TS9,,Bay Anchovy,,,5,,,,c,100,,29.3,,1.4,,8,,,1:30,
FIMS_38,Dry,2024,TS9,,Bay Anchovy,,,5,,,,c,100,,29.3,,1.4,,8,,,1:30,
FIMS_38,Dry,2024,TS9,,Bay Anchovy,,,5,,,,c,100,,29.3,,1.4,,8,,,1:30,
FIMS_38,Dry,2024,TS9,,Bay Anchovy,,,5,,,,c,100,,29.3,,1.4,,8,,,1:30,
FIMS_38,Dry,2024,TS9,,Bay Anchovy,,,5,,,,c,100,,29.3,,1.4,,8,,,1:30,
FIMS_38,Dry,2024,TS9,,Bay Anchovy,,,5,,,,c,100,,29.3,,1.4,,8,,,1:30,
FIMS_38,Dry,2024,TS9,,Bay Anchovy,,,5,,,,c,100,,29.3,,1.4,,8,,,1:30,
FIMS_38,Dry,2024,TS9,,Bay Anchovy,,,5,,,,c,100,,29.3,,1.4,,8,,,1:30,
FIMS_38,Dry,2024,TS9,,Bay Anchovy,,,5,,,,c,100,,29.3,,1.4,,8,,,1:30,
FIMS_38,Dry,2024,TS9,,Bay Anchovy,,,5,,,,c,100,,29.3,,1.4,,8,,,1:30,
FIMS_38,Dry,2024,TS9,,Bay Anchovy,,,5,,,,c,100,,29.3,,1.4,,8,,,1:30,
FIMS_38,Dry,2024,TS9,,Bay Anchovy,,,5,,,,c,100,,29.3,,1.4,,8,,,1:30,
FIMS_38,Dry,2024,TS9,,Bay Anchovy,,,5,,,,c,100,,29.3,,1.4,,8,,,1:30,
FIMS_38,Dry,2024,TS9,,Bay Anchovy,,,5,,,,c,100,,29.3,,1.4,,8,,,1:30,
FIMS_38,Dry,2024,TS9,,Bay Anchovy,,,5,,,,c,100,,29.3,,1.4,,8,,,1:30,
FIMS_38,Dry,2024,TS9,,Bay Anchovy,,,5,,,,c,100,,29.3,,1.4,,8,,,1:30,
FIMS_38,Dry,2024,TS9,,Bay Anchovy,,,5,,,,c,100,,29.3,,1.4,,8,,,1:30,
FIMS_38,Dry,2024,TS9,,Bay Anchovy,,,5,,,,c,100,,29.3,,1.4,,8,,,1:30,
FIMS_38,Dry,2024,TS9,,Bay Anchovy,,,5,,,,c,100,,29.3,,1.4,,8,,,1:30,
FIMS_38,Dry,2024,TS9,,Bay Anchovy,,,5,,,,c,100,,29.3,,1.4,,8,,,1:30,
FIMS_38,Dry,2024,TS9,,Bay Anchovy,,,5,,,,c,100,,29.3,,1.4,,8,,,1:30,
FIMS_38,Dry,2024,TS9,,Bay Anchovy,,,5,,,,c,100,,29.3,,1.4,,8,,,1:30,
FIMS_38,Dry,2024,TS9,,Bay Anchovy,,,5,,,,c,100,,29.3,,1.4,,8,,,1:30,
FIMS_38,Dry,2024,TS9,,Bay Anchovy,,,5,,,,c,100,,29.3,,1.4,,8,,,1:30,
FIMS_38,Dry,2024,TS9,,Bay Anchovy,,,5,,,,c,100,,29.3,,1.4,,8,,,1:30,
FIMS_38,Dry,2024,TS9,,Bay Anchovy,,,5,,,,c,100,,29.3,,1.4,,8,,,1:30,
FIMS_38,Dry,2024,TS9,,Bay Anchovy,,,5,,,,c,100,,29.3,,1.4,,8,,,1:30,
FIMS_38,Dry,2024,TS9,,Bay Anchovy,,,5,,,,c,100,,29.3,,1.4,,8,,,1:30,
FIMS_38,Dry,2024,TS9,,Bay Anchovy,,,5,,,,c,100,,29.3,,1.4,,8,,,1:30,
FIMS_38,Dry,2024,TS9,,Bay Anchovy,,,5,,,,c,100,,29.3,,1.4,,8,,,1:30,
FIMS_38,Dry,2024,TS9,,Bay Anchovy,,,5,,,,c,100,,29.3,,1.4,,8,,,1:30,
FIMS_38,Dry,2024,TS9,,Bay Anchovy,,,5,,,,c,100,,29.3,,1.4,,8,,,1:30,
FIMS_38,Dry,2024,TS9,,Bay Anchovy,,,5,,,,c,100,,29.3,,1.4,,8,,,1:30,
FIMS_38,Dry,2024,TS9,,Bay Anchovy,,,5,,,,c,100,,29.3,,1.4,,8,,,1:30,
FIMS_38,Dry,2024,TS9,,Bay Anchovy,,,5,,,,c,100,,29.3,,1.4,,8,,,1:30,
FIMS_38,Dry,2024,TS9,,Bay Anchovy,,,5,,,,c,100,,29.3,,1.4,,8,,,1:30,
FIMS_38,Dry,2024,TS9,,Bay Anchovy,,,5,,,,c,100,,29.3,,1.4,,8,,,1:30,
FIMS_38,Dry,2024,TS9,,Bay Anchovy,,,5,,,,c,100,,29.3,,1.4,,8,,,1:30,
FIMS_38,Dry,2024,TS9,,Bay Anchovy,,,5,,,,c,100,,29.3,,1.4,,8,,,1:30,
FIMS_38,Dry,2024,TS9,,Bay Anchovy,,,5,,,,c,100,,29.3,,1.4,,8,,,1:30,
FIMS_38,Dry,2024,TS9,,Bay Anchovy,,,5,,,,c,100,,29.3,,1.4,,8,,,1:30,
FIMS_38,Dry,2024,TS9,,Bay Anchovy,,,5,,,,c,100,,29.3,,1.4,,8,,,1:30,
FIMS_38,Dry,2024,TS9,,Bay Anchovy,,,5,,,,c,100,,29.3,,1.4,,8,,,1:30,
FIMS_38,Dry,2024,TS9,,Bay Anchovy,,,5,,,,c,100,,29.3,,1.4,,8,,,1:30,
FIMS_38,Dry,2024,TS9,,Bay Anchovy,,,5,,,,c,100,,29.3,,1.4,,8,,,1:30,
FIMS_38,Dry,2024,TS9,,Bay Anchovy,,,5,,,,c,100,,29.3,,1.4,,8,,,1:30,
FIMS_38,Dry,2024,TS9,,Bay Anchovy,,,5,,,,c,100,,29.3,,1.4,,8,,,1:30,
FIMS_38,Dry,2024,TS9,,Bay Anchovy,,,5,,,,c,100,,29.3,,1.4,,8,,,1:30,
FIMS_38,Dry,2024,TS9,,Bay Anchovy,,,5,,,,c,100,,29.3,,1.4,,8,,,1:30,
FIMS_38,Dry,2024,TS9,,Bay Anchovy,,,5,,,,c,100,,29.3,,1.4,,8,,,1:30,
FIMS_38,Dry,2024,TS9,,Bay Anchovy,,,5,,,,c,100,,29.3,,1.4,,8,,,1:30,
FIMS_38,Dry,2024,TS9,,Bay Anchovy,,,5,,,,c,100,,29.3,,1.4,,8,,,1:30,
FIMS_38,Dry,2024,TS9,,Bay Anchovy,,,5,,,,c,100,,29.3,,1.4,,8,,,1:30,
FIMS_38,Dry,2024,TS9,,Bay Anchovy,,,5,,,,c,100,,29.3,,1.4,,8,,,1:30,
FIMS_38,Dry,2024,TS9,,Bay Anchovy,,,5,,,,c,100,,29.3,,1.4,,8,,,1:30,
FIMS_38,Dry,2024,TS9,,Bay Anchovy,,,5,,,,c,100,,29.3,,1.4,,8,,,1:30,
FIMS_38,Dry,2024,TS9,,Bay Anchovy,,,5,,,,c,100,,29.3,,1.4,,8,,,1:30,
FIMS_38,Dry,2024,TS9,,Bay Anchovy,,,5,,,,c,100,,29.3,,1.4,,8,,,1:30,
FIMS_38,Dry,2024,TS9,,Bay Anchovy,,,5,,,,c,100,,29.3,,1.4,,8,,,1:30,
FIMS_38,Dry,2024,TS9,,Bay Anchovy,,,5,,,,c,100,,29.3,,1.4,,8,,,1:30,
FIMS_38,Dry,2024,TS9,,Bay Anchovy,,,5,,,,c,100,,29.3,,1.4,,8,,,1:30,
FIMS_38,Dry,2024,TS9,,Bay Anchovy,,,5,,,,c,100,,29.3,,1.4,,8,,,1:30,
FIMS_38,Dry,2024,TS9,,Bay Anchovy,,,5,,,,c,100,,29.3,,1.4,,8,,,1:30,
FIMS_38,Dry,2024,TS9,,Bay Anchovy,,,5,,,,c,100,,29.3,,1.4,,8,,,1:30,
FIMS_38,Dry,2024,TS9,,Bay Anchovy,,,5,,,,c,100,,29.3,,1.4,,8,,,1:30,
FIMS_38,Dry,2024,TS9,,Bay Anchovy,,,5,,,,c,100,,29.3,,1.4,,8,,,1:30,
FIMS_38,Dry,2024,TS9,,Bay Anchovy,,,5,,,,c,100,,29.3,,1.4,,8,,,1:30,
FIMS_38,Dry,2024,TS9,,Bay Anchovy,,,5,,,,c,100,,29.3,,1.4,,8,,,1:30,
FIMS_38,Dry,2024,TS9,,Bay Anchovy,,,5,,,,c,100,,29.3,,1.4,,8,,,1:30,
FIMS_38,Dry,2024,TS9,,Bay Anchovy,,,5,,,,c,100,,29.3,,1.4,,8,,,1:30,
FIMS_38,Dry,2024,TS9,,Bay Anchovy,,,5,,,,c,100,,29.3,,1.4,,8,,,1:30,
FIMS_38,Dry,2024,TS9,,Bay Anchovy,,,5,,,,c,100,,29.3,,1.4,,8,,,1:30,
FIMS_38,Dry,2024,TS9,,Bay Anchovy,,,5,,,,c,100,,29.3,,1.4,,8,,,1:30,
FIMS_38,Dry,2024,TS9,,Bay Anchovy,,,5,,,,c,100,,29.3,,1.4,,8,,,1:30,
FIMS_38,Dry,2024,TS9,,Bay Anchovy,,,5,,,,c,100,,29.3,,1.4,,8,,,1:30,
FIMS_38,Dry,2024,TS9,,Bay Anchovy,,,5,,,,c,100,,29.3,,1.4,,8,,,1:30,
FIMS_38,Dry,2024,TS9,,Bay Anchovy,,,5,,,,c,100,,29.3,,1.4,,8,,,1:30,
FIMS_38,Dry,2024,TS9,,Bay Anchovy,,,5,,,,c,100,,29.3,,1.4,,8,,,1:30,
FIMS_38,Dry,2024,TS9,,Bay Anchovy,,,5,,,,c,100,,29.3,,1.4,,8,,,1:30,
FIMS_38,Dry,2024,TS9,,Bay Anchovy,,,5,,,,c,100,,29.3,,1.4,,8,,,1:30,
FIMS_38,Dry,2024,TS9,,Bay Anchovy,,,5,,,,c,100,,29.3,,1.4,,8,,,1:30,
FIMS_38,Dry,2024,TS9,,Bay Anchovy,,,5,,,,c,100,,29.3,,1.4,,8,,,1:30,
FIMS_38,Dry,2024,TS9,,Bay Anchovy,,,5,,,,c,100,,29.3,,1.4,,8,,,1:30,
FIMS_38,Dry,2024,TS9,,Bay Anchovy,,,5,,,,c,100,,29.3,,1.4,,8,,,1:30,
FIMS_38,Dry,2024,TS9,,Bay Anchovy,,,5,,,,c,100,,29.3,,1.4,,8,,,1:30,
FIMS_38,Dry,2024,TS9,,Bay Anchovy,,,5,,,,c,100,,29.3,,1.4,,8,,,1:30,
FIMS_38,Dry,2024,TS9,,Bay Anchovy,,,5,,,,c,100,,29.3,,1.4,,8,,,1:30,
FIMS_38,Dry,2024,TS9,,Bay Anchovy,,,5,,,,c,100,,29.3,,1.4,,8,,,1:30,
FIMS_38,Dry,2024,TS9,,Bay Anchovy,,,5,,,,c,100,,29.3,,1.4,,8,,,1:30,
FIMS_38,Dry,2024,TS9,,Bay Anchovy,,,5,,,,c,100,,29.3,,1.4,,8,,,1:30,
FIMS_38,Dry,2024,TS9,,Bay Anchovy,,,5,,,,c,100,,29.3,,1.4,,8,,,1:30,
FIMS_38,Dry,2024,TS9,,Bay Anchovy,,,5,,,,c,100,,29.3,,1.4,,8,,,1:30,
FIMS_38,Dry,2024,TS9,,Bay Anchovy,,,5,,,,c,100,,29.3,,1.4,,8,,,1:30,
FIMS_38,Dry,2024,TS9,,Bay Anchovy,,,5,,,,c,100,,29.3,,1.4,,8,,,1:30,
FIMS_38,Dry,2024,TS9,,Bay Anchovy,,,5,,,,c,100,,29.3,,1.4,,8,,,1:30,
FIMS_38,Dry,2024,TS9,,Bay Anchovy,,,5,,,,c,100,,29.3,,1.4,,8,,,1:30,
FIMS_38,Dry,2024,TS9,,Bay Anchovy,,,5,,,,c,100,,29.3,,1.4,,8,,,1:30,
FIMS_38,Dry,2024,TS9,,Bay Anchovy,,,5,,,,c,100,,29.3,,1.4,,8,,,1:30,
FIMS_38,Dry,2024,TS9,,Bay Anchovy,,,5,,,,c,100,,29.3,,1.4,,8,,,1:30,
FIMS_38,Dry,2024,TS9,,Bay Anchovy,,,5,,,,c,100,,29.3,,1.4,,8,,,1:30,
FIMS_38,Dry,2024,TS9,,Bay Anchovy,,,5,,,,c,100,,29.3,,1.4,,8,,,1:30,
FIMS_38,Dry,2024,TS9,,Bay Anchovy,,,5,,,,c,100,,29.3,,1.4,,8,,,1:30,
FIMS_38,Dry,2024,TS9,,Bay Anchovy,,,5,,,,c,100,,29.3,,1.4,,8,,,1:30,
FIMS_38,Dry,2024,TS9,,Bay Anchovy,,,5,,,,c,100,,29.3,,1.4,,8,,,1:30,
FIMS_38,Dry,2024,TS9,,Bay Anchovy,,,5,,,,c,100,,29.3,,1.4,,8,,,1:30,
FIMS_38,Dry,2024,TS9,,Bay Anchovy,,,5,,,,c,100,,29.3,,1.4,,8,,,1:30,
FIMS_38,Dry,2024,TS9,,Bay Anchovy,,,5,,,,c,100,,29.3,,1.4,,8,,,1:30,
FIMS_38,Dry,2024,TS9,,Bay Anchovy,,,5,,,,c,100,,29.3,,1.4,,8,,,1:30,
FIMS_38,Dry,2024,TS9,,Bay Anchovy,,,5,,,,c,100,,29.3,,1.4,,8,,,1:30,
FIMS_38,Dry,2024,TS9,,Bay Anchovy,,,5,,,,c,100,,29.3,,1.4,,8,,,1:30,
FIMS_38,Dry,2024,TS9,,Bay Anchovy,,,5,,,,c,100,,29.3,,1.4,,8,,,1:30,
FIMS_38,Dry,2024,TS9,,Bay Anchovy,,,5,,,,c,100,,29.3,,1.4,,8,,,1:30,
FIMS_38,Dry,2024,TS9,,Bay Anchovy,,,5,,,,c,100,,29.3,,1.4,,8,,,1:30,
FIMS_38,Dry,2024,TS9,,Bay Anchovy,,,5,,,,c,100,,29.3,,1.4,,8,,,1:30,
FIMS_38,Dry,2024,TS9,,Bay Anchovy,,,5,,,,c,100,,29.3,,1.4,,8,,,1:30,
FIMS_38,Dry,2024,TS9,,Bay Anchovy,,,5,,,,c,100,,29.3,,1.4,,8,,,1:30,
FIMS_38,Dry,2024,TS9,,Bay Anchovy,,,5,,,,c,100,,29.3,,1.4,,8,,,1:30,
FIMS_38,Dry,2024,TS9,,Bay Anchovy,,,5,,,,c,100,,29.3,,1.4,,8,,,1:30,
FIMS_38,Dry,2024,TS9,,Bay Anchovy,,,5,,,,c,100,,29.3,,1.4,,8,,,1:30,
FIMS_38,Dry,2024,TS9,,Bay Anchovy,,,5,,,,c,100,,29.3,,1.4,,8,,,1:30,
FIMS_38,Dry,2024,TS9,,Bay Anchovy,,,5,,,,c,100,,29.3,,1.4,,8,,,1:30,
FIMS_38,Dry,2024,TS9,,Bay Anchovy,,,5,,,,c,100,,29.3,,1.4,,8,,,1:30,
FIMS_38,Dry,2024,TS9,,Bay Anchovy,,,5,,,,c,100,,29.3,,1.4,,8,,,1:30,
FIMS_38,Dry,2024,TS9,,Bay Anchovy,,,5,,,,c,100,,29.3,,1.4,,8,,,1:30,
FIMS_38,Dry,2024,TS9,,Bay Anchovy,,,5,,,,c,100,,29.3,,1.4,,8,,,1:30,
FIMS_38,Dry,2024,TS9,,Bay Anchovy,,,5,,,,c,100,,29.3,,1.4,,8,,,1:30,
FIMS_38,Dry,2024,TS9,,Bay Anchovy,,,5,,,,c,100,,29.3,,1.4,,8,,,1:30,
FIMS_38,Dry,2024,TS9,,Bay Anchovy,,,5,,,,c,100,,29.3,,1.4,,8,,,1:30,
FIMS_38,Dry,2024,TS9,,Bay Anchovy,,,5,,,,c,100,,29.3,,1.4,,8,,,1:30,
FIMS_38,Dry,2024,TS9,,Bay Anchovy,,,5,,,,c,100,,29.3,,1.4,,8,,,1:30,
FIMS_38,Dry,2024,TS9,,Bay Anchovy,,,5,,,,c,100,,29.3,,1.4,,8,,,1:30,
FIMS_38,Dry,2024,TS9,,Bay Anchovy,,,5,,,,c,100,,29.3,,1.4,,8,,,1:30,
FIMS_38,Dry,2024,TS9,,Bay Anchovy,,,5,,,,c,100,,29.3,,1.4,,8,,,1:30,
FIMS_38,Dry,2024,TS9,,Bay Anchovy,,,5,,,,c,100,,29.3,,1.4,,8,,,1:30,
FIMS_38,Dry,2024,TS9,,Bay Anchovy,,,5,,,,c,100,,29.3,,1.4,,8,,,1:30,
FIMS_38,Dry,2024,TS9,,Bay Anchovy,,,5,,,,c,100,,29.3,,1.4,,8,,,1:30,
FIMS_38,Dry,2024,TS9,,Bay Anchovy,,,5,,,,c,100,,29.3,,1.4,,8,,,1:30,
FIMS_38,Dry,2024,TS9,,Bay Anchovy,,,5,,,,c,100,,29.3,,1.4,,8,,,1:30,
FIMS_38,Dry,2024,TS9,,Bay Anchovy,,,5,,,,c,100,,29.3,,1.4,,8,,,1:30,
FIMS_38,Dry,2024,TS9,,Bay Anchovy,,,5,,,,c,100,,29.3,,1.4,,8,,,1:30,
FIMS_38,Dry,2024,TS9,,Bay Anchovy,,,5,,,,c,100,,29.3,,1.4,,8,,,1:30,
FIMS_38,Dry,2024,TS9,,Bay Anchovy,,,5,,,,c,100,,29.3,,1.4,,8,,,1:30,
FIMS_38,Dry,2024,TS9,,Bay Anchovy,,,5,,,,c,100,,29.3,,1.4,,8,,,1:30,
FIMS_38,Dry,2024,TS9,,Bay Anchovy,,,5,,,,c,100,,29.3,,1.4,,8,,,1:30,
FIMS_38,Dry,2024,TS9,,Bay Anchovy,,,5,,,,c,100,,29.3,,1.4,,8,,,1:30,
FIMS_38,Dry,2024,TS9,,Bay Anchovy,,,5,,,,c,100,,29.3,,1.4,,8,,,1:30,
FIMS_38,Dry,2024,TS9,,Bay Anchovy,,,5,,,,c,100,,29.3,,1.4,,8,,,1:30,
FIMS_38,Dry,2024,TS9,,Bay Anchovy,,,5,,,,c,100,,29.3,,1.4,,8,,,1:30,
FIMS_38,Dry,2024,TS9,,Bay Anchovy,,,5,,,,c,100,,29.3,,1.4,,8,,,1:30,
FIMS_38,Dry,2024,TS9,,Bay Anchovy,,,5,,,,c,100,,29.3,,1.4,,8,,,1:30,
FIMS_38,Dry,2024,TS9,,Bay Anchovy,,,5,,,,c,100,,29.3,,1.4,,8,,,1:30,
FIMS_38,Dry,2024,TS9,,Bay Anchovy,,,5,,,,c,100,,29.3,,1.4,,8,,,1:30,
FIMS_38,Dry,2024,TS9,,Bay Anchovy,,,5,,,,c,100,,29.3,,1.4,,8,,,1:30,
FIMS_38,Dry,2024,TS9,,Bay Anchovy,,,5,,,,c,100,,29.3,,1.4,,8,,,1:30,
FIMS_38,Dry,2024,TS9,,Bay Anchovy,,,5,,,,c,100,,29.3,,1.4,,8,,,1:30,
FIMS_38,Dry,2024,TS9,,Bay Anchovy,,,5,,,,c,100,,29.3,,1.4,,8,,,1:30,
FIMS_38,Dry,2024,TS9,,Bay Anchovy,,,5,,,,c,100,,29.3,,1.4,,8,,,1:30,
FIMS_38,Dry,2024,TS9,,Bay Anchovy,,,5,,,,c,100,,29.3,,1.4,,8,,,1:30,
FIMS_38,Dry,2024,TS9,,Bay Anchovy,,,5,,,,c,100,,29.3,,1.4,,8,,,1:30,
FIMS_38,Dry,2024,TS9,,Bay Anchovy,,,5,,,,c,100,,29.3,,1.4,,8,,,1:30,
FIMS_38,Dry,2024,TS9,,Bay Anchovy,,,5,,,,c,100,,29.3,,1.4,,8,,,1:30,
FIMS_38,Dry,2024,TS9,,Bay Anchovy,,,5,,,,c,100,,29.3,,1.4,,8,,,1:30,
FIMS_38,Dry,2024,TS9,,Bay Anchovy,,,5,,,,c,100,,29.3,,1.4,,8,,,1:30,
FIMS_38,Dry,2024,TS9,,Bay Anchovy,,,5,,,,c,100,,29.3,,1.4,,8,,,1:30,
FIMS_38,Dry,2024,TS9,,Bay Anchovy,,,5,,,,c,100,,29.3,,1.4,,8,,,1:30,
FIMS_38,Dry,2024,TS9,,Bay Anchovy,,,5,,,,c,100,,29.3,,1.4,,8,,,1:30,
FIMS_38,Dry,2024,TS9,,Bay Anchovy,,,5,,,,c,100,,29.3,,1.4,,8,,,1:30,
FIMS_38,Dry,2024,TS9,,Bay Anchovy,,,5,,,,c,100,,29.3,,1.4,,8,,,1:30,
FIMS_38,Dry,2024,TS9,,Bay Anchovy,,,5,,,,c,100,,29.3,,1.4,,8,,,1:30,
FIMS_38,Dry,2024,TS9,,Bay Anchovy,,,5,,,,c,100,,29.3,,1.4,,8,,,1:30,
FIMS_38,Dry,2024,TS9,,Bay Anchovy,,,5,,,,c,100,,29.3,,1.4,,8,,,1:30,
FIMS_38,Dry,2024,TS9,,Bay Anchovy,,,5,,,,c,100,,29.3,,1.4,,8,,,1:30,
FIMS_38,Dry,2024,TS9,,Bay Anchovy,,,5,,,,c,100,,29.3,,1.4,,8,,,1:30,
FIMS_38,Dry,2024,TS9,,Bay Anchovy,,,5,,,,c,100,,29.3,,1.4,,8,,,1:30,
FIMS_38,Dry,2024,TS9,,Bay Anchovy,,,5,,,,c,100,,29.3,,1.4,,8,,,1:30,
FIMS_38,Dry,2024,TS9,,Bay Anchovy,,,5,,,,c,100,,29.3,,1.4,,8,,,1:30,
FIMS_38,Dry,2024,TS9,,Bay Anchovy,,,5,,,,c,100,,29.3,,1.4,,8,,,1:30,
FIMS_38,Dry,2024,TS9,,Bay Anchovy,,,5,,,,c,100,,29.3,,1.4,,8,,,1:30,
FIMS_38,Dry,2024,TS9,,Bay Anchovy,,,5,,,,c,100,,29.3,,1.4,,8,,,1:30,
FIMS_38,Dry,2024,TS9,,Bay Anchovy,,,5,,,,c,100,,29.3,,1.4,,8,,,1:30,
FIMS_38,Dry,2024,TS9,,Bay Anchovy,,,5,,,,c,100,,29.3,,1.4,,8,,,1:30,
FIMS_38,Dry,2024,TS9,,Bay Anchovy,,,5,,,,c,100,,29.3,,1.4,,8,,,1:30,
FIMS_38,Dry,2024,TS9,,Bay Anchovy,,,5,,,,c,100,,29.3,,1.4,,8,,,1:30,
FIMS_38,Dry,2024,TS9,,Bay Anchovy,,,5,,,,c,100,,29.3,,1.4,,8,,,1:30,
FIMS_38,Dry,2024,TS9,,Bay Anchovy,,,5,,,,c,100,,29.3,,1.4,,8,,,1:30,
FIMS_38,Dry,2024,TS9,,Bay Anchovy,,,5,,,,c,100,,29.3,,1.4,,8,,,1:30,
FIMS_38,Dry,2024,TS9,,Bay Anchovy,,,5,,,,c,100,,29.3,,1.4,,8,,,1:30,
FIMS_38,Dry,2024,TS9,,Bay Anchovy,,,5,,,,c,100,,29.3,,1.4,,8,,,1:30,
FIMS_38,Dry,2024,TS9,,Bay Anchovy,,,5,,,,c,100,,29.3,,1.4,,8,,,1:30,
FIMS_38,Dry,2024,TS9,,Bay Anchovy,,,5,,,,c,100,,29.3,,1.4,,8,,,1:30,
FIMS_38,Dry,2024,TS9,,Bay Anchovy,,,5,,,,c,100,,29.3,,1.4,,8,,,1:30,
FIMS_38,Dry,2024,TS9,,Bay Anchovy,,,5,,,,c,100,,29.3,,1.4,,8,,,1:30,
FIMS_38,Dry,2024,TS9,,Bay Anchovy,,,5,,,,c,100,,29.3,,1.4,,8,,,1:30,
FIMS_38,Dry,2024,TS9,,Bay Anchovy,,,5,,,,c,100,,29.3,,1.4,,8,,,1:30,
FIMS_38,Dry,2024,TS9,,Bay Anchovy,,,5,,,,c,100,,29.3,,1.4,,8,,,1:30,
FIMS_38,Dry,2024,TS9,,Bay Anchovy,,,5,,,,c,100,,29.3,,1.4,,8,,,1:30,
FIMS_38,Dry,2024,TS9,,Bay Anchovy,,,5,,,,c,100,,29.3,,1.4,,8,,,1:30,
FIMS_38,Dry,2024,TS9,,Bay Anchovy,,,5,,,,c,100,,29.3,,1.4,,8,,,1:30,
FIMS_38,Dry,2024,TS9,,Bay Anchovy,,,5,,,,c,100,,29.3,,1.4,,8,,,1:30,
FIMS_38,Dry,2024,TS9,,Bay Anchovy,,,5,,,,c,100,,29.3,,1.4,,8,,,1:30,
FIMS_38,Dry,2024,TS9,,Bay Anchovy,,,5,,,,c,100,,29.3,,1.4,,8,,,1:30,
FIMS_38,Dry,2024,TS9,,Bay Anchovy,,,5,,,,c,100,,29.3,,1.4,,8,,,1:30,
FIMS_38,Dry,2024,TS9,,Bay Anchovy,,,5,,,,c,100,,29.3,,1.4,,8,,,1:30,
FIMS_38,Dry,2024,TS9,,Bay Anchovy,,,5,,,,c,100,,29.3,,1.4,,8,,,1:30,
FIMS_38,Dry,2024,TS9,,Bay Anchovy,,,5,,,,c,100,,29.3,,1.4,,8,,,1:30,
FIMS_38,Dry,2024,TS9,,Bay Anchovy,,,5,,,,c,100,,29.3,,1.4,,8,,,1:30,
FIMS_38,Dry,2024,TS9,,Bay Anchovy,,,5,,,,c,100,,29.3,,1.4,,8,,,1:30,
FIMS_38,Dry,2024,TS9,,Bay Anchovy,,,5,,,,c,100,,29.3,,1.4,,8,,,1:30,
FIMS_38,Dry,2024,TS9,,Bay Anchovy,,,5,,,,c,100,,29.3,,1.4,,8,,,1:30,
FIMS_38,Dry,2024,TS9,,Bay Anchovy,,,5,,,,c,100,,29.3,,1.4,,8,,,1:30,
FIMS_38,Dry,2024,TS9,,Bay Anchovy,,,5,,,,c,100,,29.3,,1.4,,8,,,1:30,
FIMS_38,Dry,2024,TS9,,Bay Anchovy,,,5,,,,c,100,,29.3,,1.4,,8,,,1:30,
FIMS_38,Dry,2024,TS9,,Bay Anchovy,,,5,,,,c,100,,29.3,,1.4,,8,,,1:30,
FIMS_38,Dry,2024,TS9,,Bay Anchovy,,,5,,,,c,100,,29.3,,1.4,,8,,,1:30,
FIMS_38,Dry,2024,TS9,,Bay Anchovy,,,5,,,,c,100,,29.3,,1.4,,8,,,1:30,
FIMS_38,Dry,2024,TS9,,Bay Anchovy,,,5,,,,c,100,,29.3,,1.4,,8,,,1:30,
FIMS_38,Dry,2024,TS9,,Bay Anchovy,,,5,,,,c,100,,29.3,,1.4,,8,,,1:30,
FIMS_38,Dry,2024,TS9,,Bay Anchovy,,,5,,,,c,100,,29.3,,1.4,,8,,,1:30,
FIMS_38,Dry,2024,TS9,,Bay Anchovy,,,5,,,,c,100,,29.3,,1.4,,8,,,1:30,
FIMS_38,Dry,2024,TS9,,Bay Anchovy,,,5,,,,c,100,,29.3,,1.4,,8,,,1:30,
FIMS_38,Dry,2024,TS9,,Bay Anchovy,,,5,,,,c,100,,29.3,,1.4,,8,,,1:30,
FIMS_38,Dry,2024,TS9,,Bay Anchovy,,,5,,,,c,100,,29.3,,1.4,,8,,,1:30,
FIMS_38,Dry,2024,TS9,,Bay Anchovy,,,5,,,,c,100,,29.3,,1.4,,8,,,1:30,
FIMS_38,Dry,2024,TS9,,Bay Anchovy,,,5,,,,c,100,,29.3,,1.4,,8,,,1:30,
FIMS_38,Dry,2024,TS9,,Bay Anchovy,,,5,,,,c,100,,29.3,,1.4,,8,,,1:30,
FIMS_38,Dry,2024,TS9,,Bay Anchovy,,,5,,,,c,100,,29.3,,1.4,,8,,,1:30,
FIMS_38,Dry,2024,TS9,,Bay Anchovy,,,5,,,,c,100,,29.3,,1.4,,8,,,1:30,
FIMS_38,Dry,2024,TS9,,Bay Anchovy,,,5,,,,c,100,,29.3,,1.4,,8,,,1:30,
FIMS_38,Dry,2024,TS9,,Bay Anchovy,,,5,,,,c,100,,29.3,,1.4,,8,,,1:30,
FIMS_38,Dry,2024,TS9,,Bay Anchovy,,,5,,,,c,100,,29.3,,1.4,,8,,,1:30,
FIMS_38,Dry,2024,TS9,,Bay Anchovy,,,5,,,,c,100,,29.3,,1.4,,8,,,1:30,
FIMS_38,Dry,2024,TS9,,Bay Anchovy,,,5,,,,c,100,,29.3,,1.4,,8,,,1:30,
FIMS_38,Dry,2024,TS9,,Bay Anchovy,,,5,,,,c,100,,29.3,,1.4,,8,,,1:30,
FIMS_38,Dry,2024,TS9,,Bay Anchovy,,,5,,,,c,100,,29.3,,1.4,,8,,,1:30,
FIMS_38,Dry,2024,TS9,,Bay Anchovy,,,5,,,,c,100,,29.3,,1.4,,8,,,1:30,
FIMS_38,Dry,2024,TS9,,Bay Anchovy,,,5,,,,c,100,,29.3,,1.4,,8,,,1:30,
FIMS_38,Dry,2024,TS9,,Bay Anchovy,,,5,,,,c,100,,29.3,,1.4,,8,,,1:30,
FIMS_38,Dry,2024,TS9,,Bay Anchovy,,,5,,,,c,100,,29.3,,1.4,,8,,,1:30,
FIMS_38,Dry,2024,TS9,,Bay Anchovy,,,5,,,,c,100,,29.3,,1.4,,8,,,1:30,
FIMS_38,Dry,2024,TS9,,Bay Anchovy,,,5,,,,c,100,,29.3,,1.4,,8,,,1:30,
FIMS_38,Dry,2024,TS9,,Bay Anchovy,,,5,,,,c,100,,29.3,,1.4,,8,,,1:30,
FIMS_38,Dry,2024,TS9,,Bay Anchovy,,,5,,,,c,100,,29.3,,1.4,,8,,,1:30,
FIMS_38,Dry,2024,TS9,,Bay Anchovy,,,5,,,,c,100,,29.3,,1.4,,8,,,1:30,
FIMS_38,Dry,2024,TS9,,Bay Anchovy,,,5,,,,c,100,,29.3,,1.4,,8,,,1:30,
FIMS_38,Dry,2024,TS9,,Bay Anchovy,,,5,,,,c,100,,29.3,,1.4,,8,,,1:30,
FIMS_38,Dry,2024,TS9,,Bay Anchovy,,,5,,,,c,100,,29.3,,1.4,,8,,,1:30,
FIMS_38,Dry,2024,TS9,,Bay Anchovy,,,5,,,,c,100,,29.3,,1.4,,8,,,1:30,
FIMS_38,Dry,2024,TS9,,Bay Anchovy,,,5,,,,c,100,,29.3,,1.4,,8,,,1:30,
FIMS_38,Dry,2024,TS9,,Bay Anchovy,,,5,,,,c,100,,29.3,,1.4,,8,,,1:30,
FIMS_38,Dry,2024,TS9,,Bay Anchovy,,,5,,,,c,100,,29.3,,1.4,,8,,,1:30,
FIMS_38,Dry,2024,TS9,,Bay Anchovy,,,5,,,,c,100,,29.3,,1.4,,8,,,1:30,
FIMS_38,Dry,2024,TS9,,Bay Anchovy,,,5,,,,c,100,,29.3,,1.4,,8,,,1:30,
FIMS_38,Dry,2024,TS9,,Bay Anchovy,,,5,,,,c,100,,29.3,,1.4,,8,,,1:30,
FIMS_38,Dry,2024,TS9,,Bay Anchovy,,,5,,,,c,100,,29.3,,1.4,,8,,,1:30,
FIMS_38,Dry,2024,TS9,,Bay Anchovy,,,5,,,,c,100,,29.3,,1.4,,8,,,1:30,
FIMS_38,Dry,2024,TS9,,Bay Anchovy,,,5,,,,c,100,,29.3,,1.4,,8,,,1:30,
FIMS_38,Dry,2024,TS9,,Bay Anchovy,,,5,,,,c,100,,29.3,,1.4,,8,,,1:30,
FIMS_38,Dry,2024,TS9,,Bay Anchovy,,,5,,,,c,100,,29.3,,1.4,,8,,,1:30,
FIMS_38,Dry,2024,TS9,,Bay Anchovy,,,5,,,,c,100,,29.3,,1.4,,8,,,1:30,
FIMS_38,Dry,2024,TS9,,Bay Anchovy,,,5,,,,c,100,,29.3,,1.4,,8,,,1:30,
FIMS_38,Dry,2024,TS9,,Bay Anchovy,,,5,,,,c,100,,29.3,,1.4,,8,,,1:30,
FIMS_38,Dry,2024,TS9,,Bay Anchovy,,,5,,,,c,100,,29.3,,1.4,,8,,,1:30,
FIMS_38,Dry,2024,TS9,,Bay Anchovy,,,5,,,,c,100,,29.3,,1.4,,8,,,1:30,
FIMS_38,Dry,2024,TS9,,Bay Anchovy,,,5,,,,c,100,,29.3,,1.4,,8,,,1:30,
FIMS_38,Dry,2024,TS9,,Bay Anchovy,,,5,,,,c,100,,29.3,,1.4,,8,,,1:30,
FIMS_38,Dry,2024,TS9,,Bay Anchovy,,,5,,,,c,100,,29.3,,1.4,,8,,,1:30,
FIMS_38,Dry,2024,TS9,,Bay Anchovy,,,5,,,,c,100,,29.3,,1.4,,8,,,1:30,
FIMS_38,Dry,2024,TS9,,Bay Anchovy,,,5,,,,c,100,,29.3,,1.4,,8,,,1:30,
FIMS_38,Dry,2024,TS9,,Bay Anchovy,,,5,,,,c,100,,29.3,,1.4,,8,,,1:30,
FIMS_38,Dry,2024,TS9,,Bay Anchovy,,,5,,,,c,100,,29.3,,1.4,,8,,,1:30,
FIMS_38,Dry,2024,TS9,,Bay Anchovy,,,5,,,,c,100,,29.3,,1.4,,8,,,1:30,
FIMS_38,Dry,2024,TS9,,Bay Anchovy,,,5,,,,c,100,,29.3,,1.4,,8,,,1:30,
FIMS_38,Dry,2024,TS9,,Bay Anchovy,,,5,,,,c,100,,29.3,,1.4,,8,,,1:30,
FIMS_38,Dry,2024,TS9,,Bay Anchovy,,,5,,,,c,100,,29.3,,1.4,,8,,,1:30,
FIMS_38,Dry,2024,TS9,,Bay Anchovy,,,5,,,,c,100,,29.3,,1.4,,8,,,1:30,
FIMS_38,Dry,2024,TS9,,Bay Anchovy,,,5,,,,c,100,,29.3,,1.4,,8,,,1:30,
FIMS_38,Dry,2024,TS9,,Bay Anchovy,,,5,,,,c,100,,29.3,,1.4,,8,,,1:30,
FIMS_38,Dry,2024,TS9,,Bay Anchovy,,,5,,,,c,100,,29.3,,1.4,,8,,,1:30,
FIMS_38,Dry,2024,TS9,,Bay Anchovy,,,5,,,,c,100,,29.3,,1.4,,8,,,1:30,
FIMS_38,Dry,2024,TS9,,Bay Anchovy,,,5,,,,c,100,,29.3,,1.4,,8,,,1:30,
FIMS_38,Dry,2024,TS9,,Bay Anchovy,,,5,,,,c,100,,29.3,,1.4,,8,,,1:30,
FIMS_38,Dry,2024,TS9,,Bay Anchovy,,,5,,,,c,100,,29.3,,1.4,,8,,,1:30,
FIMS_38,Dry,2024,TS9,,Bay Anchovy,,,5,,,,c,100,,29.3,,1.4,,8,,,1:30,
FIMS_38,Dry,2024,TS9,,Bay Anchovy,,,5,,,,c,100,,29.3,,1.4,,8,,,1:30,
FIMS_38,Dry,2024,TS9,,Bay Anchovy,,,5,,,,c,100,,29.3,,1.4,,8,,,1:30,
FIMS_38,Dry,2024,TS9,,Bay Anchovy,,,5,,,,c,100,,29.3,,1.4,,8,,,1:30,
FIMS_38,Dry,2024,TS9,,Bay Anchovy,,,5,,,,c,100,,29.3,,1.4,,8,,,1:30,
FIMS_38,Dry,2024,TS9,,Bay Anchovy,,,5,,,,c,100,,29.3,,1.4,,8,,,1:30,
FIMS_38,Dry,2024,TS9,,Bay Anchovy,,,5,,,,c,100,,29.3,,1.4,,8,,,1:30,
FIMS_38,Dry,2024,TS9,,Bay Anchovy,,,5,,,,c,100,,29.3,,1.4,,8,,,1:30,
FIMS_38,Dry,2024,TS9,,Bay Anchovy,,,5,,,,c,100,,29.3,,1.4,,8,,,1:30,
FIMS_38,Dry,2024,TS9,,Bay Anchovy,,,5,,,,c,100,,29.3,,1.4,,8,,,1:30,
FIMS_38,Dry,2024,TS9,,Bay Anchovy,,,5,,,,c,100,,29.3,,1.4,,8,,,1:30,
FIMS_38,Dry,2024,TS9,,Bay Anchovy,,,5,,,,c,100,,29.3,,1.4,,8,,,1:30,
FIMS_38,Dry,2024,TS9,,Bay Anchovy,,,5,,,,c,100,,29.3,,1.4,,8,,,1:30,
FIMS_38,Dry,2024,TS9,,Bay Anchovy,,,5,,,,c,100,,29.3,,1.4,,8,,,1:30,
FIMS_38,Dry,2024,TS9,,Bay Anchovy,,,5,,,,c,100,,29.3,,1.4,,8,,,1:30,
FIMS_38,Dry,2024,TS9,,Bay Anchovy,,,5,,,,c,100,,29.3,,1.4,,8,,,1:30,
FIMS_38,Dry,2024,TS9,,Bay Anchovy,,,5,,,,c,100,,29.3,,1.4,,8,,,1:30,
FIMS_38,Dry,2024,TS9,,Bay Anchovy,,,5,,,,c,100,,29.3,,1.4,,8,,,1:30,
FIMS_38,Dry,2024,TS9,,Bay Anchovy,,,5,,,,c,100,,29.3,,1.4,,8,,,1:30,
FIMS_38,Dry,2024,TS9,,Bay Anchovy,,,5,,,,c,100,,29.3,,1.4,,8,,,1:30,
FIMS_38,Dry,2024,TS9,,Bay Anchovy,,,5,,,,c,100,,29.3,,1.4,,8,,,1:30,
FIMS_38,Dry,2024,TS9,,Bay Anchovy,,,5,,,,c,100,,29.3,,1.4,,8,,,1:30,
FIMS_38,Dry,2024,TS9,,Bay Anchovy,,,5,,,,c,100,,29.3,,1.4,,8,,,1:30,
FIMS_38,Dry,2024,TS9,,Bay Anchovy,,,5,,,,c,100,,29.3,,1.4,,8,,,1:30,
FIMS_38,Dry,2024,TS9,,Bay Anchovy,,,5,,,,c,100,,29.3,,1.4,,8,,,1:30,
FIMS_38,Dry,2024,TS9,,Bay Anchovy,,,5,,,,c,100,,29.3,,1.4,,8,,,1:30,
FIMS_38,Dry,2024,TS9,,Bay Anchovy,,,5,,,,c,100,,29.3,,1.4,,8,,,1:30,
FIMS_38,Dry,2024,TS9,,Bay Anchovy,,,5,,,,c,100,,29.3,,1.4,,8,,,1:30,
FIMS_38,Dry,2024,TS9,,Bay Anchovy,,,5,,,,c,100,,29.3,,1.4,,8,,,1:30,
FIMS_38,Dry,2024,TS9,,Bay Anchovy,,,5,,,,c,100,,29.3,,1.4,,8,,,1:30,
FIMS_38,Dry,2024,TS9,,Bay Anchovy,,,5,,,,c,100,,29.3,,1.4,,8,,,1:30,
FIMS_38,Dry,2024,TS9,,Bay Anchovy,,,5,,,,c,100,,29.3,,1.4,,8,,,1:30,
FIMS_38,Dry,2024,TS9,,Bay Anchovy,,,5,,,,c,100,,29.3,,1.4,,8,,,1:30,
FIMS_38,Dry,2024,TS9,,Bay Anchovy,,,5,,,,c,100,,29.3,,1.4,,8,,,1:30,
FIMS_38,Dry,2024,TS9,,Bay Anchovy,,,5,,,,c,100,,29.3,,1.4,,8,,,1:30,
FIMS_38,Dry,2024,TS9,,Bay Anchovy,,,5,,,,c,100,,29.3,,1.4,,8,,,1:30,
FIMS_38,Dry,2024,TS9,,Bay Anchovy,,,5,,,,c,100,,29.3,,1.4,,8,,,1:30,
FIMS_38,Dry,2024,TS9,,Bay Anchovy,,,5,,,,c,100,,29.3,,1.4,,8,,,1:30,
FIMS_38,Dry,2024,TS9,,Bay Anchovy,,,5,,,,c,100,,29.3,,1.4,,8,,,1:30,
FIMS_38,Dry,2024,TS9,,Bay Anchovy,,,5,,,,c,100,,29.3,,1.4,,8,,,1:30,
FIMS_38,Dry,2024,TS9,,Bay Anchovy,,,5,,,,c,100,,29.3,,1.4,,8,,,1:30,
FIMS_38,Dry,2024,TS9,,Bay Anchovy,,,5,,,,c,100,,29.3,,1.4,,8,,,1:30,
FIMS_38,Dry,2024,TS9,,Bay Anchovy,,,5,,,,c,100,,29.3,,1.4,,8,,,1:30,
FIMS_38,Dry,2024,TS9,,Bay Anchovy,,,5,,,,c,100,,29.3,,1.4,,8,,,1:30,
FIMS_38,Dry,2024,TS9,,Bay Anchovy,,,5,,,,c,100,,29.3,,1.4,,8,,,1:30,
FIMS_38,Dry,2024,TS9,,Bay Anchovy,,,5,,,,c,100,,29.3,,1.4,,8,,,1:30,
FIMS_38,Dry,2024,TS9,,Bay Anchovy,,,5,,,,c,100,,29.3,,1.4,,8,,,1:30,
FIMS_38,Dry,2024,TS9,,Bay Anchovy,,,5,,,,c,100,,29.3,,1.4,,8,,,1:30,
FIMS_38,Dry,2024,TS9,,Bay Anchovy,,,5,,,,c,100,,29.3,,1.4,,8,,,1:30,
FIMS_38,Dry,2024,TS9,,Bay Anchovy,,,5,,,,c,100,,29.3,,1.4,,8,,,1:30,
FIMS_38,Dry,2024,TS9,,Bay Anchovy,,,5,,,,c,100,,29.3,,1.4,,8,,,1:30,
FIMS_38,Dry,2024,TS9,,Bay Anchovy,,,5,,,,c,100,,29.3,,1.4,,8,,,1:30,
FIMS_38,Dry,2024,TS9,,Bay Anchovy,,,5,,,,c,100,,29.3,,1.4,,8,,,1:30,
FIMS_38,Dry,2024,TS9,,Bay Anchovy,,,5,,,,c,100,,29.3,,1.4,,8,,,1:30,
FIMS_38,Dry,2024,TS9,,Bay Anchovy,,,5,,,,c,100,,29.3,,1.4,,8,,,1:30,
FIMS_38,Dry,2024,TS9,,Bay Anchovy,,,5,,,,c,100,,29.3,,1.4,,8,,,1:30,
FIMS_38,Dry,2024,TS9,,Bay Anchovy,,,5,,,,c,100,,29.3,,1.4,,8,,,1:30,
FIMS_38,Dry,2024,TS9,,Bay Anchovy,,,5,,,,c,100,,29.3,,1.4,,8,,,1:30,
FIMS_38,Dry,2024,TS9,,Bay Anchovy,,,5,,,,c,100,,29.3,,1.4,,8,,,1:30,
FIMS_38,Dry,2024,TS9,,Bay Anchovy,,,5,,,,c,100,,29.3,,1.4,,8,,,1:30,
FIMS_38,Dry,2024,TS9,,Bay Anchovy,,,5,,,,c,100,,29.3,,1.4,,8,,,1:30,
FIMS_38,Dry,2024,TS9,,Bay Anchovy,,,5,,,,c,100,,29.3,,1.4,,8,,,1:30,
FIMS_38,Dry,2024,TS9,,Bay Anchovy,,,5,,,,c,100,,29.3,,1.4,,8,,,1:30,
FIMS_38,Dry,2024,TS9,,Bay Anchovy,,,5,,,,c,100,,29.3,,1.4,,8,,,1:30,
FIMS_38,Dry,2024,TS9,,Bay Anchovy,,,5,,,,c,100,,29.3,,1.4,,8,,,1:30,
FIMS_38,Dry,2024,TS9,,Bay Anchovy,,,5,,,,c,100,,29.3,,1.4,,8,,,1:30,
FIMS_38,Dry,2024,TS9,,Bay Anchovy,,,5,,,,c,100,,29.3,,1.4,,8,,,1:30,
FIMS_38,Dry,2024,TS9,,Bay Anchovy,,,5,,,,c,100,,29.3,,1.4,,8,,,1:30,
FIMS_38,Dry,2024,TS9,,Bay Anchovy,,,5,,,,c,100,,29.3,,1.4,,8,,,1:30,
FIMS_38,Dry,2024,TS9,,Bay Anchovy,,,5,,,,c,100,,29.3,,1.4,,8,,,1:30,
FIMS_38,Dry,2024,TS9,,Bay Anchovy,,,5,,,,c,100,,29.3,,1.4,,8,,,1:30,
FIMS_38,Dry,2024,TS9,,Bay Anchovy,,,5,,,,c,100,,29.3,,1.4,,8,,,1:30,
FIMS_38,Dry,2024,TS9,,Bay Anchovy,,,5,,,,c,100,,29.3,,1.4,,8,,,1:30,
FIMS_38,Dry,2024,TS9,,Bay Anchovy,,,5,,,,c,100,,29.3,,1.4,,8,,,1:30,
FIMS_38,Dry,2024,TS9,,Bay Anchovy,,,5,,,,c,100,,29.3,,1.4,,8,,,1:30,
FIMS_38,Dry,2024,TS9,,Bay Anchovy,,,5,,,,c,100,,29.3,,1.4,,8,,,1:30,
FIMS_38,Dry,2024,TS9,,Bay Anchovy,,,5,,,,c,100,,29.3,,1.4,,8,,,1:30,
FIMS_38,Dry,2024,TS9,,Bay Anchovy,,,5,,,,c,100,,29.3,,1.4,,8,,,1:30,
FIMS_38,Dry,2024,TS9,,Bay Anchovy,,,5,,,,c,100,,29.3,,1.4,,8,,,1:30,
FIMS_38,Dry,2024,TS9,,Bay Anchovy,,,5,,,,c,100,,29.3,,1.4,,8,,,1:30,
FIMS_38,Dry,2024,TS9,,Bay Anchovy,,,5,,,,c,100,,29.3,,1.4,,8,,,1:30,
FIMS_38,Dry,2024,TS9,,Bay Anchovy,,,5,,,,c,100,,29.3,,1.4,,8,,,1:30,
FIMS_38,Dry,2024,TS9,,Bay Anchovy,,,5,,,,c,100,,29.3,,1.4,,8,,,1:30,
FIMS_38,Dry,2024,TS9,,Bay Anchovy,,,5,,,,c,100,,29.3,,1.4,,8,,,1:30,
FIMS_38,Dry,2024,TS9,,Bay Anchovy,,,5,,,,c,100,,29.3,,1.4,,8,,,1:30,
FIMS_38,Dry,2024,TS9,,Bay Anchovy,,,5,,,,c,100,,29.3,,1.4,,8,,,1:30,
FIMS_38,Dry,2024,TS9,,Bay Anchovy,,,5,,,,c,100,,29.3,,1.4,,8,,,1:30,
FIMS_38,Dry,2024,TS9,,Bay Anchovy,,,5,,,,c,100,,29.3,,1.4,,8,,,1:30,
FIMS_38,Dry,2024,TS9,,Bay Anchovy,,,5,,,,c,100,,29.3,,1.4,,8,,,1:30,
FIMS_38,Dry,2024,TS9,,Bay Anchovy,,,5,,,,c,100,,29.3,,1.4,,8,,,1:30,
FIMS_38,Dry,2024,TS9,,Bay Anchovy,,,5,,,,c,100,,29.3,,1.4,,8,,,1:30,
FIMS_38,Dry,2024,TS9,,Bay Anchovy,,,5,,,,c,100,,29.3,,1.4,,8,,,1:30,
FIMS_38,Dry,2024,TS9,,Bay Anchovy,,,5,,,,c,100,,29.3,,1.4,,8,,,1:30,
FIMS_38,Dry,2024,TS9,,Bay Anchovy,,,5,,,,c,100,,29.3,,1.4,,8,,,1:30,
FIMS_38,Dry,2024,TS9,,Bay Anchovy,,,5,,,,c,100,,29.3,,1.4,,8,,,1:30,
FIMS_38,Dry,2024,TS9,,Bay Anchovy,,,5,,,,c,100,,29.3,,1.4,,8,,,1:30,
FIMS_38,Dry,2024,TS9,,Bay Anchovy,,,5,,,,c,100,,29.3,,1.4,,8,,,1:30,
FIMS_38,Dry,2024,TS9,,Bay Anchovy,,,5,,,,c,100,,29.3,,1.4,,8,,,1:30,
FIMS_38,Dry,2024,TS9,,Bay Anchovy,,,5,,,,c,100,,29.3,,1.4,,8,,,1:30,
FIMS_38,Dry,2024,TS9,,Bay Anchovy,,,5,,,,c,100,,29.3,,1.4,,8,,,1:30,
FIMS_38,Dry,2024,TS9,,Bay Anchovy,,,5,,,,c,100,,29.3,,1.4,,8,,,1:30,
FIMS_38,Dry,2024,TS9,,Bay Anchovy,,,5,,,,c,100,,29.3,,1.4,,8,,,1:30,
FIMS_38,Dry,2024,TS9,,Bay Anchovy,,,5,,,,c,100,,29.3,,1.4,,8,,,1:30,
FIMS_38,Dry,2024,TS9,,Bay Anchovy,,,5,,,,c,100,,29.3,,1.4,,8,,,1:30,
FIMS_38,Dry,2024,TS9,,Bay Anchovy,,,5,,,,c,100,,29.3,,1.4,,8,,,1:30,
FIMS_38,Dry,2024,TS9,,Bay Anchovy,,,5,,,,c,100,,29.3,,1.4,,8,,,1:30,
FIMS_38,Dry,2024,TS9,,Bay Anchovy,,,5,,,,c,100,,29.3,,1.4,,8,,,1:30,
FIMS_38,Dry,2024,TS9,,Bay Anchovy,,,5,,,,c,100,,29.3,,1.4,,8,,,1:30,
FIMS_38,Dry,2024,TS9,,Bay Anchovy,,,5,,,,c,100,,29.3,,1.4,,8,,,1:30,
FIMS_38,Dry,2024,TS9,,Bay Anchovy,,,5,,,,c,100,,29.3,,1.4,,8,,,1:30,
FIMS_38,Dry,2024,TS9,,Bay Anchovy,,,5,,,,c,100,,29.3,,1.4,,8,,,1:30,
FIMS_38,Dry,2024,TS9,,Bay Anchovy,,,5,,,,c,100,,29.3,,1.4,,8,,,1:30,
FIMS_38,Dry,2024,TS9,,Bay Anchovy,,,5,,,,c,100,,29.3,,1.4,,8,,,1:30,
FIMS_38,Dry,2024,TS9,,Bay Anchovy,,,5,,,,c,100,,29.3,,1.4,,8,,,1:30,
FIMS_38,Dry,2024,TS9,,Bay Anchovy,,,5,,,,c,100,,29.3,,1.4,,8,,,1:30,
FIMS_38,Dry,2024,TS9,,Bay Anchovy,,,5,,,,c,100,,29.3,,1.4,,8,,,1:30,
FIMS_38,Dry,2024,TS9,,Bay Anchovy,,,5,,,,c,100,,29.3,,1.4,,8,,,1:30,
FIMS_38,Dry,2024,TS9,,Bay Anchovy,,,5,,,,c,100,,29.3,,1.4,,8,,,1:30,
FIMS_38,Dry,2024,TS9,,Bay Anchovy,,,5,,,,c,100,,29.3,,1.4,,8,,,1:30,
FIMS_38,Dry,2024,TS9,,Bay Anchovy,,,5,,,,c,100,,29.3,,1.4,,8,,,1:30,
FIMS_38,Dry,2024,TS9,,Bay Anchovy,,,5,,,,c,100,,29.3,,1.4,,8,,,1:30,
FIMS_38,Dry,2024,TS9,,Bay Anchovy,,,5,,,,c,100,,29.3,,1.4,,8,,,1:30,
FIMS_38,Dry,2024,TS9,,Bay Anchovy,,,5,,,,c,100,,29.3,,1.4,,8,,,1:30,
FIMS_38,Dry,2024,TS9,,Bay Anchovy,,,5,,,,c,100,,29.3,,1.4,,8,,,1:30,
FIMS_38,Dry,2024,TS9,,Bay Anchovy,,,5,,,,c,100,,29.3,,1.4,,8,,,1:30,
FIMS_38,Dry,2024,TS9,,Bay Anchovy,,,5,,,,c,100,,29.3,,1.4,,8,,,1:30,
FIMS_38,Dry,2024,TS9,,Bay Anchovy,,,5,,,,c,100,,29.3,,1.4,,8,,,1:30,
FIMS_38,Dry,2024,TS9,,Bay Anchovy,,,5,,,,c,100,,29.3,,1.4,,8,,,1:30,
FIMS_38,Dry,2024,TS9,,Bay Anchovy,,,5,,,,c,100,,29.3,,1.4,,8,,,1:30,
FIMS_38,Dry,2024,TS9,,Bay Anchovy,,,5,,,,c,100,,29.3,,1.4,,8,,,1:30,
FIMS_38,Dry,2024,TS9,,Bay Anchovy,,,5,,,,c,100,,29.3,,1.4,,8,,,1:30,
FIMS_38,Dry,2024,TS9,,Bay Anchovy,,,5,,,,c,100,,29.3,,1.4,,8,,,1:30,
FIMS_38,Dry,2024,TS9,,Bay Anchovy,,,5,,,,c,100,,29.3,,1.4,,8,,,1:30,
FIMS_38,Dry,2024,TS9,,Bay Anchovy,,,5,,,,c,100,,29.3,,1.4,,8,,,1:30,
FIMS_38,Dry,2024,TS9,,Bay Anchovy,,,5,,,,c,100,,29.3,,1.4,,8,,,1:30,
FIMS_38,Dry,2024,TS9,,Bay Anchovy,,,5,,,,c,100,,29.3,,1.4,,8,,,1:30,
FIMS_38,Dry,2024,TS9,,Bay Anchovy,,,5,,,,c,100,,29.3,,1.4,,8,,,1:30,
FIMS_38,Dry,2024,TS9,,Bay Anchovy,,,5,,,,c,100,,29.3,,1.4,,8,,,1:30,
FIMS_38,Dry,2024,TS9,,Bay Anchovy,,,5,,,,c,100,,29.3,,1.4,,8,,,1:30,
FIMS_38,Dry,2024,TS9,,Bay Anchovy,,,5,,,,c,100,,29.3,,1.4,,8,,,1:30,
FIMS_38,Dry,2024,TS9,,Bay Anchovy,,,5,,,,c,100,,29.3,,1.4,,8,,,1:30,
FIMS_38,Dry,2024,TS9,,Bay Anchovy,,,5,,,,c,100,,29.3,,1.4,,8,,,1:30,
FIMS_38,Dry,2024,TS9,,Bay Anchovy,,,5,,,,c,100,,29.3,,1.4,,8,,,1:30,
FIMS_38,Dry,2024,TS9,,Bay Anchovy,,,5,,,,c,100,,29.3,,1.4,,8,,,1:30,
FIMS_38,Dry,2024,TS9,,Bay Anchovy,,,5,,,,c,100,,29.3,,1.4,,8,,,1:30,
FIMS_38,Dry,2024,TS9,,Bay Anchovy,,,5,,,,c,100,,29.3,,1.4,,8,,,1:30,
FIMS_38,Dry,2024,TS9,,Bay Anchovy,,,5,,,,c,100,,29.3,,1.4,,8,,,1:30,
FIMS_38,Dry,2024,TS9,,Bay Anchovy,,,5,,,,c,100,,29.3,,1.4,,8,,,1:30,
FIMS_38,Dry,2024,TS9,,Bay Anchovy,,,5,,,,c,100,,29.3,,1.4,,8,,,1:30,
FIMS_38,Dry,2024,TS9,,Bay Anchovy,,,5,,,,c,100,,29.3,,1.4,,8,,,1:30,
FIMS_38,Dry,2024,TS9,,Bay Anchovy,,,5,,,,c,100,,29.3,,1.4,,8,,,1:30,
FIMS_38,Dry,2024,TS9,,Bay Anchovy,,,5,,,,c,100,,29.3,,1.4,,8,,,1:30,
FIMS_38,Dry,2024,TS9,,Bay Anchovy,,,5,,,,c,100,,29.3,,1.4,,8,,,1:30,
FIMS_38,Dry,2024,TS9,,Bay Anchovy,,,5,,,,c,100,,29.3,,1.4,,8,,,1:30,
FIMS_38,Dry,2024,TS9,,Bay Anchovy,,,5,,,,c,100,,29.3,,1.4,,8,,,1:30,
FIMS_38,Dry,2024,TS9,,Bay Anchovy,,,5,,,,c,100,,29.3,,1.4,,8,,,1:30,
FIMS_38,Dry,2024,TS9,,Bay Anchovy,,,5,,,,c,100,,29.3,,1.4,,8,,,1:30,
FIMS_38,Dry,2024,TS9,,Bay Anchovy,,,5,,,,c,100,,29.3,,1.4,,8,,,1:30,
FIMS_38,Dry,2024,TS9,,Bay Anchovy,,,5,,,,c,100,,29.3,,1.4,,8,,,1:30,
FIMS_38,Dry,2024,TS9,,Bay Anchovy,,,5,,,,c,100,,29.3,,1.4,,8,,,1:30,
FIMS_38,Dry,2024,TS9,,Bay Anchovy,,,5,,,,c,100,,29.3,,1.4,,8,,,1:30,
FIMS_38,Dry,2024,TS9,,Bay Anchovy,,,5,,,,c,100,,29.3,,1.4,,8,,,1:30,
FIMS_38,Dry,2024,TS9,,Bay Anchovy,,,5,,,,c,100,,29.3,,1.4,,8,,,1:30,
FIMS_38,Dry,2024,TS9,,Bay Anchovy,,,5,,,,c,100,,29.3,,1.4,,8,,,1:30,
FIMS_38,Dry,2024,TS9,,Bay Anchovy,,,5,,,,c,100,,29.3,,1.4,,8,,,1:30,
FIMS_38,Dry,2024,TS9,,Bay Anchovy,,,5,,,,c,100,,29.3,,1.4,,8,,,1:30,
FIMS_38,Dry,2024,TS9,,Bay Anchovy,,,5,,,,c,100,,29.3,,1.4,,8,,,1:30,
FIMS_38,Dry,2024,TS9,,Bay Anchovy,,,5,,,,c,100,,29.3,,1.4,,8,,,1:30,
FIMS_38,Dry,2024,TS9,,Bay Anchovy,,,5,,,,c,100,,29.3,,1.4,,8,,,1:30,
FIMS_38,Dry,2024,TS9,,Bay Anchovy,,,5,,,,c,100,,29.3,,1.4,,8,,,1:30,
FIMS_38,Dry,2024,TS9,,Bay Anchovy,,,5,,,,c,100,,29.3,,1.4,,8,,,1:30,
FIMS_38,Dry,2024,TS9,,Bay Anchovy,,,5,,,,c,100,,29.3,,1.4,,8,,,1:30,
FIMS_38,Dry,2024,TS9,,Bay Anchovy,,,5,,,,c,100,,29.3,,1.4,,8,,,1:30,
FIMS_38,Dry,2024,TS9,,Bay Anchovy,,,5,,,,c,100,,29.3,,1.4,,8,,,1:30,
FIMS_38,Dry,2024,TS9,,Bay Anchovy,,,5,,,,c,100,,29.3,,1.4,,8,,,1:30,
FIMS_38,Dry,2024,TS9,,Bay Anchovy,,,5,,,,c,100,,29.3,,1.4,,8,,,1:30,
FIMS_38,Dry,2024,TS9,,Bay Anchovy,,,5,,,,c,100,,29.3,,1.4,,8,,,1:30,
FIMS_38,Dry,2024,TS9,,Bay Anchovy,,,5,,,,c,100,,29.3,,1.4,,8,,,1:30,
FIMS_38,Dry,2024,TS9,,Bay Anchovy,,,5,,,,c,100,,29.3,,1.4,,8,,,1:30,
FIMS_38,Dry,2024,TS9,,Bay Anchovy,,,5,,,,c,100,,29.3,,1.4,,8,,,1:30,
FIMS_38,Dry,2024,TS9,,Bay Anchovy,,,5,,,,c,100,,29.3,,1.4,,8,,,1:30,
FIMS_38,Dry,2024,TS9,,Bay Anchovy,,,5,,,,c,100,,29.3,,1.4,,8,,,1:30,
FIMS_38,Dry,2024,TS9,,Bay Anchovy,,,5,,,,c,100,,29.3,,1.4,,8,,,1:30,
FIMS_38,Dry,2024,TS9,,Bay Anchovy,,,5,,,,c,100,,29.3,,1.4,,8,,,1:30,
FIMS_38,Dry,2024,TS9,,Bay Anchovy,,,5,,,,c,100,,29.3,,1.4,,8,,,1:30,
FIMS_38,Dry,2024,TS9,,Bay Anchovy,,,5,,,,c,100,,29.3,,1.4,,8,,,1:30,
FIMS_38,Dry,2024,TS9,,Bay Anchovy,,,5,,,,c,100,,29.3,,1.4,,8,,,1:30,
FIMS_38,Dry,2024,TS9,,Bay Anchovy,,,5,,,,c,100,,29.3,,1.4,,8,,,1:30,
FIMS_38,Dry,2024,TS9,,Bay Anchovy,,,5,,,,c,100,,29.3,,1.4,,8,,,1:30,
FIMS_38,Dry,2024,TS9,,Bay Anchovy,,,5,,,,c,100,,29.3,,1.4,,8,,,1:30,
FIMS_38,Dry,2024,TS9,,Bay Anchovy,,,5,,,,c,100,,29.3,,1.4,,8,,,1:30,
FIMS_38,Dry,2024,TS9,,Bay Anchovy,,,5,,,,c,100,,29.3,,1.4,,8,,,1:30,
FIMS_38,Dry,2024,TS9,,Bay Anchovy,,,5,,,,c,100,,29.3,,1.4,,8,,,1:30,
FIMS_38,Dry,2024,TS9,,Bay Anchovy,,,5,,,,c,100,,29.3,,1.4,,8,,,1:30,
FIMS_38,Dry,2024,TS9,,Bay Anchovy,,,5,,,,c,100,,29.3,,1.4,,8,,,1:30,
FIMS_38,Dry,2024,TS9,,Bay Anchovy,,,5,,,,c,100,,29.3,,1.4,,8,,,1:30,
FIMS_38,Dry,2024,TS9,,Bay Anchovy,,,5,,,,c,100,,29.3,,1.4,,8,,,1:30,
FIMS_38,Dry,2024,TS9,,Bay Anchovy,,,5,,,,c,100,,29.3,,1.4,,8,,,1:30,
FIMS_38,Dry,2024,TS9,,Bay Anchovy,,,5,,,,c,100,,29.3,,1.4,,8,,,1:30,
FIMS_38,Dry,2024,TS9,,Bay Anchovy,,,5,,,,c,100,,29.3,,1.4,,8,,,1:30,
FIMS_38,Dry,2024,TS9,,Bay Anchovy,,,5,,,,c,100,,29.3,,1.4,,8,,,1:30,
FIMS_38,Dry,2024,TS9,,Bay Anchovy,,,5,,,,c,100,,29.3,,1.4,,8,,,1:30,
FIMS_38,Dry,2024,TS9,,Bay Anchovy,,,5,,,,c,100,,29.3,,1.4,,8,,,1:30,
FIMS_38,Dry,2024,TS9,,Bay Anchovy,,,5,,,,c,100,,29.3,,1.4,,8,,,1:30,
FIMS_38,Dry,2024,TS9,,Bay Anchovy,,,5,,,,c,100,,29.3,,1.4,,8,,,1:30,
FIMS_38,Dry,2024,TS9,,Bay Anchovy,,,5,,,,c,100,,29.3,,1.4,,8,,,1:30,
FIMS_38,Dry,2024,TS9,,Bay Anchovy,,,5,,,,c,100,,29.3,,1.4,,8,,,1:30,
FIMS_38,Dry,2024,TS9,,Bay Anchovy,,,5,,,,c,100,,29.3,,1.4,,8,,,1:30,
FIMS_38,Dry,2024,TS9,,Bay Anchovy,,,5,,,,c,100,,29.3,,1.4,,8,,,1:30,
FIMS_38,Dry,2024,TS9,,Bay Anchovy,,,5,,,,c,100,,29.3,,1.4,,8,,,1:30,
FIMS_38,Dry,2024,TS9,,Bay Anchovy,,,5,,,,c,100,,29.3,,1.4,,8,,,1:30,
FIMS_38,Dry,2024,TS9,,Bay Anchovy,,,5,,,,c,100,,29.3,,1.4,,8,,,1:30,
FIMS_38,Dry,2024,TS9,,Bay Anchovy,,,5,,,,c,100,,29.3,,1.4,,8,,,1:30,
FIMS_38,Dry,2024,TS9,,Bay Anchovy,,,5,,,,c,100,,29.3,,1.4,,8,,,1:30,
FIMS_38,Dry,2024,TS9,,Bay Anchovy,,,5,,,,c,100,,29.3,,1.4,,8,,,1:30,
FIMS_38,Dry,2024,TS9,,Bay Anchovy,,,5,,,,c,100,,29.3,,1.4,,8,,,1:30,
FIMS_38,Dry,2024,TS9,,Bay Anchovy,,,5,,,,c,100,,29.3,,1.4,,8,,,1:30,
FIMS_38,Dry,2024,TS9,,Bay Anchovy,,,5,,,,c,100,,29.3,,1.4,,8,,,1:30,
FIMS_38,Dry,2024,TS9,,Bay Anchovy,,,5,,,,c,100,,29.3,,1.4,,8,,,1:30,
FIMS_38,Dry,2024,TS9,,Bay Anchovy,,,5,,,,c,100,,29.3,,1.4,,8,,,1:30,
FIMS_38,Dry,2024,TS9,,Bay Anchovy,,,5,,,,c,100,,29.3,,1.4,,8,,,1:30,
FIMS_38,Dry,2024,TS9,,Bay Anchovy,,,5,,,,c,100,,29.3,,1.4,,8,,,1:30,
FIMS_38,Dry,2024,TS9,,Bay Anchovy,,,5,,,,c,100,,29.3,,1.4,,8,,,1:30,
FIMS_38,Dry,2024,TS9,,Bay Anchovy,,,5,,,,c,100,,29.3,,1.4,,8,,,1:30,
FIMS_38,Dry,2024,TS9,,Bay Anchovy,,,5,,,,c,100,,29.3,,1.4,,8,,,1:30,
FIMS_38,Dry,2024,TS9,,Bay Anchovy,,,5,,,,c,100,,29.3,,1.4,,8,,,1:30,
FIMS_38,Dry,2024,TS9,,Bay Anchovy,,,5,,,,c,100,,29.3,,1.4,,8,,,1:30,
FIMS_38,Dry,2024,TS9,,Bay Anchovy,,,5,,,,c,100,,29.3,,1.4,,8,,,1:30,
FIMS_38,Dry,2024,TS9,,Bay Anchovy,,,5,,,,c,100,,29.3,,1.4,,8,,,1:30,
FIMS_38,Dry,2024,TS9,,Bay Anchovy,,,5,,,,c,100,,29.3,,1.4,,8,,,1:30,
FIMS_38,Dry,2024,TS9,,Bay Anchovy,,,5,,,,c,100,,29.3,,1.4,,8,,,1:30,
FIMS_38,Dry,2024,TS9,,Bay Anchovy,,,5,,,,c,100,,29.3,,1.4,,8,,,1:30,
FIMS_38,Dry,2024,TS9,,Bay Anchovy,,,5,,,,c,100,,29.3,,1.4,,8,,,1:30,
FIMS_38,Dry,2024,TS9,,Bay Anchovy,,,5,,,,c,100,,29.3,,1.4,,8,,,1:30,
FIMS_38,Dry,2024,TS9,,Bay Anchovy,,,5,,,,c,100,,29.3,,1.4,,8,,,1:30,
FIMS_38,Dry,2024,TS9,,Bay Anchovy,,,5,,,,c,100,,29.3,,1.4,,8,,,1:30,
FIMS_38,Dry,2024,TS9,,Bay Anchovy,,,5,,,,c,100,,29.3,,1.4,,8,,,1:30,
FIMS_38,Dry,2024,TS9,,Bay Anchovy,,,5,,,,c,100,,29.3,,1.4,,8,,,1:30,
FIMS_38,Dry,2024,TS9,,Bay Anchovy,,,5,,,,c,100,,29.3,,1.4,,8,,,1:30,
FIMS_38,Dry,2024,TS9,,Bay Anchovy,,,5,,,,c,100,,29.3,,1.4,,8,,,1:30,
FIMS_38,Dry,2024,TS9,,Bay Anchovy,,,5,,,,c,100,,29.3,,1.4,,8,,,1:30,
FIMS_38,Dry,2024,TS9,,Bay Anchovy,,,5,,,,c,100,,29.3,,1.4,,8,,,1:30,
FIMS_38,Dry,2024,TS9,,Bay Anchovy,,,5,,,,c,100,,29.3,,1.4,,8,,,1:30,
FIMS_38,Dry,2024,TS9,,Bay Anchovy,,,5,,,,c,100,,29.3,,1.4,,8,,,1:30,
FIMS_38,Dry,2024,TS9,,Bay Anchovy,,,5,,,,c,100,,29.3,,1.4,,8,,,1:30,
FIMS_38,Dry,2024,TS9,,Bay Anchovy,,,5,,,,c,100,,29.3,,1.4,,8,,,1:30,
FIMS_38,Dry,2024,TS9,,Bay Anchovy,,,5,,,,c,100,,29.3,,1.4,,8,,,1:30,
FIMS_38,Dry,2024,TS9,,Bay Anchovy,,,5,,,,c,100,,29.3,,1.4,,8,,,1:30,
FIMS_38,Dry,2024,TS9,,Bay Anchovy,,,5,,,,c,100,,29.3,,1.4,,8,,,1:30,
FIMS_38,Dry,2024,TS9,,Bay Anchovy,,,5,,,,c,100,,29.3,,1.4,,8,,,1:30,
FIMS_38,Dry,2024,TS9,,Bay Anchovy,,,5,,,,c,100,,29.3,,1.4,,8,,,1:30,
FIMS_38,Dry,2024,TS9,,Bay Anchovy,,,5,,,,c,100,,29.3,,1.4,,8,,,1:30,
FIMS_38,Dry,2024,TS9,,Bay Anchovy,,,5,,,,c,100,,29.3,,1.4,,8,,,1:30,
FIMS_38,Dry,2024,TS9,,Bay Anchovy,,,5,,,,c,100,,29.3,,1.4,,8,,,1:30,
FIMS_38,Dry,2024,TS9,,Bay Anchovy,,,5,,,,c,100,,29.3,,1.4,,8,,,1:30,
FIMS_38,Dry,2024,TS9,,Bay Anchovy,,,5,,,,c,100,,29.3,,1.4,,8,,,1:30,
FIMS_38,Dry,2024,TS9,,Bay Anchovy,,,5,,,,c,100,,29.3,,1.4,,8,,,1:30,
FIMS_38,Dry,2024,TS9,,Bay Anchovy,,,5,,,,c,100,,29.3,,1.4,,8,,,1:30,
FIMS_38,Dry,2024,TS9,,Bay Anchovy,,,5,,,,c,100,,29.3,,1.4,,8,,,1:30,
FIMS_38,Dry,2024,TS9,,Bay Anchovy,,,5,,,,c,100,,29.3,,1.4,,8,,,1:30,
FIMS_38,Dry,2024,TS9,,Bay Anchovy,,,5,,,,c,100,,29.3,,1.4,,8,,,1:30,
FIMS_38,Dry,2024,TS9,,Bay Anchovy,,,5,,,,c,100,,29.3,,1.4,,8,,,1:30,
FIMS_38,Dry,2024,TS9,,Bay Anchovy,,,5,,,,c,100,,29.3,,1.4,,8,,,1:30,
FIMS_38,Dry,2024,TS9,,Bay Anchovy,,,5,,,,c,100,,29.3,,1.4,,8,,,1:30,
FIMS_38,Dry,2024,TS9,,Bay Anchovy,,,5,,,,c,100,,29.3,,1.4,,8,,,1:30,
FIMS_38,Dry,2024,TS9,,Bay Anchovy,,,5,,,,c,100,,29.3,,1.4,,8,,,1:30,
FIMS_38,Dry,2024,TS9,,Bay Anchovy,,,5,,,,c,100,,29.3,,1.4,,8,,,1:30,
FIMS_38,Dry,2024,TS9,,Bay Anchovy,,,5,,,,c,100,,29.3,,1.4,,8,,,1:30,
FIMS_38,Dry,2024,TS9,,Bay Anchovy,,,5,,,,c,100,,29.3,,1.4,,8,,,1:30,
FIMS_38,Dry,2024,TS9,,Bay Anchovy,,,5,,,,c,100,,29.3,,1.4,,8,,,1:30,
FIMS_38,Dry,2024,TS9,,Bay Anchovy,,,5,,,,c,100,,29.3,,1.4,,8,,,1:30,
FIMS_38,Dry,2024,TS9,,Bay Anchovy,,,5,,,,c,100,,29.3,,1.4,,8,,,1:30,
FIMS_38,Dry,2024,TS9,,Bay Anchovy,,,5,,,,c,100,,29.3,,1.4,,8,,,1:30,
FIMS_38,Dry,2024,TS9,,Bay Anchovy,,,5,,,,c,100,,29.3,,1.4,,8,,,1:30,
FIMS_38,Dry,2024,TS9,,Bay Anchovy,,,5,,,,c,100,,29.3,,1.4,,8,,,1:30,
FIMS_38,Dry,2024,TS9,,Bay Anchovy,,,5,,,,c,100,,29.3,,1.4,,8,,,1:30,
FIMS_38,Dry,2024,TS9,,Bay Anchovy,,,5,,,,c,100,,29.3,,1.4,,8,,,1:30,
FIMS_38,Dry,2024,TS9,,Bay Anchovy,,,5,,,,c,100,,29.3,,1.4,,8,,,1:30,
FIMS_38,Dry,2024,TS9,,Bay Anchovy,,,5,,,,c,100,,29.3,,1.4,,8,,,1:30,
FIMS_38,Dry,2024,TS9,,Bay Anchovy,,,5,,,,c,100,,29.3,,1.4,,8,,,1:30,
FIMS_38,Dry,2024,TS9,,Bay Anchovy,,,5,,,,c,100,,29.3,,1.4,,8,,,1:30,
FIMS_38,Dry,2024,TS9,,Bay Anchovy,,,5,,,,c,100,,29.3,,1.4,,8,,,1:30,
FIMS_38,Dry,2024,TS9,,Bay Anchovy,,,5,,,,c,100,,29.3,,1.4,,8,,,1:30,
FIMS_38,Dry,2024,TS9,,Bay Anchovy,,,5,,,,c,100,,29.3,,1.4,,8,,,1:30,
FIMS_38,Dry,2024,TS9,,Bay Anchovy,,,5,,,,c,100,,29.3,,1.4,,8,,,1:30,
FIMS_38,Dry,2024,TS9,,Bay Anchovy,,,5,,,,c,100,,29.3,,1.4,,8,,,1:30,
FIMS_38,Dry,2024,TS9,,Bay Anchovy,,,5,,,,c,100,,29.3,,1.4,,8,,,1:30,
FIMS_38,Dry,2024,TS9,,Bay Anchovy,,,5,,,,c,100,,29.3,,1.4,,8,,,1:30,
FIMS_38,Dry,2024,TS9,,Bay Anchovy,,,5,,,,c,100,,29.3,,1.4,,8,,,1:30,
FIMS_38,Dry,2024,TS9,,Bay Anchovy,,,5,,,,c,100,,29.3,,1.4,,8,,,1:30,
FIMS_38,Dry,2024,TS9,,Bay Anchovy,,,5,,,,c,100,,29.3,,1.4,,8,,,1:30,
FIMS_38,Dry,2024,TS9,,Bay Anchovy,,,5,,,,c,100,,29.3,,1.4,,8,,,1:30,
FIMS_38,Dry,2024,TS9,,Bay Anchovy,,,5,,,,c,100,,29.3,,1.4,,8,,,1:30,
FIMS_38,Dry,2024,TS9,,Bay Anchovy,,,5,,,,c,100,,29.3,,1.4,,8,,,1:30,
FIMS_38,Dry,2024,TS9,,Bay Anchovy,,,5,,,,c,100,,29.3,,1.4,,8,,,1:30,
FIMS_38,Dry,2024,TS9,,Bay Anchovy,,,5,,,,c,100,,29.3,,1.4,,8,,,1:30,
FIMS_38,Dry,2024,TS9,,Bay Anchovy,,,5,,,,c,100,,29.3,,1.4,,8,,,1:30,
FIMS_38,Dry,2024,TS9,,Bay Anchovy,,,5,,,,c,100,,29.3,,1.4,,8,,,1:30,
FIMS_38,Dry,2024,TS9,,Bay Anchovy,,,5,,,,c,100,,29.3,,1.4,,8,,,1:30,
FIMS_38,Dry,2024,TS9,,Bay Anchovy,,,5,,,,c,100,,29.3,,1.4,,8,,,1:30,
FIMS_38,Dry,2024,TS9,,Bay Anchovy,,,5,,,,c,100,,29.3,,1.4,,8,,,1:30,
FIMS_38,Dry,2024,TS9,,Bay Anchovy,,,5,,,,c,100,,29.3,,1.4,,8,,,1:30,
FIMS_38,Dry,2024,TS9,,Bay Anchovy,,,5,,,,c,100,,29.3,,1.4,,8,,,1:30,
FIMS_38,Dry,2024,TS9,,Bay Anchovy,,,5,,,,c,100,,29.3,,1.4,,8,,,1:30,
FIMS_38,Dry,2024,TS9,,Bay Anchovy,,,5,,,,c,100,,29.3,,1.4,,8,,,1:30,
FIMS_38,Dry,2024,TS9,,Bay Anchovy,,,5,,,,c,100,,29.3,,1.4,,8,,,1:30,
FIMS_38,Dry,2024,TS9,,Bay Anchovy,,,5,,,,c,100,,29.3,,1.4,,8,,,1:30,
FIMS_38,Dry,2024,TS9,,Bay Anchovy,,,5,,,,c,100,,29.3,,1.4,,8,,,1:30,
FIMS_38,Dry,2024,TS9,,Bay Anchovy,,,5,,,,c,100,,29.3,,1.4,,8,,,1:30,
FIMS_38,Dry,2024,TS9,,Bay Anchovy,,,5,,,,c,100,,29.3,,1.4,,8,,,1:30,
FIMS_38,Dry,2024,TS9,,Bay Anchovy,,,5,,,,c,100,,29.3,,1.4,,8,,,1:30,
FIMS_38,Dry,2024,TS9,,Bay Anchovy,,,5,,,,c,100,,29.3,,1.4,,8,,,1:30,
FIMS_38,Dry,2024,TS9,,Bay Anchovy,,,5,,,,c,100,,29.3,,1.4,,8,,,1:30,
FIMS_38,Dry,2024,TS9,,Bay Anchovy,,,5,,,,c,100,,29.3,,1.4,,8,,,1:30,
FIMS_38,Dry,2024,TS9,,Bay Anchovy,,,5,,,,c,100,,29.3,,1.4,,8,,,1:30,
FIMS_38,Dry,2024,TS9,,Bay Anchovy,,,5,,,,c,100,,29.3,,1.4,,8,,,1:30,
FIMS_38,Dry,2024,TS9,,Bay Anchovy,,,5,,,,c,100,,29.3,,1.4,,8,,,1:30,
FIMS_38,Dry,2024,TS9,,Bay Anchovy,,,5,,,,c,100,,29.3,,1.4,,8,,,1:30,
FIMS_38,Dry,2024,TS9,,Bay Anchovy,,,5,,,,c,100,,29.3,,1.4,,8,,,1:30,
FIMS_38,Dry,2024,TS9,,Bay Anchovy,,,5,,,,c,100,,29.3,,1.4,,8,,,1:30,
FIMS_38,Dry,2024,TS9,,Bay Anchovy,,,5,,,,c,100,,29.3,,1.4,,8,,,1:30,
FIMS_38,Dry,2024,TS9,,Bay Anchovy,,,5,,,,c,100,,29.3,,1.4,,8,,,1:30,
FIMS_38,Dry,2024,TS9,,Bay Anchovy,,,5,,,,c,100,,29.3,,1.4,,8,,,1:30,
FIMS_38,Dry,2024,TS9,,Bay Anchovy,,,5,,,,c,100,,29.3,,1.4,,8,,,1:30,
FIMS_38,Dry,2024,TS9,,Bay Anchovy,,,5,,,,c,100,,29.3,,1.4,,8,,,1:30,
FIMS_38,Dry,2024,TS9,,Bay Anchovy,,,5,,,,c,100,,29.3,,1.4,,8,,,1:30,
FIMS_38,Dry,2024,TS9,,Bay Anchovy,,,5,,,,c,100,,29.3,,1.4,,8,,,1:30,
FIMS_38,Dry,2024,TS9,,Bay Anchovy,,,5,,,,c,100,,29.3,,1.4,,8,,,1:30,
FIMS_38,Dry,2024,TS9,,Bay Anchovy,,,5,,,,c,100,,29.3,,1.4,,8,,,1:30,
FIMS_38,Dry,2024,TS9,,Bay Anchovy,,,5,,,,c,100,,29.3,,1.4,,8,,,1:30,
FIMS_38,Dry,2024,TS9,,Bay Anchovy,,,5,,,,c,100,,29.3,,1.4,,8,,,1:30,
FIMS_38,Dry,2024,TS9,,Bay Anchovy,,,5,,,,c,100,,29.3,,1.4,,8,,,1:30,
FIMS_38,Dry,2024,TS9,,Bay Anchovy,,,5,,,,c,100,,29.3,,1.4,,8,,,1:30,
FIMS_38,Dry,2024,TS9,,Bay Anchovy,,,5,,,,c,100,,29.3,,1.4,,8,,,1:30,
FIMS_38,Dry,2024,TS9,,Bay Anchovy,,,5,,,,c,100,,29.3,,1.4,,8,,,1:30,
FIMS_38,Dry,2024,TS9,,Bay Anchovy,,,5,,,,c,100,,29.3,,1.4,,8,,,1:30,
FIMS_38,Dry,2024,TS9,,Bay Anchovy,,,5,,,,c,100,,29.3,,1.4,,8,,,1:30,
FIMS_38,Dry,2024,TS9,,Bay Anchovy,,,5,,,,c,100,,29.3,,1.4,,8,,,1:30,
FIMS_38,Dry,2024,TS9,,Bay Anchovy,,,5,,,,c,100,,29.3,,1.4,,8,,,1:30,
FIMS_38,Dry,2024,TS9,,Bay Anchovy,,,5,,,,c,100,,29.3,,1.4,,8,,,1:30,
FIMS_38,Dry,2024,TS9,,Bay Anchovy,,,5,,,,c,100,,29.3,,1.4,,8,,,1:30,
FIMS_38,Dry,2024,TS9,,Bay Anchovy,,,5,,,,c,100,,29.3,,1.4,,8,,,1:30,
FIMS_38,Dry,2024,TS9,,Bay Anchovy,,,5,,,,c,100,,29.3,,1.4,,8,,,1:30,
FIMS_38,Dry,2024,TS9,,Bay Anchovy,,,5,,,,c,100,,29.3,,1.4,,8,,,1:30,
FIMS_38,Dry,2024,TS9,,Bay Anchovy,,,5,,,,c,100,,29.3,,1.4,,8,,,1:30,
FIMS_38,Dry,2024,TS9,,Bay Anchovy,,,5,,,,c,100,,29.3,,1.4,,8,,,1:30,
FIMS_38,Dry,2024,TS9,,Bay Anchovy,,,5,,,,c,100,,29.3,,1.4,,8,,,1:30,
FIMS_38,Dry,2024,TS9,,Bay Anchovy,,,5,,,,c,100,,29.3,,1.4,,8,,,1:30,
FIMS_38,Dry,2024,TS9,,Bay Anchovy,,,5,,,,c,100,,29.3,,1.4,,8,,,1:30,
FIMS_38,Dry,2024,TS9,,Bay Anchovy,,,5,,,,c,100,,29.3,,1.4,,8,,,1:30,
FIMS_38,Dry,2024,TS9,,Bay Anchovy,,,5,,,,c,100,,29.3,,1.4,,8,,,1:30,
FIMS_38,Dry,2024,TS9,,Bay Anchovy,,,5,,,,c,100,,29.3,,1.4,,8,,,1:30,
FIMS_38,Dry,2024,TS9,,Bay Anchovy,,,5,,,,c,100,,29.3,,1.4,,8,,,1:30,
FIMS_38,Dry,2024,TS9,,Bay Anchovy,,,5,,,,c,100,,29.3,,1.4,,8,,,1:30,
FIMS_38,Dry,2024,TS9,,Bay Anchovy,,,5,,,,c,100,,29.3,,1.4,,8,,,1:30,
FIMS_38,Dry,2024,TS9,,Bay Anchovy,,,5,,,,c,100,,29.3,,1.4,,8,,,1:30,
FIMS_38,Dry,2024,TS9,,Bay Anchovy,,,5,,,,c,100,,29.3,,1.4,,8,,,1:30,
FIMS_38,Dry,2024,TS9,,Bay Anchovy,,,5,,,,c,100,,29.3,,1.4,,8,,,1:30,
FIMS_38,Dry,2024,TS9,,Bay Anchovy,,,5,,,,c,100,,29.3,,1.4,,8,,,1:30,
FIMS_38,Dry,2024,TS9,,Bay Anchovy,,,5,,,,c,100,,29.3,,1.4,,8,,,1:30,
FIMS_38,Dry,2024,TS9,,Bay Anchovy,,,5,,,,c,100,,29.3,,1.4,,8,,,1:30,
FIMS_38,Dry,2024,TS9,,Bay Anchovy,,,5,,,,c,100,,29.3,,1.4,,8,,,1:30,
FIMS_38,Dry,2024,TS9,,Bay Anchovy,,,5,,,,c,100,,29.3,,1.4,,8,,,1:30,
FIMS_38,Dry,2024,TS9,,Bay Anchovy,,,5,,,,c,100,,29.3,,1.4,,8,,,1:30,
FIMS_38,Dry,2024,TS9,,Bay Anchovy,,,5,,,,c,100,,29.3,,1.4,,8,,,1:30,
FIMS_38,Dry,2024,TS9,,Bay Anchovy,,,5,,,,c,100,,29.3,,1.4,,8,,,1:30,
FIMS_38,Dry,2024,TS9,,Bay Anchovy,,,5,,,,c,100,,29.3,,1.4,,8,,,1:30,
FIMS_38,Dry,2024,TS9,,Bay Anchovy,,,5,,,,c,100,,29.3,,1.4,,8,,,1:30,
FIMS_38,Dry,2024,TS9,,Bay Anchovy,,,5,,,,c,100,,29.3,,1.4,,8,,,1:30,
FIMS_38,Dry,2024,TS9,,Bay Anchovy,,,5,,,,c,100,,29.3,,1.4,,8,,,1:30,
FIMS_38,Dry,2024,TS9,,Bay Anchovy,,,5,,,,c,100,,29.3,,1.4,,8,,,1:30,
FIMS_38,Dry,2024,TS9,,Bay Anchovy,,,5,,,,c,100,,29.3,,1.4,,8,,,1:30,
FIMS_38,Dry,2024,TS9,,Bay Anchovy,,,5,,,,c,100,,29.3,,1.4,,8,,,1:30,
FIMS_38,Dry,2024,TS9,,Bay Anchovy,,,5,,,,c,100,,29.3,,1.4,,8,,,1:30,
FIMS_38,Dry,2024,TS9,,Bay Anchovy,,,5,,,,c,100,,29.3,,1.4,,8,,,1:30,
FIMS_38,Dry,2024,TS9,,Bay Anchovy,,,5,,,,c,100,,29.3,,1.4,,8,,,1:30,
FIMS_38,Dry,2024,TS9,,Bay Anchovy,,,5,,,,c,100,,29.3,,1.4,,8,,,1:30,
FIMS_38,Dry,2024,TS9,,Bay Anchovy,,,5,,,,c,100,,29.3,,1.4,,8,,,1:30,
FIMS_38,Dry,2024,TS9,,Bay Anchovy,,,5,,,,c,100,,29.3,,1.4,,8,,,1:30,
FIMS_38,Dry,2024,TS9,,Bay Anchovy,,,5,,,,c,100,,29.3,,1.4,,8,,,1:30,
FIMS_38,Dry,2024,TS9,,Bay Anchovy,,,5,,,,c,100,,29.3,,1.4,,8,,,1:30,
FIMS_38,Dry,2024,TS9,,Bay Anchovy,,,5,,,,c,100,,29.3,,1.4,,8,,,1:30,
FIMS_38,Dry,2024,TS9,,Bay Anchovy,,,5,,,,c,100,,29.3,,1.4,,8,,,1:30,
FIMS_38,Dry,2024,TS9,,Bay Anchovy,,,5,,,,c,100,,29.3,,1.4,,8,,,1:30,
FIMS_38,Dry,2024,TS9,,Bay Anchovy,,,5,,,,c,100,,29.3,,1.4,,8,,,1:30,
FIMS_38,Dry,2024,TS9,,Bay Anchovy,,,5,,,,c,100,,29.3,,1.4,,8,,,1:30,
FIMS_38,Dry,2024,TS9,,Bay Anchovy,,,5,,,,c,100,,29.3,,1.4,,8,,,1:30,
FIMS_38,Dry,2024,TS9,,Bay Anchovy,,,5,,,,c,100,,29.3,,1.4,,8,,,1:30,
FIMS_38,Dry,2024,TS9,,Bay Anchovy,,,5,,,,c,100,,29.3,,1.4,,8,,,1:30,
FIMS_38,Dry,2024,TS9,,Bay Anchovy,,,5,,,,c,100,,29.3,,1.4,,8,,,1:30,
FIMS_38,Dry,2024,TS9,,Bay Anchovy,,,5,,,,c,100,,29.3,,1.4,,8,,,1:30,
FIMS_38,Dry,2024,TS9,,Bay Anchovy,,,5,,,,c,100,,29.3,,1.4,,8,,,1:30,
FIMS_38,Dry,2024,TS9,,Bay Anchovy,,,5,,,,c,100,,29.3,,1.4,,8,,,1:30,
FIMS_38,Dry,2024,TS9,,Bay Anchovy,,,5,,,,c,100,,29.3,,1.4,,8,,,1:30,
FIMS_38,Dry,2024,TS9,,Bay Anchovy,,,5,,,,c,100,,29.3,,1.4,,8,,,1:30,
FIMS_38,Dry,2024,TS9,,Bay Anchovy,,,5,,,,c,100,,29.3,,1.4,,8,,,1:30,
FIMS_38,Dry,2024,TS9,,Bay Anchovy,,,5,,,,c,100,,29.3,,1.4,,8,,,1:30,
FIMS_38,Dry,2024,TS9,,Bay Anchovy,,,5,,,,c,100,,29.3,,1.4,,8,,,1:30,
FIMS_38,Dry,2024,TS9,,Bay Anchovy,,,5,,,,c,100,,29.3,,1.4,,8,,,1:30,
FIMS_38,Dry,2024,TS9,,Bay Anchovy,,,5,,,,c,100,,29.3,,1.4,,8,,,1:30,
FIMS_38,Dry,2024,TS9,,Bay Anchovy,,,5,,,,c,100,,29.3,,1.4,,8,,,1:30,
FIMS_38,Dry,2024,TS9,,Bay Anchovy,,,5,,,,c,100,,29.3,,1.4,,8,,,1:30,
FIMS_38,Dry,2024,TS9,,Bay Anchovy,,,5,,,,c,100,,29.3,,1.4,,8,,,1:30,
FIMS_38,Dry,2024,TS9,,Bay Anchovy,,,5,,,,c,100,,29.3,,1.4,,8,,,1:30,
FIMS_38,Dry,2024,TS9,,Bay Anchovy,,,5,,,,c,100,,29.3,,1.4,,8,,,1:30,
FIMS_38,Dry,2024,TS9,,Bay Anchovy,,,5,,,,c,100,,29.3,,1.4,,8,,,1:30,
FIMS_38,Dry,2024,TS9,,Bay Anchovy,,,5,,,,c,100,,29.3,,1.4,,8,,,1:30,
FIMS_38,Dry,2024,TS9,,Bay Anchovy,,,5,,,,c,100,,29.3,,1.4,,8,,,1:30,
FIMS_38,Dry,2024,TS9,,Bay Anchovy,,,5,,,,c,100,,29.3,,1.4,,8,,,1:30,
FIMS_38,Dry,2024,TS9,,Bay Anchovy,,,5,,,,c,100,,29.3,,1.4,,8,,,1:30,
FIMS_38,Dry,2024,TS9,,Bay Anchovy,,,5,,,,c,100,,29.3,,1.4,,8,,,1:30,
FIMS_38,Dry,2024,TS9,,Bay Anchovy,,,5,,,,c,100,,29.3,,1.4,,8,,,1:30,
FIMS_38,Dry,2024,TS9,,Bay Anchovy,,,5,,,,c,100,,29.3,,1.4,,8,,,1:30,
FIMS_38,Dry,2024,TS9,,Bay Anchovy,,,5,,,,c,100,,29.3,,1.4,,8,,,1:30,
FIMS_38,Dry,2024,TS9,,Bay Anchovy,,,5,,,,c,100,,29.3,,1.4,,8,,,1:30,
FIMS_38,Dry,2024,TS9,,Bay Anchovy,,,5,,,,c,100,,29.3,,1.4,,8,,,1:30,
FIMS_38,Dry,2024,TS9,,Bay Anchovy,,,5,,,,c,100,,29.3,,1.4,,8,,,1:30,
FIMS_38,Dry,2024,TS9,,Bay Anchovy,,,5,,,,c,100,,29.3,,1.4,,8,,,1:30,
FIMS_38,Dry,2024,TS9,,Bay Anchovy,,,5,,,,c,100,,29.3,,1.4,,8,,,1:30,
FIMS_38,Dry,2024,TS9,,Bay Anchovy,,,5,,,,c,100,,29.3,,1.4,,8,,,1:30,
FIMS_38,Dry,2024,TS9,,Bay Anchovy,,,5,,,,c,100,,29.3,,1.4,,8,,,1:30,
FIMS_38,Dry,2024,TS9,,Bay Anchovy,,,5,,,,c,100,,29.3,,1.4,,8,,,1:30,
FIMS_38,Dry,2024,TS9,,Bay Anchovy,,,5,,,,c,100,,29.3,,1.4,,8,,,1:30,
FIMS_38,Dry,2024,TS9,,Bay Anchovy,,,5,,,,c,100,,29.3,,1.4,,8,,,1:30,
FIMS_38,Dry,2024,TS9,,Bay Anchovy,,,5,,,,c,100,,29.3,,1.4,,8,,,1:30,
FIMS_38,Dry,2024,TS9,,Bay Anchovy,,,5,,,,c,100,,29.3,,1.4,,8,,,1:30,
FIMS_38,Dry,2024,TS9,,Bay Anchovy,,,5,,,,c,100,,29.3,,1.4,,8,,,1:30,
FIMS_38,Dry,2024,TS9,,Bay Anchovy,,,5,,,,c,100,,29.3,,1.4,,8,,,1:30,
FIMS_38,Dry,2024,TS9,,Bay Anchovy,,,5,,,,c,100,,29.3,,1.4,,8,,,1:30,
FIMS_38,Dry,2024,TS9,,Bay Anchovy,,,5,,,,c,100,,29.3,,1.4,,8,,,1:30,
FIMS_38,Dry,2024,TS9,,Bay Anchovy,,,5,,,,c,100,,29.3,,1.4,,8,,,1:30,
FIMS_38,Dry,2024,TS9,,Bay Anchovy,,,5,,,,c,100,,29.3,,1.4,,8,,,1:30,
FIMS_38,Dry,2024,TS9,,Bay Anchovy,,,5,,,,c,100,,29.3,,1.4,,8,,,1:30,
FIMS_38,Dry,2024,TS9,,Bay Anchovy,,,5,,,,c,100,,29.3,,1.4,,8,,,1:30,
FIMS_38,Dry,2024,TS9,,Bay Anchovy,,,5,,,,c,100,,29.3,,1.4,,8,,,1:30,
FIMS_38,Dry,2024,TS9,,Bay Anchovy,,,5,,,,c,100,,29.3,,1.4,,8,,,1:30,
FIMS_38,Dry,2024,TS9,,Bay Anchovy,,,5,,,,c,100,,29.3,,1.4,,8,,,1:30,
FIMS_38,Dry,2024,TS9,,Bay Anchovy,,,5,,,,c,100,,29.3,,1.4,,8,,,1:30,
FIMS_38,Dry,2024,TS9,,Bay Anchovy,,,5,,,,c,100,,29.3,,1.4,,8,,,1:30,
FIMS_38,Dry,2024,TS9,,Bay Anchovy,,,5,,,,c,100,,29.3,,1.4,,8,,,1:30,
FIMS_38,Dry,2024,TS9,,Bay Anchovy,,,5,,,,c,100,,29.3,,1.4,,8,,,1:30,
FIMS_38,Dry,2024,TS9,,Bay Anchovy,,,5,,,,c,100,,29.3,,1.4,,8,,,1:30,
FIMS_38,Dry,2024,TS9,,Bay Anchovy,,,5,,,,c,100,,29.3,,1.4,,8,,,1:30,
FIMS_38,Dry,2024,TS9,,Bay Anchovy,,,5,,,,c,100,,29.3,,1.4,,8,,,1:30,
FIMS_38,Dry,2024,TS9,,Bay Anchovy,,,5,,,,c,100,,29.3,,1.4,,8,,,1:30,
FIMS_38,Dry,2024,TS9,,Bay Anchovy,,,5,,,,c,100,,29.3,,1.4,,8,,,1:30,
FIMS_38,Dry,2024,TS9,,Bay Anchovy,,,5,,,,c,100,,29.3,,1.4,,8,,,1:30,
FIMS_38,Dry,2024,TS9,,Bay Anchovy,,,5,,,,c,100,,29.3,,1.4,,8,,,1:30,
FIMS_38,Dry,2024,TS9,,Bay Anchovy,,,5,,,,c,100,,29.3,,1.4,,8,,,1:30,
FIMS_38,Dry,2024,TS9,,Bay Anchovy,,,5,,,,c,100,,29.3,,1.4,,8,,,1:30,
FIMS_38,Dry,2024,TS9,,Bay Anchovy,,,5,,,,c,100,,29.3,,1.4,,8,,,1:30,
FIMS_38,Dry,2024,TS9,,Bay Anchovy,,,5,,,,c,100,,29.3,,1.4,,8,,,1:30,
FIMS_38,Dry,2024,TS9,,Bay Anchovy,,,5,,,,c,100,,29.3,,1.4,,8,,,1:30,
FIMS_38,Dry,2024,TS9,,Bay Anchovy,,,5,,,,c,100,,29.3,,1.4,,8,,,1:30,
FIMS_38,Dry,2024,TS9,,Bay Anchovy,,,5,,,,c,100,,29.3,,1.4,,8,,,1:30,
FIMS_38,Dry,2024,TS9,,Bay Anchovy,,,5,,,,c,100,,29.3,,1.4,,8,,,1:30,
FIMS_38,Dry,2024,TS9,,Bay Anchovy,,,5,,,,c,100,,29.3,,1.4,,8,,,1:30,
FIMS_38,Dry,2024,TS9,,Bay Anchovy,,,5,,,,c,100,,29.3,,1.4,,8,,,1:30,
FIMS_38,Dry,2024,TS9,,Bay Anchovy,,,5,,,,c,100,,29.3,,1.4,,8,,,1:30,
FIMS_38,Dry,2024,TS9,,Bay Anchovy,,,5,,,,c,100,,29.3,,1.4,,8,,,1:30,
FIMS_38,Dry,2024,TS9,,Bay Anchovy,,,5,,,,c,100,,29.3,,1.4,,8,,,1:30,
FIMS_38,Dry,2024,TS9,,Bay Anchovy,,,5,,,,c,100,,29.3,,1.4,,8,,,1:30,
FIMS_38,Dry,2024,TS9,,Bay Anchovy,,,5,,,,c,100,,29.3,,1.4,,8,,,1:30,
FIMS_38,Dry,2024,TS9,,Bay Anchovy,,,5,,,,c,100,,29.3,,1.4,,8,,,1:30,
FIMS_38,Dry,2024,TS9,,Bay Anchovy,,,5,,,,c,100,,29.3,,1.4,,8,,,1:30,
FIMS_38,Dry,2024,TS9,,Bay Anchovy,,,5,,,,c,100,,29.3,,1.4,,8,,,1:30,
FIMS_38,Dry,2024,TS9,,Bay Anchovy,,,5,,,,c,100,,29.3,,1.4,,8,,,1:30,
FIMS_38,Dry,2024,TS9,,Bay Anchovy,,,5,,,,c,100,,29.3,,1.4,,8,,,1:30,
FIMS_38,Dry,2024,TS9,,Bay Anchovy,,,5,,,,c,100,,29.3,,1.4,,8,,,1:30,
FIMS_38,Dry,2024,TS9,,Bay Anchovy,,,5,,,,c,100,,29.3,,1.4,,8,,,1:30,
FIMS_38,Dry,2024,TS9,,Bay Anchovy,,,5,,,,c,100,,29.3,,1.4,,8,,,1:30,
FIMS_38,Dry,2024,TS9,,Bay Anchovy,,,5,,,,c,100,,29.3,,1.4,,8,,,1:30,
FIMS_38,Dry,2024,TS9,,Bay Anchovy,,,5,,,,c,100,,29.3,,1.4,,8,,,1:30,
FIMS_38,Dry,2024,TS9,,Bay Anchovy,,,5,,,,c,100,,29.3,,1.4,,8,,,1:30,
FIMS_38,Dry,2024,TS9,,Bay Anchovy,,,5,,,,c,100,,29.3,,1.4,,8,,,1:30,
FIMS_38,Dry,2024,TS9,,Bay Anchovy,,,5,,,,c,100,,29.3,,1.4,,8,,,1:30,
FIMS_38,Dry,2024,TS9,,Bay Anchovy,,,5,,,,c,100,,29.3,,1.4,,8,,,1:30,
FIMS_38,Dry,2024,TS9,,Bay Anchovy,,,5,,,,c,100,,29.3,,1.4,,8,,,1:30,
FIMS_38,Dry,2024,TS9,,Bay Anchovy,,,5,,,,c,100,,29.3,,1.4,,8,,,1:30,
FIMS_38,Dry,2024,TS9,,Bay Anchovy,,,5,,,,c,100,,29.3,,1.4,,8,,,1:30,
FIMS_38,Dry,2024,TS9,,Bay Anchovy,,,5,,,,c,100,,29.3,,1.4,,8,,,1:30,
FIMS_38,Dry,2024,TS9,,Bay Anchovy,,,5,,,,c,100,,29.3,,1.4,,8,,,1:30,
FIMS_38,Dry,2024,TS9,,Bay Anchovy,,,5,,,,c,100,,29.3,,1.4,,8,,,1:30,
FIMS_38,Dry,2024,TS9,,Bay Anchovy,,,5,,,,c,100,,29.3,,1.4,,8,,,1:30,
FIMS_38,Dry,2024,TS9,,Bay Anchovy,,,5,,,,c,100,,29.3,,1.4,,8,,,1:30,
FIMS_38,Dry,2024,TS9,,Bay Anchovy,,,5,,,,c,100,,29.3,,1.4,,8,,,1:30,
FIMS_38,Dry,2024,TS9,,Bay Anchovy,,,5,,,,c,100,,29.3,,1.4,,8,,,1:30,
FIMS_38,Dry,2024,TS9,,Bay Anchovy,,,5,,,,c,100,,29.3,,1.4,,8,,,1:30,
FIMS_38,Dry,2024,TS9,,Bay Anchovy,,,5,,,,c,100,,29.3,,1.4,,8,,,1:30,
FIMS_38,Dry,2024,TS9,,Bay Anchovy,,,5,,,,c,100,,29.3,,1.4,,8,,,1:30,
FIMS_38,Dry,2024,TS9,,Bay Anchovy,,,5,,,,c,100,,29.3,,1.4,,8,,,1:30,
FIMS_38,Dry,2024,TS9,,Bay Anchovy,,,5,,,,c,100,,29.3,,1.4,,8,,,1:30,
FIMS_38,Dry,2024,TS9,,Bay Anchovy,,,5,,,,c,100,,29.3,,1.4,,8,,,1:30,
FIMS_38,Dry,2024,TS9,,Bay Anchovy,,,5,,,,c,100,,29.3,,1.4,,8,,,1:30,
FIMS_38,Dry,2024,TS9,,Bay Anchovy,,,5,,,,c,100,,29.3,,1.4,,8,,,1:30,
FIMS_38,Dry,2024,TS9,,Bay Anchovy,,,5,,,,c,100,,29.3,,1.4,,8,,,1:30,
FIMS_38,Dry,2024,TS9,,Bay Anchovy,,,5,,,,c,100,,29.3,,1.4,,8,,,1:30,
FIMS_38,Dry,2024,TS9,,Bay Anchovy,,,5,,,,c,100,,29.3,,1.4,,8,,,1:30,
FIMS_38,Dry,2024,TS9,,Bay Anchovy,,,5,,,,c,100,,29.3,,1.4,,8,,,1:30,
FIMS_38,Dry,2024,TS9,,Bay Anchovy,,,5,,,,c,100,,29.3,,1.4,,8,,,1:30,
FIMS_38,Dry,2024,TS9,,Bay Anchovy,,,5,,,,c,100,,29.3,,1.4,,8,,,1:30,
FIMS_38,Dry,2024,TS9,,Bay Anchovy,,,5,,,,c,100,,29.3,,1.4,,8,,,1:30,
FIMS_38,Dry,2024,TS9,,Bay Anchovy,,,5,,,,c,100,,29.3,,1.4,,8,,,1:30,
FIMS_38,Dry,2024,TS9,,Bay Anchovy,,,5,,,,c,100,,29.3,,1.4,,8,,,1:30,
FIMS_38,Dry,2024,TS9,,Bay Anchovy,,,5,,,,c,100,,29.3,,1.4,,8,,,1:30,
FIMS_38,Dry,2024,TS9,,Bay Anchovy,,,5,,,,c,100,,29.3,,1.4,,8,,,1:30,
FIMS_38,Dry,2024,TS9,,Bay Anchovy,,,5,,,,c,100,,29.3,,1.4,,8,,,1:30,
FIMS_38,Dry,2024,TS9,,Bay Anchovy,,,5,,,,c,100,,29.3,,1.4,,8,,,1:30,
FIMS_38,Dry,2024,TS9,,Bay Anchovy,,,5,,,,c,100,,29.3,,1.4,,8,,,1:30,
FIMS_38,Dry,2024,TS9,,Bay Anchovy,,,5,,,,c,100,,29.3,,1.4,,8,,,1:30,
FIMS_38,Dry,2024,TS9,,Bay Anchovy,,,5,,,,c,100,,29.3,,1.4,,8,,,1:30,
FIMS_38,Dry,2024,TS9,,Bay Anchovy,,,5,,,,c,100,,29.3,,1.4,,8,,,1:30,
FIMS_38,Dry,2024,TS9,,Bay Anchovy,,,5,,,,c,100,,29.3,,1.4,,8,,,1:30,
FIMS_38,Dry,2024,TS9,,Bay Anchovy,,,5,,,,c,100,,29.3,,1.4,,8,,,1:30,
FIMS_38,Dry,2024,TS9,,Bay Anchovy,,,5,,,,c,100,,29.3,,1.4,,8,,,1:30,
FIMS_38,Dry,2024,TS9,,Bay Anchovy,,,5,,,,c,100,,29.3,,1.4,,8,,,1:30,
FIMS_38,Dry,2024,TS9,,Bay Anchovy,,,5,,,,c,100,,29.3,,1.4,,8,,,1:30,
FIMS_38,Dry,2024,TS9,,Bay Anchovy,,,5,,,,c,100,,29.3,,1.4,,8,,,1:30,
FIMS_38,Dry,2024,TS9,,Bay Anchovy,,,5,,,,c,100,,29.3,,1.4,,8,,,1:30,
FIMS_38,Dry,2024,TS9,,Bay Anchovy,,,5,,,,c,100,,29.3,,1.4,,8,,,1:30,
FIMS_38,Dry,2024,TS9,,Bay Anchovy,,,5,,,,c,100,,29.3,,1.4,,8,,,1:30,
FIMS_38,Dry,2024,TS9,,Bay Anchovy,,,5,,,,c,100,,29.3,,1.4,,8,,,1:30,
FIMS_38,Dry,2024,TS9,,Bay Anchovy,,,5,,,,c,100,,29.3,,1.4,,8,,,1:30,
FIMS_38,Dry,2024,TS9,,Bay Anchovy,,,5,,,,c,100,,29.3,,1.4,,8,,,1:30,
FIMS_38,Dry,2024,TS9,,Bay Anchovy,,,5,,,,c,100,,29.3,,1.4,,8,,,1:30,
FIMS_38,Dry,2024,TS9,,Bay Anchovy,,,5,,,,c,100,,29.3,,1.4,,8,,,1:30,
FIMS_38,Dry,2024,TS9,,Bay Anchovy,,,5,,,,c,100,,29.3,,1.4,,8,,,1:30,
FIMS_38,Dry,2024,TS9,,Bay Anchovy,,,5,,,,c,100,,29.3,,1.4,,8,,,1:30,
FIMS_38,Dry,2024,TS9,,Bay Anchovy,,,5,,,,c,100,,29.3,,1.4,,8,,,1:30,
FIMS_38,Dry,2024,TS9,,Bay Anchovy,,,5,,,,c,100,,29.3,,1.4,,8,,,1:30,
FIMS_38,Dry,2024,TS9,,Bay Anchovy,,,5,,,,c,100,,29.3,,1.4,,8,,,1:30,
FIMS_38,Dry,2024,TS9,,Bay Anchovy,,,5,,,,c,100,,29.3,,1.4,,8,,,1:30,
FIMS_38,Dry,2024,TS9,,Bay Anchovy,,,5,,,,c,100,,29.3,,1.4,,8,,,1:30,
FIMS_38,Dry,2024,TS9,,Bay Anchovy,,,5,,,,c,100,,29.3,,1.4,,8,,,1:30,
FIMS_38,Dry,2024,TS9,,Bay Anchovy,,,5,,,,c,100,,29.3,,1.4,,8,,,1:30,
FIMS_38,Dry,2024,TS9,,Bay Anchovy,,,5,,,,c,100,,29.3,,1.4,,8,,,1:30,
FIMS_38,Dry,2024,TS9,,Bay Anchovy,,,5,,,,c,100,,29.3,,1.4,,8,,,1:30,
FIMS_38,Dry,2024,TS9,,Bay Anchovy,,,5,,,,c,100,,29.3,,1.4,,8,,,1:30,
FIMS_38,Dry,2024,TS9,,Bay Anchovy,,,5,,,,c,100,,29.3,,1.4,,8,,,1:30,
FIMS_38,Dry,2024,TS9,,Bay Anchovy,,,5,,,,c,100,,29.3,,1.4,,8,,,1:30,
FIMS_38,Dry,2024,TS9,,Bay Anchovy,,,5,,,,c,100,,29.3,,1.4,,8,,,1:30,
FIMS_38,Dry,2024,TS9,,Bay Anchovy,,,5,,,,c,100,,29.3,,1.4,,8,,,1:30,
FIMS_38,Dry,2024,TS9,,Bay Anchovy,,,5,,,,c,100,,29.3,,1.4,,8,,,1:30,
FIMS_38,Dry,2024,TS9,,Bay Anchovy,,,5,,,,c,100,,29.3,,1.4,,8,,,1:30,
FIMS_38,Dry,2024,TS9,,Bay Anchovy,,,5,,,,c,100,,29.3,,1.4,,8,,,1:30,
FIMS_38,Dry,2024,TS9,,Bay Anchovy,,,5,,,,c,100,,29.3,,1.4,,8,,,1:30,
FIMS_38,Dry,2024,TS9,,Bay Anchovy,,,5,,,,c,100,,29.3,,1.4,,8,,,1:30,
FIMS_38,Dry,2024,TS9,,Bay Anchovy,,,5,,,,c,100,,29.3,,1.4,,8,,,1:30,
FIMS_38,Dry,2024,TS9,,Bay Anchovy,,,5,,,,c,100,,29.3,,1.4,,8,,,1:30,
FIMS_38,Dry,2024,TS9,,Bay Anchovy,,,5,,,,c,100,,29.3,,1.4,,8,,,1:30,
FIMS_38,Dry,2024,TS9,,Bay Anchovy,,,5,,,,c,100,,29.3,,1.4,,8,,,1:30,
FIMS_38,Dry,2024,TS9,,Bay Anchovy,,,5,,,,c,100,,29.3,,1.4,,8,,,1:30,
FIMS_38,Dry,2024,TS9,,Bay Anchovy,,,5,,,,c,100,,29.3,,1.4,,8,,,1:30,
FIMS_38,Dry,2024,TS9,,Bay Anchovy,,,5,,,,c,100,,29.3,,1.4,,8,,,1:30,
FIMS_38,Dry,2024,TS9,,Bay Anchovy,,,5,,,,c,100,,29.3,,1.4,,8,,,1:30,
FIMS_38,Dry,2024,TS9,,Bay Anchovy,,,5,,,,c,100,,29.3,,1.4,,8,,,1:30,
FIMS_38,Dry,2024,TS9,,Bay Anchovy,,,5,,,,c,100,,29.3,,1.4,,8,,,1:30,
FIMS_38,Dry,2024,TS9,,Bay Anchovy,,,5,,,,c,100,,29.3,,1.4,,8,,,1:30,
FIMS_38,Dry,2024,TS9,,Bay Anchovy,,,5,,,,c,100,,29.3,,1.4,,8,,,1:30,
FIMS_38,Dry,2024,TS9,,Bay Anchovy,,,5,,,,c,100,,29.3,,1.4,,8,,,1:30,
FIMS_38,Dry,2024,TS9,,Bay Anchovy,,,5,,,,c,100,,29.3,,1.4,,8,,,1:30,
FIMS_38,Dry,2024,TS9,,Bay Anchovy,,,5,,,,c,100,,29.3,,1.4,,8,,,1:30,
FIMS_38,Dry,2024,TS9,,Bay Anchovy,,,5,,,,c,100,,29.3,,1.4,,8,,,1:30,
FIMS_38,Dry,2024,TS9,,Bay Anchovy,,,5,,,,c,100,,29.3,,1.4,,8,,,1:30,
FIMS_38,Dry,2024,TS9,,Bay Anchovy,,,5,,,,c,100,,29.3,,1.4,,8,,,1:30,
FIMS_38,Dry,2024,TS9,,Bay Anchovy,,,5,,,,c,100,,29.3,,1.4,,8,,,1:30,
FIMS_38,Dry,2024,TS9,,Bay Anchovy,,,5,,,,c,100,,29.3,,1.4,,8,,,1:30,
FIMS_38,Dry,2024,TS9,,Bay Anchovy,,,5,,,,c,100,,29.3,,1.4,,8,,,1:30,
FIMS_38,Dry,2024,TS9,,Bay Anchovy,,,5,,,,c,100,,29.3,,1.4,,8,,,1:30,
FIMS_38,Dry,2024,TS9,,Bay Anchovy,,,5,,,,c,100,,29.3,,1.4,,8,,,1:30,
FIMS_38,Dry,2024,TS9,,Bay Anchovy,,,5,,,,c,100,,29.3,,1.4,,8,,,1:30,
FIMS_38,Dry,2024,TS9,,Bay Anchovy,,,5,,,,c,100,,29.3,,1.4,,8,,,1:30,
FIMS_38,Dry,2024,TS9,,Bay Anchovy,,,5,,,,c,100,,29.3,,1.4,,8,,,1:30,
FIMS_38,Dry,2024,TS9,,Bay Anchovy,,,5,,,,c,100,,29.3,,1.4,,8,,,1:30,
FIMS_38,Dry,2024,TS9,,Bay Anchovy,,,5,,,,c,100,,29.3,,1.4,,8,,,1:30,
FIMS_38,Dry,2024,TS9,,Bay Anchovy,,,5,,,,c,100,,29.3,,1.4,,8,,,1:30,
FIMS_38,Dry,2024,TS9,,Bay Anchovy,,,5,,,,c,100,,29.3,,1.4,,8,,,1:30,
FIMS_38,Dry,2024,TS9,,Bay Anchovy,,,5,,,,c,100,,29.3,,1.4,,8,,,1:30,
FIMS_38,Dry,2024,TS9,,Bay Anchovy,,,5,,,,c,100,,29.3,,1.4,,8,,,1:30,
FIMS_38,Dry,2024,TS9,,Bay Anchovy,,,5,,,,c,100,,29.3,,1.4,,8,,,1:30,
FIMS_38,Dry,2024,TS9,,Bay Anchovy,,,5,,,,c,100,,29.3,,1.4,,8,,,1:30,
FIMS_38,Dry,2024,TS9,,Bay Anchovy,,,5,,,,c,100,,29.3,,1.4,,8,,,1:30,
FIMS_38,Dry,2024,TS9,,Bay Anchovy,,,5,,,,c,100,,29.3,,1.4,,8,,,1:30,
FIMS_38,Dry,2024,TS9,,Bay Anchovy,,,5,,,,c,100,,29.3,,1.4,,8,,,1:30,
FIMS_38,Dry,2024,TS9,,Bay Anchovy,,,5,,,,c,100,,29.3,,1.4,,8,,,1:30,
FIMS_38,Dry,2024,TS9,,Bay Anchovy,,,5,,,,c,100,,29.3,,1.4,,8,,,1:30,
FIMS_38,Dry,2024,TS9,,Bay Anchovy,,,5,,,,c,100,,29.3,,1.4,,8,,,1:30,
FIMS_38,Dry,2024,TS9,,Bay Anchovy,,,5,,,,c,100,,29.3,,1.4,,8,,,1:30,
FIMS_38,Dry,2024,TS9,,Bay Anchovy,,,5,,,,c,100,,29.3,,1.4,,8,,,1:30,
FIMS_38,Dry,2024,TS9,,Bay Anchovy,,,5,,,,c,100,,29.3,,1.4,,8,,,1:30,
FIMS_38,Dry,2024,TS9,,Bay Anchovy,,,5,,,,c,100,,29.3,,1.4,,8,,,1:30,
FIMS_38,Dry,2024,TS9,,Bay Anchovy,,,5,,,,c,100,,29.3,,1.4,,8,,,1:30,
FIMS_38,Dry,2024,TS9,,Bay Anchovy,,,5,,,,c,100,,29.3,,1.4,,8,,,1:30,
FIMS_38,Dry,2024,TS9,,Bay Anchovy,,,5,,,,c,100,,29.3,,1.4,,8,,,1:30,
FIMS_38,Dry,2024,TS9,,Bay Anchovy,,,5,,,,c,100,,29.3,,1.4,,8,,,1:30,
FIMS_38,Dry,2024,TS9,,Bay Anchovy,,,5,,,,c,100,,29.3,,1.4,,8,,,1:30,
FIMS_38,Dry,2024,TS9,,Bay Anchovy,,,5,,,,c,100,,29.3,,1.4,,8,,,1:30,
FIMS_38,Dry,2024,TS9,,Bay Anchovy,,,5,,,,c,100,,29.3,,1.4,,8,,,1:30,
FIMS_38,Dry,2024,TS9,,Bay Anchovy,,,5,,,,c,100,,29.3,,1.4,,8,,,1:30,
FIMS_38,Dry,2024,TS9,,Bay Anchovy,,,5,,,,c,100,,29.3,,1.4,,8,,,1:30,
FIMS_38,Dry,2024,TS9,,Bay Anchovy,,,5,,,,c,100,,29.3,,1.4,,8,,,1:30,
FIMS_38,Dry,2024,TS9,,Bay Anchovy,,,5,,,,c,100,,29.3,,1.4,,8,,,1:30,
FIMS_38,Dry,2024,TS9,,Bay Anchovy,,,5,,,,c,100,,29.3,,1.4,,8,,,1:30,
FIMS_38,Dry,2024,TS9,,Bay Anchovy,,,5,,,,c,100,,29.3,,1.4,,8,,,1:30,
FIMS_38,Dry,2024,TS9,,Bay Anchovy,,,5,,,,c,100,,29.3,,1.4,,8,,,1:30,
FIMS_38,Dry,2024,TS9,,Bay Anchovy,,,5,,,,c,100,,29.3,,1.4,,8,,,1:30,
FIMS_38,Dry,2024,TS9,,Bay Anchovy,,,5,,,,c,100,,29.3,,1.4,,8,,,1:30,
FIMS_38,Dry,2024,TS9,,Bay Anchovy,,,5,,,,c,100,,29.3,,1.4,,8,,,1:30,
FIMS_38,Dry,2024,TS9,,Bay Anchovy,,,5,,,,c,100,,29.3,,1.4,,8,,,1:30,
FIMS_38,Dry,2024,TS9,,Bay Anchovy,,,5,,,,c,100,,29.3,,1.4,,8,,,1:30,
FIMS_38,Dry,2024,TS9,,Bay Anchovy,,,5,,,,c,100,,29.3,,1.4,,8,,,1:30,
FIMS_38,Dry,2024,TS9,,Bay Anchovy,,,5,,,,c,100,,29.3,,1.4,,8,,,1:30,
FIMS_38,Dry,2024,TS9,,Bay Anchovy,,,5,,,,c,100,,29.3,,1.4,,8,,,1:30,
FIMS_38,Dry,2024,TS9,,Bay Anchovy,,,5,,,,c,100,,29.3,,1.4,,8,,,1:30,
FIMS_38,Dry,2024,TS9,,Bay Anchovy,,,5,,,,c,100,,29.3,,1.4,,8,,,1:30,
FIMS_38,Dry,2024,TS9,,Bay Anchovy,,,5,,,,c,100,,29.3,,1.4,,8,,,1:30,
FIMS_38,Dry,2024,TS9,,Bay Anchovy,,,5,,,,c,100,,29.3,,1.4,,8,,,1:30,
FIMS_38,Dry,2024,TS9,,Bay Anchovy,,,5,,,,c,100,,29.3,,1.4,,8,,,1:30,
FIMS_38,Dry,2024,TS9,,Bay Anchovy,,,5,,,,c,100,,29.3,,1.4,,8,,,1:30,
FIMS_38,Dry,2024,TS9,,Bay Anchovy,,,5,,,,c,100,,29.3,,1.4,,8,,,1:30,
FIMS_38,Dry,2024,TS9,,Bay Anchovy,,,5,,,,c,100,,29.3,,1.4,,8,,,1:30,
FIMS_38,Dry,2024,TS9,,Bay Anchovy,,,5,,,,c,100,,29.3,,1.4,,8,,,1:30,
FIMS_38,Dry,2024,TS9,,Bay Anchovy,,,5,,,,c,100,,29.3,,1.4,,8,,,1:30,
FIMS_38,Dry,2024,TS9,,Bay Anchovy,,,5,,,,c,100,,29.3,,1.4,,8,,,1:30,
FIMS_38,Dry,2024,TS9,,Bay Anchovy,,,5,,,,c,100,,29.3,,1.4,,8,,,1:30,
FIMS_38,Dry,2024,TS9,,Bay Anchovy,,,5,,,,c,100,,29.3,,1.4,,8,,,1:30,
FIMS_38,Dry,2024,TS9,,Bay Anchovy,,,5,,,,c,100,,29.3,,1.4,,8,,,1:30,
FIMS_38,Dry,2024,TS9,,Bay Anchovy,,,5,,,,c,100,,29.3,,1.4,,8,,,1:30,
FIMS_38,Dry,2024,TS9,,Bay Anchovy,,,5,,,,c,100,,29.3,,1.4,,8,,,1:30,
FIMS_38,Dry,2024,TS9,,Bay Anchovy,,,5,,,,c,100,,29.3,,1.4,,8,,,1:30,
FIMS_38,Dry,2024,TS9,,Bay Anchovy,,,5,,,,c,100,,29.3,,1.4,,8,,,1:30,
FIMS_38,Dry,2024,TS9,,Bay Anchovy,,,5,,,,c,100,,29.3,,1.4,,8,,,1:30,
FIMS_38,Dry,2024,TS9,,Bay Anchovy,,,5,,,,c,100,,29.3,,1.4,,8,,,1:30,
FIMS_38,Dry,2024,TS9,,Bay Anchovy,,,5,,,,c,100,,29.3,,1.4,,8,,,1:30,
FIMS_38,Dry,2024,TS9,,Bay Anchovy,,,5,,,,c,100,,29.3,,1.4,,8,,,1:30,
FIMS_38,Dry,2024,TS9,,Bay Anchovy,,,5,,,,c,100,,29.3,,1.4,,8,,,1:30,
FIMS_38,Dry,2024,TS9,,Bay Anchovy,,,5,,,,c,100,,29.3,,1.4,,8,,,1:30,
FIMS_38,Dry,2024,TS9,,Bay Anchovy,,,5,,,,c,100,,29.3,,1.4,,8,,,1:30,
FIMS_38,Dry,2024,TS9,,Bay Anchovy,,,5,,,,c,100,,29.3,,1.4,,8,,,1:30,
FIMS_38,Dry,2024,TS9,,Bay Anchovy,,,5,,,,c,100,,29.3,,1.4,,8,,,1:30,
FIMS_38,Dry,2024,TS9,,Bay Anchovy,,,5,,,,c,100,,29.3,,1.4,,8,,,1:30,
FIMS_38,Dry,2024,TS9,,Bay Anchovy,,,5,,,,c,100,,29.3,,1.4,,8,,,1:30,
FIMS_38,Dry,2024,TS9,,Bay Anchovy,,,5,,,,c,100,,29.3,,1.4,,8,,,1:30,
FIMS_38,Dry,2024,TS9,,Bay Anchovy,,,5,,,,c,100,,29.3,,1.4,,8,,,1:30,
FIMS_38,Dry,2024,TS9,,Bay Anchovy,,,5,,,,c,100,,29.3,,1.4,,8,,,1:30,
FIMS_38,Dry,2024,TS9,,Bay Anchovy,,,5,,,,c,100,,29.3,,1.4,,8,,,1:30,
FIMS_38,Dry,2024,TS9,,Bay Anchovy,,,5,,,,c,100,,29.3,,1.4,,8,,,1:30,
FIMS_38,Dry,2024,TS9,,Bay Anchovy,,,5,,,,c,100,,29.3,,1.4,,8,,,1:30,
FIMS_38,Dry,2024,TS9,,Bay Anchovy,,,5,,,,c,100,,29.3,,1.4,,8,,,1:30,
FIMS_38,Dry,2024,TS9,,Bay Anchovy,,,5,,,,c,100,,29.3,,1.4,,8,,,1:30,
FIMS_38,Dry,2024,TS9,,Bay Anchovy,,,5,,,,c,100,,29.3,,1.4,,8,,,1:30,
FIMS_38,Dry,2024,TS9,,Bay Anchovy,,,5,,,,c,100,,29.3,,1.4,,8,,,1:30,
FIMS_38,Dry,2024,TS9,,Bay Anchovy,,,5,,,,c,100,,29.3,,1.4,,8,,,1:30,
FIMS_38,Dry,2024,TS9,,Bay Anchovy,,,5,,,,c,100,,29.3,,1.4,,8,,,1:30,
FIMS_38,Dry,2024,TS9,,Bay Anchovy,,,5,,,,c,100,,29.3,,1.4,,8,,,1:30,
FIMS_38,Dry,2024,TS9,,Bay Anchovy,,,5,,,,c,100,,29.3,,1.4,,8,,,1:30,
FIMS_38,Dry,2024,TS9,,Bay Anchovy,,,5,,,,c,100,,29.3,,1.4,,8,,,1:30,
FIMS_38,Dry,2024,TS9,,Bay Anchovy,,,5,,,,c,100,,29.3,,1.4,,8,,,1:30,
FIMS_38,Dry,2024,TS9,,Bay Anchovy,,,5,,,,c,100,,29.3,,1.4,,8,,,1:30,
FIMS_38,Dry,2024,TS9,,Bay Anchovy,,,5,,,,c,100,,29.3,,1.4,,8,,,1:30,
FIMS_38,Dry,2024,TS9,,Bay Anchovy,,,5,,,,c,100,,29.3,,1.4,,8,,,1:30,
FIMS_38,Dry,2024,TS9,,Bay Anchovy,,,5,,,,c,100,,29.3,,1.4,,8,,,1:30,
FIMS_38,Dry,2024,TS9,,Bay Anchovy,,,5,,,,c,100,,29.3,,1.4,,8,,,1:30,
FIMS_38,Dry,2024,TS9,,Bay Anchovy,,,5,,,,c,100,,29.3,,1.4,,8,,,1:30,
FIMS_38,Dry,2024,TS9,,Bay Anchovy,,,5,,,,c,100,,29.3,,1.4,,8,,,1:30,
FIMS_38,Dry,2024,TS9,,Bay Anchovy,,,5,,,,c,100,,29.3,,1.4,,8,,,1:30,
FIMS_38,Dry,2024,TS9,,Bay Anchovy,,,5,,,,c,100,,29.3,,1.4,,8,,,1:30,
FIMS_38,Dry,2024,TS9,,Bay Anchovy,,,5,,,,c,100,,29.3,,1.4,,8,,,1:30,
FIMS_38,Dry,2024,TS9,,Bay Anchovy,,,5,,,,c,100,,29.3,,1.4,,8,,,1:30,
FIMS_38,Dry,2024,TS9,,Bay Anchovy,,,5,,,,c,100,,29.3,,1.4,,8,,,1:30,
FIMS_38,Dry,2024,TS9,,Bay Anchovy,,,5,,,,c,100,,29.3,,1.4,,8,,,1:30,
FIMS_38,Dry,2024,TS9,,Bay Anchovy,,,5,,,,c,100,,29.3,,1.4,,8,,,1:30,
FIMS_38,Dry,2024,TS9,,Bay Anchovy,,,5,,,,c,100,,29.3,,1.4,,8,,,1:30,
FIMS_38,Dry,2024,TS9,,Bay Anchovy,,,5,,,,c,100,,29.3,,1.4,,8,,,1:30,
FIMS_38,Dry,2024,TS9,,Bay Anchovy,,,5,,,,c,100,,29.3,,1.4,,8,,,1:30,
FIMS_38,Dry,2024,TS9,,Bay Anchovy,,,5,,,,c,100,,29.3,,1.4,,8,,,1:30,
FIMS_38,Dry,2024,TS9,,Bay Anchovy,,,5,,,,c,100,,29.3,,1.4,,8,,,1:30,
FIMS_38,Dry,2024,TS9,,Bay Anchovy,,,5,,,,c,100,,29.3,,1.4,,8,,,1:30,
FIMS_38,Dry,2024,TS9,,Bay Anchovy,,,5,,,,c,100,,29.3,,1.4,,8,,,1:30,
FIMS_38,Dry,2024,TS9,,Bay Anchovy,,,5,,,,c,100,,29.3,,1.4,,8,,,1:30,
FIMS_38,Dry,2024,TS9,,Bay Anchovy,,,5,,,,c,100,,29.3,,1.4,,8,,,1:30,
FIMS_38,Dry,2024,TS9,,Bay Anchovy,,,5,,,,c,100,,29.3,,1.4,,8,,,1:30,
FIMS_38,Dry,2024,TS9,,Bay Anchovy,,,5,,,,c,100,,29.3,,1.4,,8,,,1:30,
FIMS_38,Dry,2024,TS9,,Bay Anchovy,,,5,,,,c,100,,29.3,,1.4,,8,,,1:30,
FIMS_38,Dry,2024,TS9,,Bay Anchovy,,,5,,,,c,100,,29.3,,1.4,,8,,,1:30,
FIMS_38,Dry,2024,TS9,,Bay Anchovy,,,5,,,,c,100,,29.3,,1.4,,8,,,1:30,
FIMS_38,Dry,2024,TS9,,Bay Anchovy,,,5,,,,c,100,,29.3,,1.4,,8,,,1:30,
FIMS_38,Dry,2024,TS9,,Bay Anchovy,,,5,,,,c,100,,29.3,,1.4,,8,,,1:30,
FIMS_38,Dry,2024,TS9,,Bay Anchovy,,,5,,,,c,100,,29.3,,1.4,,8,,,1:30,
FIMS_38,Dry,2024,TS9,,Bay Anchovy,,,5,,,,c,100,,29.3,,1.4,,8,,,1:30,
FIMS_38,Dry,2024,TS9,,Bay Anchovy,,,5,,,,c,100,,29.3,,1.4,,8,,,1:30,
FIMS_38,Dry,2024,TS9,,Bay Anchovy,,,5,,,,c,100,,29.3,,1.4,,8,,,1:30,
FIMS_38,Dry,2024,TS9,,Bay Anchovy,,,5,,,,c,100,,29.3,,1.4,,8,,,1:30,
FIMS_38,Dry,2024,TS9,,Bay Anchovy,,,5,,,,c,100,,29.3,,1.4,,8,,,1:30,
FIMS_38,Dry,2024,TS9,,Bay Anchovy,,,5,,,,c,100,,29.3,,1.4,,8,,,1:30,
FIMS_38,Dry,2024,TS9,,Bay Anchovy,,,5,,,,c,100,,29.3,,1.4,,8,,,1:30,
FIMS_38,Dry,2024,TS9,,Bay Anchovy,,,5,,,,c,100,,29.3,,1.4,,8,,,1:30,
FIMS_38,Dry,2024,TS9,,Bay Anchovy,,,5,,,,c,100,,29.3,,1.4,,8,,,1:30,
FIMS_38,Dry,2024,TS9,,Bay Anchovy,,,5,,,,c,100,,29.3,,1.4,,8,,,1:30,
FIMS_38,Dry,2024,TS9,,Bay Anchovy,,,5,,,,c,100,,29.3,,1.4,,8,,,1:30,
FIMS_38,Dry,2024,TS9,,Bay Anchovy,,,5,,,,c,100,,29.3,,1.4,,8,,,1:30,
FIMS_38,Dry,2024,TS9,,Bay Anchovy,,,5,,,,c,100,,29.3,,1.4,,8,,,1:30,
FIMS_38,Dry,2024,TS9,,Bay Anchovy,,,5,,,,c,100,,29.3,,1.4,,8,,,1:30,
FIMS_38,Dry,2024,TS9,,Bay Anchovy,,,5,,,,c,100,,29.3,,1.4,,8,,,1:30,
FIMS_38,Dry,2024,TS9,,Bay Anchovy,,,5,,,,c,100,,29.3,,1.4,,8,,,1:30,
FIMS_38,Dry,2024,TS9,,Bay Anchovy,,,5,,,,c,100,,29.3,,1.4,,8,,,1:30,
FIMS_38,Dry,2024,TS9,,Bay Anchovy,,,5,,,,c,100,,29.3,,1.4,,8,,,1:30,
FIMS_38,Dry,2024,TS9,,Bay Anchovy,,,5,,,,c,100,,29.3,,1.4,,8,,,1:30,
FIMS_38,Dry,2024,TS9,,Bay Anchovy,,,5,,,,c,100,,29.3,,1.4,,8,,,1:30,
FIMS_38,Dry,2024,TS9,,Bay Anchovy,,,5,,,,c,100,,29.3,,1.4,,8,,,1:30,
FIMS_38,Dry,2024,TS9,,Bay Anchovy,,,5,,,,c,100,,29.3,,1.4,,8,,,1:30,
FIMS_38,Dry,2024,TS9,,Bay Anchovy,,,5,,,,c,100,,29.3,,1.4,,8,,,1:30,
FIMS_38,Dry,2024,TS9,,Bay Anchovy,,,5,,,,c,100,,29.3,,1.4,,8,,,1:30,
FIMS_38,Dry,2024,TS9,,Bay Anchovy,,,5,,,,c,100,,29.3,,1.4,,8,,,1:30,
FIMS_38,Dry,2024,TS9,,Bay Anchovy,,,5,,,,c,100,,29.3,,1.4,,8,,,1:30,
FIMS_38,Dry,2024,TS9,,Bay Anchovy,,,5,,,,c,100,,29.3,,1.4,,8,,,1:30,
FIMS_38,Dry,2024,TS9,,Bay Anchovy,,,5,,,,c,100,,29.3,,1.4,,8,,,1:30,
FIMS_38,Dry,2024,TS9,,Bay Anchovy,,,5,,,,c,100,,29.3,,1.4,,8,,,1:30,
FIMS_38,Dry,2024,TS9,,Bay Anchovy,,,5,,,,c,100,,29.3,,1.4,,8,,,1:30,
FIMS_38,Dry,2024,TS9,,Bay Anchovy,,,5,,,,c,100,,29.3,,1.4,,8,,,1:30,
FIMS_38,Dry,2024,TS9,,Bay Anchovy,,,5,,,,c,100,,29.3,,1.4,,8,,,1:30,
FIMS_38,Dry,2024,TS9,,Bay Anchovy,,,5,,,,c,100,,29.3,,1.4,,8,,,1:30,
FIMS_38,Dry,2024,TS9,,Bay Anchovy,,,5,,,,c,100,,29.3,,1.4,,8,,,1:30,
FIMS_38,Dry,2024,TS9,,Bay Anchovy,,,5,,,,c,100,,29.3,,1.4,,8,,,1:30,
FIMS_38,Dry,2024,TS9,,Bay Anchovy,,,5,,,,c,100,,29.3,,1.4,,8,,,1:30,
FIMS_38,Dry,2024,TS9,,Bay Anchovy,,,5,,,,c,100,,29.3,,1.4,,8,,,1:30,
FIMS_38,Dry,2024,TS9,,Bay Anchovy,,,5,,,,c,100,,29.3,,1.4,,8,,,1:30,
FIMS_38,Dry,2024,TS9,,Bay Anchovy,,,5,,,,c,100,,29.3,,1.4,,8,,,1:30,
FIMS_38,Dry,2024,TS9,,Bay Anchovy,,,5,,,,c,100,,29.3,,1.4,,8,,,1:30,
FIMS_38,Dry,2024,TS9,,Bay Anchovy,,,5,,,,c,100,,29.3,,1.4,,8,,,1:30,
FIMS_38,Dry,2024,TS9,,Bay Anchovy,,,5,,,,c,100,,29.3,,1.4,,8,,,1:30,
FIMS_38,Dry,2024,TS9,,Bay Anchovy,,,5,,,,c,100,,29.3,,1.4,,8,,,1:30,
FIMS_38,Dry,2024,TS9,,Bay Anchovy,,,5,,,,c,100,,29.3,,1.4,,8,,,1:30,
FIMS_38,Dry,2024,TS9,,Bay Anchovy,,,5,,,,c,100,,29.3,,1.4,,8,,,1:30,
FIMS_38,Dry,2024,TS9,,Bay Anchovy,,,5,,,,c,100,,29.3,,1.4,,8,,,1:30,
FIMS_38,Dry,2024,TS9,,Bay Anchovy,,,5,,,,c,100,,29.3,,1.4,,8,,,1:30,
FIMS_38,Dry,2024,TS9,,Bay Anchovy,,,5,,,,c,100,,29.3,,1.4,,8,,,1:30,
FIMS_38,Dry,2024,TS9,,Bay Anchovy,,,5,,,,c,100,,29.3,,1.4,,8,,,1:30,
FIMS_38,Dry,2024,TS9,,Bay Anchovy,,,5,,,,c,100,,29.3,,1.4,,8,,,1:30,
FIMS_38,Dry,2024,TS9,,Bay Anchovy,,,5,,,,c,100,,29.3,,1.4,,8,,,1:30,
FIMS_38,Dry,2024,TS9,,Bay Anchovy,,,5,,,,c,100,,29.3,,1.4,,8,,,1:30,
FIMS_38,Dry,2024,TS9,,Bay Anchovy,,,5,,,,c,100,,29.3,,1.4,,8,,,1:30,
FIMS_38,Dry,2024,TS9,,Bay Anchovy,,,5,,,,c,100,,29.3,,1.4,,8,,,1:30,
FIMS_38,Dry,2024,TS9,,Bay Anchovy,,,5,,,,c,100,,29.3,,1.4,,8,,,1:30,
FIMS_38,Dry,2024,TS9,,Bay Anchovy,,,5,,,,c,100,,29.3,,1.4,,8,,,1:30,
FIMS_38,Dry,2024,TS9,,Bay Anchovy,,,5,,,,c,100,,29.3,,1.4,,8,,,1:30,
FIMS_38,Dry,2024,TS9,,Bay Anchovy,,,5,,,,c,100,,29.3,,1.4,,8,,,1:30,
FIMS_38,Dry,2024,TS9,,Bay Anchovy,,,5,,,,c,100,,29.3,,1.4,,8,,,1:30,
FIMS_38,Dry,2024,TS9,,Bay Anchovy,,,5,,,,c,100,,29.3,,1.4,,8,,,1:30,
FIMS_38,Dry,2024,TS9,,Bay Anchovy,,,5,,,,c,100,,29.3,,1.4,,8,,,1:30,
FIMS_38,Dry,2024,TS9,,Bay Anchovy,,,5,,,,c,100,,29.3,,1.4,,8,,,1:30,
FIMS_38,Dry,2024,TS9,,Bay Anchovy,,,5,,,,c,100,,29.3,,1.4,,8,,,1:30,
FIMS_38,Dry,2024,TS9,,Bay Anchovy,,,5,,,,c,100,,29.3,,1.4,,8,,,1:30,
FIMS_38,Dry,2024,TS9,,Bay Anchovy,,,5,,,,c,100,,29.3,,1.4,,8,,,1:30,
FIMS_38,Dry,2024,TS9,,Bay Anchovy,,,5,,,,c,100,,29.3,,1.4,,8,,,1:30,
FIMS_38,Dry,2024,TS9,,Bay Anchovy,,,5,,,,c,100,,29.3,,1.4,,8,,,1:30,
FIMS_38,Dry,2024,TS9,,Bay Anchovy,,,5,,,,c,100,,29.3,,1.4,,8,,,1:30,
FIMS_38,Dry,2024,TS9,,Bay Anchovy,,,5,,,,c,100,,29.3,,1.4,,8,,,1:30,
FIMS_38,Dry,2024,TS9,,Bay Anchovy,,,5,,,,c,100,,29.3,,1.4,,8,,,1:30,
FIMS_38,Dry,2024,TS9,,Bay Anchovy,,,5,,,,c,100,,29.3,,1.4,,8,,,1:30,
FIMS_38,Dry,2024,TS9,,Bay Anchovy,,,5,,,,c,100,,29.3,,1.4,,8,,,1:30,
FIMS_38,Dry,2024,TS9,,Bay Anchovy,,,5,,,,c,100,,29.3,,1.4,,8,,,1:30,
FIMS_38,Dry,2024,TS9,,Bay Anchovy,,,5,,,,c,100,,29.3,,1.4,,8,,,1:30,
FIMS_38,Dry,2024,TS9,,Bay Anchovy,,,5,,,,c,100,,29.3,,1.4,,8,,,1:30,
FIMS_38,Dry,2024,TS9,,Bay Anchovy,,,5,,,,c,100,,29.3,,1.4,,8,,,1:30,
FIMS_38,Dry,2024,TS9,,Bay Anchovy,,,5,,,,c,100,,29.3,,1.4,,8,,,1:30,
FIMS_38,Dry,2024,TS9,,Bay Anchovy,,,5,,,,c,100,,29.3,,1.4,,8,,,1:30,
FIMS_38,Dry,2024,TS9,,Bay Anchovy,,,5,,,,c,100,,29.3,,1.4,,8,,,1:30,
FIMS_38,Dry,2024,TS9,,Bay Anchovy,,,5,,,,c,100,,29.3,,1.4,,8,,,1:30,
FIMS_38,Dry,2024,TS9,,Bay Anchovy,,,5,,,,c,100,,29.3,,1.4,,8,,,1:30,
FIMS_38,Dry,2024,TS9,,Bay Anchovy,,,5,,,,c,100,,29.3,,1.4,,8,,,1:30,
FIMS_38,Dry,2024,TS9,,Bay Anchovy,,,5,,,,c,100,,29.3,,1.4,,8,,,1:30,
FIMS_38,Dry,2024,TS9,,Bay Anchovy,,,5,,,,c,100,,29.3,,1.4,,8,,,1:30,
FIMS_38,Dry,2024,TS9,,Bay Anchovy,,,5,,,,c,100,,29.3,,1.4,,8,,,1:30,
FIMS_38,Dry,2024,TS9,,Bay Anchovy,,,5,,,,c,100,,29.3,,1.4,,8,,,1:30,
FIMS_38,Dry,2024,TS9,,Bay Anchovy,,,5,,,,c,100,,29.3,,1.4,,8,,,1:30,
FIMS_38,Dry,2024,TS9,,Bay Anchovy,,,5,,,,c,100,,29.3,,1.4,,8,,,1:30,
FIMS_38,Dry,2024,TS9,,Bay Anchovy,,,5,,,,c,100,,29.3,,1.4,,8,,,1:30,
FIMS_38,Dry,2024,TS9,,Bay Anchovy,,,5,,,,c,100,,29.3,,1.4,,8,,,1:30,
FIMS_38,Dry,2024,TS9,,Bay Anchovy,,,5,,,,c,100,,29.3,,1.4,,8,,,1:30,
FIMS_38,Dry,2024,TS9,,Bay Anchovy,,,5,,,,c,100,,29.3,,1.4,,8,,,1:30,
FIMS_38,Dry,2024,TS9,,Bay Anchovy,,,5,,,,c,100,,29.3,,1.4,,8,,,1:30,
FIMS_38,Dry,2024,TS9,,Bay Anchovy,,,5,,,,c,100,,29.3,,1.4,,8,,,1:30,
FIMS_38,Dry,2024,TS9,,Bay Anchovy,,,5,,,,c,100,,29.3,,1.4,,8,,,1:30,
FIMS_38,Dry,2024,TS9,,Bay Anchovy,,,5,,,,c,100,,29.3,,1.4,,8,,,1:30,
FIMS_38,Dry,2024,TS9,,Bay Anchovy,,,5,,,,c,100,,29.3,,1.4,,8,,,1:30,
FIMS_38,Dry,2024,TS9,,Bay Anchovy,,,5,,,,c,100,,29.3,,1.4,,8,,,1:30,
FIMS_38,Dry,2024,TS9,,Bay Anchovy,,,5,,,,c,100,,29.3,,1.4,,8,,,1:30,
FIMS_38,Dry,2024,TS9,,Bay Anchovy,,,5,,,,c,100,,29.3,,1.4,,8,,,1:30,
FIMS_38,Dry,2024,TS9,,Bay Anchovy,,,5,,,,c,100,,29.3,,1.4,,8,,,1:30,
FIMS_38,Dry,2024,TS9,,Bay Anchovy,,,5,,,,c,100,,29.3,,1.4,,8,,,1:30,
FIMS_38,Dry,2024,TS9,,Bay Anchovy,,,5,,,,c,100,,29.3,,1.4,,8,,,1:30,
FIMS_38,Dry,2024,TS9,,Bay Anchovy,,,5,,,,c,100,,29.3,,1.4,,8,,,1:30,
FIMS_38,Dry,2024,TS9,,Bay Anchovy,,,5,,,,c,100,,29.3,,1.4,,8,,,1:30,
FIMS_38,Dry,2024,TS9,,Bay Anchovy,,,5,,,,c,100,,29.3,,1.4,,8,,,1:30,
FIMS_38,Dry,2024,TS9,,Bay Anchovy,,,5,,,,c,100,,29.3,,1.4,,8,,,1:30,
FIMS_38,Dry,2024,TS9,,Bay Anchovy,,,5,,,,c,100,,29.3,,1.4,,8,,,1:30,
FIMS_38,Dry,2024,TS9,,Bay Anchovy,,,5,,,,c,100,,29.3,,1.4,,8,,,1:30,
FIMS_38,Dry,2024,TS9,,Bay Anchovy,,,5,,,,c,100,,29.3,,1.4,,8,,,1:30,
FIMS_38,Dry,2024,TS9,,Bay Anchovy,,,5,,,,c,100,,29.3,,1.4,,8,,,1:30,
FIMS_38,Dry,2024,TS9,,Bay Anchovy,,,5,,,,c,100,,29.3,,1.4,,8,,,1:30,
FIMS_38,Dry,2024,TS9,,Bay Anchovy,,,5,,,,c,100,,29.3,,1.4,,8,,,1:30,
FIMS_38,Dry,2024,TS9,,Bay Anchovy,,,5,,,,c,100,,29.3,,1.4,,8,,,1:30,
FIMS_38,Dry,2024,TS9,,Bay Anchovy,,,5,,,,c,100,,29.3,,1.4,,8,,,1:30,
FIMS_38,Dry,2024,TS9,,Bay Anchovy,,,5,,,,c,100,,29.3,,1.4,,8,,,1:30,
FIMS_38,Dry,2024,TS9,,Bay Anchovy,,,5,,,,c,100,,29.3,,1.4,,8,,,1:30,
FIMS_38,Dry,2024,TS9,,Bay Anchovy,,,5,,,,c,100,,29.3,,1.4,,8,,,1:30,
FIMS_38,Dry,2024,TS9,,Bay Anchovy,,,5,,,,c,100,,29.3,,1.4,,8,,,1:30,
FIMS_38,Dry,2024,TS9,,Bay Anchovy,,,5,,,,c,100,,29.3,,1.4,,8,,,1:30,
FIMS_38,Dry,2024,TS9,,Bay Anchovy,,,5,,,,c,100,,29.3,,1.4,,8,,,1:30,
FIMS_38,Dry,2024,TS9,,Bay Anchovy,,,5,,,,c,100,,29.3,,1.4,,8,,,1:30,
FIMS_38,Dry,2024,TS9,,Bay Anchovy,,,5,,,,c,100,,29.3,,1.4,,8,,,1:30,
FIMS_38,Dry,2024,TS9,,Bay Anchovy,,,5,,,,c,100,,29.3,,1.4,,8,,,1:30,
FIMS_38,Dry,2024,TS9,,Bay Anchovy,,,5,,,,c,100,,29.3,,1.4,,8,,,1:30,
FIMS_38,Dry,2024,TS9,,Bay Anchovy,,,5,,,,c,100,,29.3,,1.4,,8,,,1:30,
FIMS_38,Dry,2024,TS9,,Bay Anchovy,,,5,,,,c,100,,29.3,,1.4,,8,,,1:30,
FIMS_38,Dry,2024,TS9,,Bay Anchovy,,,5,,,,c,100,,29.3,,1.4,,8,,,1:30,
FIMS_38,Dry,2024,TS9,,Bay Anchovy,,,5,,,,c,100,,29.3,,1.4,,8,,,1:30,
FIMS_38,Dry,2024,TS9,,Bay Anchovy,,,5,,,,c,100,,29.3,,1.4,,8,,,1:30,
FIMS_38,Dry,2024,TS9,,Bay Anchovy,,,5,,,,c,100,,29.3,,1.4,,8,,,1:30,
FIMS_38,Dry,2024,TS9,,Bay Anchovy,,,5,,,,c,100,,29.3,,1.4,,8,,,1:30,
FIMS_38,Dry,2024,TS9,,Bay Anchovy,,,5,,,,c,100,,29.3,,1.4,,8,,,1:30,
FIMS_38,Dry,2024,TS9,,Bay Anchovy,,,5,,,,c,100,,29.3,,1.4,,8,,,1:30,
FIMS_38,Dry,2024,TS9,,Bay Anchovy,,,5,,,,c,100,,29.3,,1.4,,8,,,1:30,
FIMS_38,Dry,2024,TS9,,Bay Anchovy,,,5,,,,c,100,,29.3,,1.4,,8,,,1:30,
FIMS_38,Dry,2024,TS9,,Bay Anchovy,,,5,,,,c,100,,29.3,,1.4,,8,,,1:30,
FIMS_38,Dry,2024,TS9,,Bay Anchovy,,,5,,,,c,100,,29.3,,1.4,,8,,,1:30,
FIMS_38,Dry,2024,TS9,,Bay Anchovy,,,5,,,,c,100,,29.3,,1.4,,8,,,1:30,
FIMS_38,Dry,2024,TS9,,Bay Anchovy,,,5,,,,c,100,,29.3,,1.4,,8,,,1:30,
FIMS_38,Dry,2024,TS9,,Bay Anchovy,,,5,,,,c,100,,29.3,,1.4,,8,,,1:30,
FIMS_38,Dry,2024,TS9,,Bay Anchovy,,,5,,,,c,100,,29.3,,1.4,,8,,,1:30,
FIMS_38,Dry,2024,TS9,,Bay Anchovy,,,5,,,,c,100,,29.3,,1.4,,8,,,1:30,
FIMS_38,Dry,2024,TS9,,Bay Anchovy,,,5,,,,c,100,,29.3,,1.4,,8,,,1:30,
FIMS_38,Dry,2024,TS9,,Bay Anchovy,,,5,,,,c,100,,29.3,,1.4,,8,,,1:30,
FIMS_38,Dry,2024,TS9,,Bay Anchovy,,,5,,,,c,100,,29.3,,1.4,,8,,,1:30,
FIMS_38,Dry,2024,TS9,,Bay Anchovy,,,5,,,,c,100,,29.3,,1.4,,8,,,1:30,
FIMS_38,Dry,2024,TS9,,Bay Anchovy,,,5,,,,c,100,,29.3,,1.4,,8,,,1:30,
FIMS_38,Dry,2024,TS9,,Bay Anchovy,,,5,,,,c,100,,29.3,,1.4,,8,,,1:30,
FIMS_38,Dry,2024,TS9,,Bay Anchovy,,,5,,,,c,100,,29.3,,1.4,,8,,,1:30,
FIMS_38,Dry,2024,TS9,,Bay Anchovy,,,5,,,,c,100,,29.3,,1.4,,8,,,1:30,
FIMS_38,Dry,2024,TS9,,Bay Anchovy,,,5,,,,c,100,,29.3,,1.4,,8,,,1:30,
FIMS_38,Dry,2024,TS9,,Bay Anchovy,,,5,,,,c,100,,29.3,,1.4,,8,,,1:30,
FIMS_38,Dry,2024,TS9,,Bay Anchovy,,,5,,,,c,100,,29.3,,1.4,,8,,,1:30,
FIMS_38,Dry,2024,TS9,,Bay Anchovy,,,5,,,,c,100,,29.3,,1.4,,8,,,1:30,
FIMS_38,Dry,2024,TS9,,Bay Anchovy,,,5,,,,c,100,,29.3,,1.4,,8,,,1:30,
FIMS_38,Dry,2024,TS9,,Bay Anchovy,,,5,,,,c,100,,29.3,,1.4,,8,,,1:30,
FIMS_38,Dry,2024,TS9,,Bay Anchovy,,,5,,,,c,100,,29.3,,1.4,,8,,,1:30,
FIMS_38,Dry,2024,TS9,,Bay Anchovy,,,5,,,,c,100,,29.3,,1.4,,8,,,1:30,
FIMS_38,Dry,2024,TS9,,Bay Anchovy,,,5,,,,c,100,,29.3,,1.4,,8,,,1:30,
FIMS_38,Dry,2024,TS9,,Bay Anchovy,,,5,,,,c,100,,29.3,,1.4,,8,,,1:30,
FIMS_38,Dry,2024,TS9,,Bay Anchovy,,,5,,,,c,100,,29.3,,1.4,,8,,,1:30,
FIMS_38,Dry,2024,TS9,,Bay Anchovy,,,5,,,,c,100,,29.3,,1.4,,8,,,1:30,
FIMS_38,Dry,2024,TS9,,Bay Anchovy,,,5,,,,c,100,,29.3,,1.4,,8,,,1:30,
FIMS_38,Dry,2024,TS9,,Bay Anchovy,,,5,,,,c,100,,29.3,,1.4,,8,,,1:30,
FIMS_38,Dry,2024,TS9,,Bay Anchovy,,,5,,,,c,100,,29.3,,1.4,,8,,,1:30,
FIMS_38,Dry,2024,TS9,,Bay Anchovy,,,5,,,,c,100,,29.3,,1.4,,8,,,1:30,
FIMS_38,Dry,2024,TS9,,Bay Anchovy,,,5,,,,c,100,,29.3,,1.4,,8,,,1:30,
FIMS_38,Dry,2024,TS9,,Bay Anchovy,,,5,,,,c,100,,29.3,,1.4,,8,,,1:30,
FIMS_38,Dry,2024,TS9,,Bay Anchovy,,,5,,,,c,100,,29.3,,1.4,,8,,,1:30,
FIMS_38,Dry,2024,TS9,,Bay Anchovy,,,5,,,,c,100,,29.3,,1.4,,8,,,1:30,
FIMS_38,Dry,2024,TS9,,Bay Anchovy,,,5,,,,c,100,,29.3,,1.4,,8,,,1:30,
FIMS_38,Dry,2024,TS9,,Bay Anchovy,,,5,,,,c,100,,29.3,,1.4,,8,,,1:30,
FIMS_38,Dry,2024,TS9,,Bay Anchovy,,,5,,,,c,100,,29.3,,1.4,,8,,,1:30,
FIMS_38,Dry,2024,TS9,,Bay Anchovy,,,5,,,,c,100,,29.3,,1.4,,8,,,1:30,
FIMS_38,Dry,2024,TS9,,Bay Anchovy,,,5,,,,c,100,,29.3,,1.4,,8,,,1:30,
FIMS_38,Dry,2024,TS9,,Bay Anchovy,,,5,,,,c,100,,29.3,,1.4,,8,,,1:30,
FIMS_38,Dry,2024,TS9,,Bay Anchovy,,,5,,,,c,100,,29.3,,1.4,,8,,,1:30,
FIMS_38,Dry,2024,TS9,,Bay Anchovy,,,5,,,,c,100,,29.3,,1.4,,8,,,1:30,
FIMS_38,Dry,2024,TS9,,Bay Anchovy,,,5,,,,c,100,,29.3,,1.4,,8,,,1:30,
FIMS_38,Dry,2024,TS9,,Bay Anchovy,,,5,,,,c,100,,29.3,,1.4,,8,,,1:30,
FIMS_38,Dry,2024,TS9,,Bay Anchovy,,,5,,,,c,100,,29.3,,1.4,,8,,,1:30,
FIMS_38,Dry,2024,TS9,,Bay Anchovy,,,5,,,,c,100,,29.3,,1.4,,8,,,1:30,
FIMS_38,Dry,2024,TS9,,Bay Anchovy,,,5,,,,c,100,,29.3,,1.4,,8,,,1:30,
FIMS_38,Dry,2024,TS9,,Bay Anchovy,,,5,,,,c,100,,29.3,,1.4,,8,,,1:30,
FIMS_38,Dry,2024,TS9,,Bay Anchovy,,,5,,,,c,100,,29.3,,1.4,,8,,,1:30,
FIMS_38,Dry,2024,TS9,,Bay Anchovy,,,5,,,,c,100,,29.3,,1.4,,8,,,1:30,
FIMS_38,Dry,2024,TS9,,Bay Anchovy,,,5,,,,c,100,,29.3,,1.4,,8,,,1:30,
FIMS_38,Dry,2024,TS9,,Bay Anchovy,,,5,,,,c,100,,29.3,,1.4,,8,,,1:30,
FIMS_38,Dry,2024,TS9,,Bay Anchovy,,,5,,,,c,100,,29.3,,1.4,,8,,,1:30,
FIMS_38,Dry,2024,TS9,,Bay Anchovy,,,5,,,,c,100,,29.3,,1.4,,8,,,1:30,
FIMS_38,Dry,2024,TS9,,Bay Anchovy,,,5,,,,c,100,,29.3,,1.4,,8,,,1:30,
FIMS_38,Dry,2024,TS9,,Bay Anchovy,,,5,,,,c,100,,29.3,,1.4,,8,,,1:30,
FIMS_38,Dry,2024,TS9,,Bay Anchovy,,,5,,,,c,100,,29.3,,1.4,,8,,,1:30,
FIMS_38,Dry,2024,TS9,,Bay Anchovy,,,5,,,,c,100,,29.3,,1.4,,8,,,1:30,
FIMS_38,Dry,2024,TS9,,Bay Anchovy,,,5,,,,c,100,,29.3,,1.4,,8,,,1:30,
FIMS_38,Dry,2024,TS9,,Bay Anchovy,,,5,,,,c,100,,29.3,,1.4,,8,,,1:30,
FIMS_38,Dry,2024,TS9,,Bay Anchovy,,,5,,,,c,100,,29.3,,1.4,,8,,,1:30,
FIMS_38,Dry,2024,TS9,,Bay Anchovy,,,5,,,,c,100,,29.3,,1.4,,8,,,1:30,
FIMS_38,Dry,2024,TS9,,Bay Anchovy,,,5,,,,c,100,,29.3,,1.4,,8,,,1:30,
FIMS_38,Dry,2024,TS9,,Bay Anchovy,,,5,,,,c,100,,29.3,,1.4,,8,,,1:30,
FIMS_38,Dry,2024,TS9,,Bay Anchovy,,,5,,,,c,100,,29.3,,1.4,,8,,,1:30,
FIMS_38,Dry,2024,TS9,,Bay Anchovy,,,5,,,,c,100,,29.3,,1.4,,8,,,1:30,
FIMS_38,Dry,2024,TS9,,Bay Anchovy,,,5,,,,c,100,,29.3,,1.4,,8,,,1:30,
FIMS_38,Dry,2024,TS9,,Bay Anchovy,,,5,,,,c,100,,29.3,,1.4,,8,,,1:30,
FIMS_38,Dry,2024,TS9,,Bay Anchovy,,,5,,,,c,100,,29.3,,1.4,,8,,,1:30,
FIMS_38,Dry,2024,TS9,,Bay Anchovy,,,5,,,,c,100,,29.3,,1.4,,8,,,1:30,
FIMS_38,Dry,2024,TS9,,Bay Anchovy,,,5,,,,c,100,,29.3,,1.4,,8,,,1:30,
FIMS_38,Dry,2024,TS9,,Bay Anchovy,,,5,,,,c,100,,29.3,,1.4,,8,,,1:30,
FIMS_38,Dry,2024,TS9,,Bay Anchovy,,,5,,,,c,100,,29.3,,1.4,,8,,,1:30,
FIMS_38,Dry,2024,TS9,,Bay Anchovy,,,5,,,,c,100,,29.3,,1.4,,8,,,1:30,
FIMS_38,Dry,2024,TS9,,Bay Anchovy,,,5,,,,c,100,,29.3,,1.4,,8,,,1:30,
FIMS_38,Dry,2024,TS9,,Bay Anchovy,,,5,,,,c,100,,29.3,,1.4,,8,,,1:30,
FIMS_38,Dry,2024,TS9,,Bay Anchovy,,,5,,,,c,100,,29.3,,1.4,,8,,,1:30,
FIMS_38,Dry,2024,TS9,,Bay Anchovy,,,5,,,,c,100,,29.3,,1.4,,8,,,1:30,
FIMS_38,Dry,2024,TS9,,Bay Anchovy,,,5,,,,c,100,,29.3,,1.4,,8,,,1:30,
FIMS_38,Dry,2024,TS9,,Bay Anchovy,,,5,,,,c,100,,29.3,,1.4,,8,,,1:30,
FIMS_38,Dry,2024,TS9,,Bay Anchovy,,,5,,,,c,100,,29.3,,1.4,,8,,,1:30,
FIMS_38,Dry,2024,TS9,,Bay Anchovy,,,5,,,,c,100,,29.3,,1.4,,8,,,1:30,
FIMS_38,Dry,2024,TS9,,Bay Anchovy,,,5,,,,c,100,,29.3,,1.4,,8,,,1:30,
FIMS_38,Dry,2024,TS9,,Bay Anchovy,,,5,,,,c,100,,29.3,,1.4,,8,,,1:30,
FIMS_38,Dry,2024,TS9,,Bay Anchovy,,,5,,,,c,100,,29.3,,1.4,,8,,,1:30,
FIMS_38,Dry,2024,TS9,,Bay Anchovy,,,5,,,,c,100,,29.3,,1.4,,8,,,1:30,
FIMS_38,Dry,2024,TS9,,Bay Anchovy,,,5,,,,c,100,,29.3,,1.4,,8,,,1:30,
FIMS_38,Dry,2024,TS9,,Bay Anchovy,,,5,,,,c,100,,29.3,,1.4,,8,,,1:30,
FIMS_38,Dry,2024,TS9,,Bay Anchovy,,,5,,,,c,100,,29.3,,1.4,,8,,,1:30,
FIMS_38,Dry,2024,TS9,,Bay Anchovy,,,5,,,,c,100,,29.3,,1.4,,8,,,1:30,
FIMS_38,Dry,2024,TS9,,Bay Anchovy,,,5,,,,c,100,,29.3,,1.4,,8,,,1:30,
FIMS_38,Dry,2024,TS9,,Bay Anchovy,,,5,,,,c,100,,29.3,,1.4,,8,,,1:30,
FIMS_38,Dry,2024,TS9,,Bay Anchovy,,,5,,,,c,100,,29.3,,1.4,,8,,,1:30,
FIMS_38,Dry,2024,TS9,,Bay Anchovy,,,5,,,,c,100,,29.3,,1.4,,8,,,1:30,
FIMS_38,Dry,2024,TS9,,Bay Anchovy,,,5,,,,c,100,,29.3,,1.4,,8,,,1:30,
FIMS_38,Dry,2024,TS9,,Bay Anchovy,,,5,,,,c,100,,29.3,,1.4,,8,,,1:30,
FIMS_38,Dry,2024,TS9,,Bay Anchovy,,,5,,,,c,100,,29.3,,1.4,,8,,,1:30,
FIMS_38,Dry,2024,TS9,,Bay Anchovy,,,5,,,,c,100,,29.3,,1.4,,8,,,1:30,
FIMS_38,Dry,2024,TS9,,Bay Anchovy,,,5,,,,c,100,,29.3,,1.4,,8,,,1:30,
FIMS_38,Dry,2024,TS9,,Bay Anchovy,,,5,,,,c,100,,29.3,,1.4,,8,,,1:30,
FIMS_38,Dry,2024,TS9,,Bay Anchovy,,,5,,,,c,100,,29.3,,1.4,,8,,,1:30,
FIMS_38,Dry,2024,TS9,,Bay Anchovy,,,5,,,,c,100,,29.3,,1.4,,8,,,1:30,
FIMS_38,Dry,2024,TS9,,Bay Anchovy,,,5,,,,c,100,,29.3,,1.4,,8,,,1:30,
FIMS_38,Dry,2024,TS9,,Bay Anchovy,,,5,,,,c,100,,29.3,,1.4,,8,,,1:30,
FIMS_38,Dry,2024,TS9,,Bay Anchovy,,,5,,,,c,100,,29.3,,1.4,,8,,,1:30,
FIMS_38,Dry,2024,TS9,,Bay Anchovy,,,5,,,,c,100,,29.3,,1.4,,8,,,1:30,
FIMS_38,Dry,2024,TS9,,Bay Anchovy,,,5,,,,c,100,,29.3,,1.4,,8,,,1:30,
FIMS_38,Dry,2024,TS9,,Bay Anchovy,,,5,,,,c,100,,29.3,,1.4,,8,,,1:30,
FIMS_38,Dry,2024,TS9,,Bay Anchovy,,,5,,,,c,100,,29.3,,1.4,,8,,,1:30,
FIMS_38,Dry,2024,TS9,,Bay Anchovy,,,5,,,,c,100,,29.3,,1.4,,8,,,1:30,
FIMS_38,Dry,2024,TS9,,Bay Anchovy,,,5,,,,c,100,,29.3,,1.4,,8,,,1:30,
FIMS_38,Dry,2024,TS9,,Bay Anchovy,,,5,,,,c,100,,29.3,,1.4,,8,,,1:30,
FIMS_38,Dry,2024,TS9,,Bay Anchovy,,,5,,,,c,100,,29.3,,1.4,,8,,,1:30,
FIMS_38,Dry,2024,TS9,,Bay Anchovy,,,5,,,,c,100,,29.3,,1.4,,8,,,1:30,
FIMS_38,Dry,2024,TS9,,Bay Anchovy,,,5,,,,c,100,,29.3,,1.4,,8,,,1:30,
FIMS_38,Dry,2024,TS9,,Bay Anchovy,,,5,,,,c,100,,29.3,,1.4,,8,,,1:30,
FIMS_38,Dry,2024,TS9,,Bay Anchovy,,,5,,,,c,100,,29.3,,1.4,,8,,,1:30,
FIMS_38,Dry,2024,TS9,,Bay Anchovy,,,5,,,,c,100,,29.3,,1.4,,8,,,1:30,
FIMS_38,Dry,2024,TS9,,Bay Anchovy,,,5,,,,c,100,,29.3,,1.4,,8,,,1:30,
FIMS_38,Dry,2024,TS9,,Bay Anchovy,,,5,,,,c,100,,29.3,,1.4,,8,,,1:30,
FIMS_38,Dry,2024,TS9,,Bay Anchovy,,,5,,,,c,100,,29.3,,1.4,,8,,,1:30,
FIMS_38,Dry,2024,TS9,,Bay Anchovy,,,5,,,,c,100,,29.3,,1.4,,8,,,1:30,
FIMS_38,Dry,2024,TS9,,Bay Anchovy,,,5,,,,c,100,,29.3,,1.4,,8,,,1:30,
FIMS_38,Dry,2024,TS9,,Bay Anchovy,,,5,,,,c,100,,29.3,,1.4,,8,,,1:30,
FIMS_38,Dry,2024,TS9,,Bay Anchovy,,,5,,,,c,100,,29.3,,1.4,,8,,,1:30,
FIMS_38,Dry,2024,TS9,,Bay Anchovy,,,5,,,,c,100,,29.3,,1.4,,8,,,1:30,
FIMS_38,Dry,2024,TS9,,Bay Anchovy,,,5,,,,c,100,,29.3,,1.4,,8,,,1:30,
FIMS_38,Dry,2024,TS9,,Bay Anchovy,,,5,,,,c,100,,29.3,,1.4,,8,,,1:30,
FIMS_38,Dry,2024,TS9,,Bay Anchovy,,,5,,,,c,100,,29.3,,1.4,,8,,,1:30,
FIMS_38,Dry,2024,TS9,,Bay Anchovy,,,5,,,,c,100,,29.3,,1.4,,8,,,1:30,
FIMS_38,Dry,2024,TS9,,Bay Anchovy,,,5,,,,c,100,,29.3,,1.4,,8,,,1:30,
FIMS_38,Dry,2024,TS9,,Bay Anchovy,,,5,,,,c,100,,29.3,,1.4,,8,,,1:30,
FIMS_38,Dry,2024,TS9,,Bay Anchovy,,,5,,,,c,100,,29.3,,1.4,,8,,,1:30,
FIMS_38,Dry,2024,TS9,,Bay Anchovy,,,5,,,,c,100,,29.3,,1.4,,8,,,1:30,
FIMS_38,Dry,2024,TS9,,Bay Anchovy,,,5,,,,c,100,,29.3,,1.4,,8,,,1:30,
FIMS_38,Dry,2024,TS9,,Bay Anchovy,,,5,,,,c,100,,29.3,,1.4,,8,,,1:30,
FIMS_38,Dry,2024,TS9,,Bay Anchovy,,,5,,,,c,100,,29.3,,1.4,,8,,,1:30,
FIMS_38,Dry,2024,TS9,,Bay Anchovy,,,5,,,,c,100,,29.3,,1.4,,8,,,1:30,
FIMS_38,Dry,2024,TS9,,Bay Anchovy,,,5,,,,c,100,,29.3,,1.4,,8,,,1:30,
FIMS_38,Dry,2024,TS9,,Bay Anchovy,,,5,,,,c,100,,29.3,,1.4,,8,,,1:30,
FIMS_38,Dry,2024,TS9,,Bay Anchovy,,,5,,,,c,100,,29.3,,1.4,,8,,,1:30,
FIMS_38,Dry,2024,TS9,,Bay Anchovy,,,5,,,,c,100,,29.3,,1.4,,8,,,1:30,
FIMS_38,Dry,2024,TS9,,Bay Anchovy,,,5,,,,c,100,,29.3,,1.4,,8,,,1:30,
FIMS_38,Dry,2024,TS9,,Bay Anchovy,,,5,,,,c,100,,29.3,,1.4,,8,,,1:30,
FIMS_38,Dry,2024,TS9,,Bay Anchovy,,,5,,,,c,100,,29.3,,1.4,,8,,,1:30,
FIMS_38,Dry,2024,TS9,,Bay Anchovy,,,5,,,,c,100,,29.3,,1.4,,8,,,1:30,
FIMS_38,Dry,2024,TS9,,Bay Anchovy,,,5,,,,c,100,,29.3,,1.4,,8,,,1:30,
FIMS_38,Dry,2024,TS9,,Bay Anchovy,,,5,,,,c,100,,29.3,,1.4,,8,,,1:30,
FIMS_38,Dry,2024,TS9,,Bay Anchovy,,,5,,,,c,100,,29.3,,1.4,,8,,,1:30,
FIMS_38,Dry,2024,TS9,,Bay Anchovy,,,5,,,,c,100,,29.3,,1.4,,8,,,1:30,
FIMS_38,Dry,2024,TS9,,Bay Anchovy,,,5,,,,c,100,,29.3,,1.4,,8,,,1:30,
FIMS_38,Dry,2024,TS9,,Bay Anchovy,,,5,,,,c,100,,29.3,,1.4,,8,,,1:30,
FIMS_38,Dry,2024,TS9,,Bay Anchovy,,,5,,,,c,100,,29.3,,1.4,,8,,,1:30,
FIMS_38,Dry,2024,TS9,,Bay Anchovy,,,5,,,,c,100,,29.3,,1.4,,8,,,1:30,
FIMS_38,Dry,2024,TS9,,Bay Anchovy,,,5,,,,c,100,,29.3,,1.4,,8,,,1:30,
FIMS_38,Dry,2024,TS9,,Bay Anchovy,,,5,,,,c,100,,29.3,,1.4,,8,,,1:30,
FIMS_38,Dry,2024,TS9,,Bay Anchovy,,,5,,,,c,100,,29.3,,1.4,,8,,,1:30,
FIMS_38,Dry,2024,TS9,,Bay Anchovy,,,5,,,,c,100,,29.3,,1.4,,8,,,1:30,
FIMS_38,Dry,2024,TS9,,Bay Anchovy,,,5,,,,c,100,,29.3,,1.4,,8,,,1:30,
FIMS_38,Dry,2024,TS9,,Bay Anchovy,,,5,,,,c,100,,29.3,,1.4,,8,,,1:30,
FIMS_38,Dry,2024,TS9,,Bay Anchovy,,,5,,,,c,100,,29.3,,1.4,,8,,,1:30,
FIMS_38,Dry,2024,TS9,,Bay Anchovy,,,5,,,,c,100,,29.3,,1.4,,8,,,1:30,
FIMS_38,Dry,2024,TS9,,Bay Anchovy,,,5,,,,c,100,,29.3,,1.4,,8,,,1:30,
FIMS_38,Dry,2024,TS9,,Bay Anchovy,,,5,,,,c,100,,29.3,,1.4,,8,,,1:30,
FIMS_38,Dry,2024,TS9,,Bay Anchovy,,,5,,,,c,100,,29.3,,1.4,,8,,,1:30,
FIMS_38,Dry,2024,TS9,,Bay Anchovy,,,5,,,,c,100,,29.3,,1.4,,8,,,1:30,
FIMS_38,Dry,2024,TS9,,Bay Anchovy,,,5,,,,c,100,,29.3,,1.4,,8,,,1:30,
FIMS_38,Dry,2024,TS9,,Bay Anchovy,,,5,,,,c,100,,29.3,,1.4,,8,,,1:30,
FIMS_38,Dry,2024,TS9,,Bay Anchovy,,,5,,,,c,100,,29.3,,1.4,,8,,,1:30,
FIMS_38,Dry,2024,TS9,,Bay Anchovy,,,5,,,,c,100,,29.3,,1.4,,8,,,1:30,
FIMS_38,Dry,2024,TS9,,Bay Anchovy,,,5,,,,c,100,,29.3,,1.4,,8,,,1:30,
FIMS_38,Dry,2024,TS9,,Bay Anchovy,,,5,,,,c,100,,29.3,,1.4,,8,,,1:30,
FIMS_38,Dry,2024,TS9,,Bay Anchovy,,,5,,,,c,100,,29.3,,1.4,,8,,,1:30,
FIMS_38,Dry,2024,TS9,,Bay Anchovy,,,5,,,,c,100,,29.3,,1.4,,8,,,1:30,
FIMS_38,Dry,2024,TS9,,Bay Anchovy,,,5,,,,c,100,,29.3,,1.4,,8,,,1:30,
FIMS_38,Dry,2024,TS9,,Bay Anchovy,,,5,,,,c,100,,29.3,,1.4,,8,,,1:30,
FIMS_38,Dry,2024,TS9,,Bay Anchovy,,,5,,,,c,100,,29.3,,1.4,,8,,,1:30,
FIMS_38,Dry,2024,TS9,,Bay Anchovy,,,5,,,,c,100,,29.3,,1.4,,8,,,1:30,
FIMS_38,Dry,2024,TS9,,Bay Anchovy,,,5,,,,c,100,,29.3,,1.4,,8,,,1:30,
FIMS_38,Dry,2024,TS9,,Bay Anchovy,,,5,,,,c,100,,29.3,,1.4,,8,,,1:30,
FIMS_38,Dry,2024,TS9,,Bay Anchovy,,,5,,,,c,100,,29.3,,1.4,,8,,,1:30,
FIMS_38,Dry,2024,TS9,,Bay Anchovy,,,5,,,,c,100,,29.3,,1.4,,8,,,1:30,
FIMS_38,Dry,2024,TS9,,Bay Anchovy,,,5,,,,c,100,,29.3,,1.4,,8,,,1:30,
FIMS_38,Dry,2024,TS9,,Bay Anchovy,,,5,,,,c,100,,29.3,,1.4,,8,,,1:30,
FIMS_38,Dry,2024,TS9,,Bay Anchovy,,,5,,,,c,100,,29.3,,1.4,,8,,,1:30,
FIMS_38,Dry,2024,TS9,,Bay Anchovy,,,5,,,,c,100,,29.3,,1.4,,8,,,1:30,
FIMS_38,Dry,2024,TS9,,Bay Anchovy,,,5,,,,c,100,,29.3,,1.4,,8,,,1:30,
FIMS_38,Dry,2024,TS9,,Bay Anchovy,,,5,,,,c,100,,29.3,,1.4,,8,,,1:30,
FIMS_38,Dry,2024,TS9,,Bay Anchovy,,,5,,,,c,100,,29.3,,1.4,,8,,,1:30,
FIMS_38,Dry,2024,TS9,,Bay Anchovy,,,5,,,,c,100,,29.3,,1.4,,8,,,1:30,
FIMS_38,Dry,2024,TS9,,Bay Anchovy,,,5,,,,c,100,,29.3,,1.4,,8,,,1:30,
FIMS_38,Dry,2024,TS9,,Bay Anchovy,,,5,,,,c,100,,29.3,,1.4,,8,,,1:30,
FIMS_38,Dry,2024,TS9,,Bay Anchovy,,,5,,,,c,100,,29.3,,1.4,,8,,,1:30,
FIMS_38,Dry,2024,TS9,,Bay Anchovy,,,5,,,,c,100,,29.3,,1.4,,8,,,1:30,
FIMS_38,Dry,2024,TS9,,Bay Anchovy,,,5,,,,c,100,,29.3,,1.4,,8,,,1:30,
FIMS_38,Dry,2024,TS9,,Bay Anchovy,,,5,,,,c,100,,29.3,,1.4,,8,,,1:30,
FIMS_38,Dry,2024,TS9,,Bay Anchovy,,,5,,,,c,100,,29.3,,1.4,,8,,,1:30,
FIMS_38,Dry,2024,TS9,,Bay Anchovy,,,5,,,,c,100,,29.3,,1.4,,8,,,1:30,
FIMS_38,Dry,2024,TS9,,Bay Anchovy,,,5,,,,c,100,,29.3,,1.4,,8,,,1:30,
FIMS_38,Dry,2024,TS9,,Bay Anchovy,,,5,,,,c,100,,29.3,,1.4,,8,,,1:30,
FIMS_38,Dry,2024,TS9,,Bay Anchovy,,,5,,,,c,100,,29.3,,1.4,,8,,,1:30,
FIMS_38,Dry,2024,TS9,,Bay Anchovy,,,5,,,,c,100,,29.3,,1.4,,8,,,1:30,
FIMS_38,Dry,2024,TS9,,Bay Anchovy,,,5,,,,c,100,,29.3,,1.4,,8,,,1:30,
FIMS_38,Dry,2024,TS9,,Bay Anchovy,,,5,,,,c,100,,29.3,,1.4,,8,,,1:30,
FIMS_38,Dry,2024,TS9,,Bay Anchovy,,,5,,,,c,100,,29.3,,1.4,,8,,,1:30,
FIMS_38,Dry,2024,TS9,,Bay Anchovy,,,5,,,,c,100,,29.3,,1.4,,8,,,1:30,
FIMS_38,Dry,2024,TS9,,Bay Anchovy,,,5,,,,c,100,,29.3,,1.4,,8,,,1:30,
FIMS_38,Dry,2024,TS9,,Bay Anchovy,,,5,,,,c,100,,29.3,,1.4,,8,,,1:30,
FIMS_38,Dry,2024,TS9,,Bay Anchovy,,,5,,,,c,100,,29.3,,1.4,,8,,,1:30,
FIMS_38,Dry,2024,TS9,,Bay Anchovy,,,5,,,,c,100,,29.3,,1.4,,8,,,1:30,
FIMS_38,Dry,2024,TS9,,Bay Anchovy,,,5,,,,c,100,,29.3,,1.4,,8,,,1:30,
FIMS_38,Dry,2024,TS9,,Bay Anchovy,,,5,,,,c,100,,29.3,,1.4,,8,,,1:30,
FIMS_38,Dry,2024,TS9,,Bay Anchovy,,,5,,,,c,100,,29.3,,1.4,,8,,,1:30,
FIMS_38,Dry,2024,TS9,,Bay Anchovy,,,5,,,,c,100,,29.3,,1.4,,8,,,1:30,
FIMS_38,Dry,2024,TS9,,Bay Anchovy,,,5,,,,c,100,,29.3,,1.4,,8,,,1:30,
FIMS_38,Dry,2024,TS9,,Bay Anchovy,,,5,,,,c,100,,29.3,,1.4,,8,,,1:30,
FIMS_38,Dry,2024,TS9,,Bay Anchovy,,,5,,,,c,100,,29.3,,1.4,,8,,,1:30,
FIMS_38,Dry,2024,TS9,,Bay Anchovy,,,5,,,,c,100,,29.3,,1.4,,8,,,1:30,
FIMS_38,Dry,2024,TS9,,Bay Anchovy,,,5,,,,c,100,,29.3,,1.4,,8,,,1:30,
FIMS_38,Dry,2024,TS9,,Bay Anchovy,,,5,,,,c,100,,29.3,,1.4,,8,,,1:30,
FIMS_38,Dry,2024,TS9,,Bay Anchovy,,,5,,,,c,100,,29.3,,1.4,,8,,,1:30,
FIMS_38,Dry,2024,TS9,,Bay Anchovy,,,5,,,,c,100,,29.3,,1.4,,8,,,1:30,
FIMS_38,Dry,2024,TS9,,Bay Anchovy,,,5,,,,c,100,,29.3,,1.4,,8,,,1:30,
FIMS_38,Dry,2024,TS9,,Bay Anchovy,,,5,,,,c,100,,29.3,,1.4,,8,,,1:30,
FIMS_38,Dry,2024,TS9,,Bay Anchovy,,,5,,,,c,100,,29.3,,1.4,,8,,,1:30,
FIMS_38,Dry,2024,TS9,,Bay Anchovy,,,5,,,,c,100,,29.3,,1.4,,8,,,1:30,
FIMS_38,Dry,2024,TS9,,Bay Anchovy,,,5,,,,c,100,,29.3,,1.4,,8,,,1:30,
FIMS_38,Dry,2024,TS9,,Bay Anchovy,,,5,,,,c,100,,29.3,,1.4,,8,,,1:30,
FIMS_38,Dry,2024,TS9,,Bay Anchovy,,,5,,,,c,100,,29.3,,1.4,,8,,,1:30,
FIMS_38,Dry,2024,TS9,,Bay Anchovy,,,5,,,,c,100,,29.3,,1.4,,8,,,1:30,
FIMS_38,Dry,2024,TS9,,Bay Anchovy,,,5,,,,c,100,,29.3,,1.4,,8,,,1:30,
FIMS_38,Dry,2024,TS9,,Bay Anchovy,,,5,,,,c,100,,29.3,,1.4,,8,,,1:30,
FIMS_38,Dry,2024,TS9,,Bay Anchovy,,,5,,,,c,100,,29.3,,1.4,,8,,,1:30,
FIMS_38,Dry,2024,TS9,,Bay Anchovy,,,5,,,,c,100,,29.3,,1.4,,8,,,1:30,
FIMS_38,Dry,2024,TS9,,Bay Anchovy,,,5,,,,c,100,,29.3,,1.4,,8,,,1:30,
FIMS_38,Dry,2024,TS9,,Bay Anchovy,,,5,,,,c,100,,29.3,,1.4,,8,,,1:30,
FIMS_38,Dry,2024,TS9,,Bay Anchovy,,,5,,,,c,100,,29.3,,1.4,,8,,,1:30,
FIMS_38,Dry,2024,TS9,,Bay Anchovy,,,5,,,,c,100,,29.3,,1.4,,8,,,1:30,
FIMS_38,Dry,2024,TS9,,Bay Anchovy,,,5,,,,c,100,,29.3,,1.4,,8,,,1:30,
FIMS_38,Dry,2024,TS9,,Bay Anchovy,,,5,,,,c,100,,29.3,,1.4,,8,,,1:30,
FIMS_38,Dry,2024,TS9,,Bay Anchovy,,,5,,,,c,100,,29.3,,1.4,,8,,,1:30,
FIMS_38,Dry,2024,TS9,,Bay Anchovy,,,5,,,,c,100,,29.3,,1.4,,8,,,1:30,
FIMS_38,Dry,2024,TS9,,Bay Anchovy,,,5,,,,c,100,,29.3,,1.4,,8,,,1:30,
FIMS_38,Dry,2024,TS9,,Bay Anchovy,,,5,,,,c,100,,29.3,,1.4,,8,,,1:30,
FIMS_38,Dry,2024,TS9,,Bay Anchovy,,,5,,,,c,100,,29.3,,1.4,,8,,,1:30,
FIMS_38,Dry,2024,TS9,,Bay Anchovy,,,5,,,,c,100,,29.3,,1.4,,8,,,1:30,
FIMS_38,Dry,2024,TS9,,Bay Anchovy,,,5,,,,c,100,,29.3,,1.4,,8,,,1:30,
FIMS_38,Dry,2024,TS9,,Bay Anchovy,,,5,,,,c,100,,29.3,,1.4,,8,,,1:30,
FIMS_38,Dry,2024,TS9,,Bay Anchovy,,,5,,,,c,100,,29.3,,1.4,,8,,,1:30,
FIMS_38,Dry,2024,TS9,,Bay Anchovy,,,5,,,,c,100,,29.3,,1.4,,8,,,1:30,
FIMS_38,Dry,2024,TS9,,Bay Anchovy,,,5,,,,c,100,,29.3,,1.4,,8,,,1:30,
FIMS_38,Dry,2024,TS9,,Bay Anchovy,,,5,,,,c,100,,29.3,,1.4,,8,,,1:30,
FIMS_38,Dry,2024,TS9,,Bay Anchovy,,,5,,,,c,100,,29.3,,1.4,,8,,,1:30,
FIMS_38,Dry,2024,TS9,,Bay Anchovy,,,5,,,,c,100,,29.3,,1.4,,8,,,1:30,
FIMS_38,Dry,2024,TS9,,Bay Anchovy,,,5,,,,c,100,,29.3,,1.4,,8,,,1:30,
FIMS_38,Dry,2024,TS9,,Bay Anchovy,,,5,,,,c,100,,29.3,,1.4,,8,,,1:30,
FIMS_38,Dry,2024,TS9,,Bay Anchovy,,,5,,,,c,100,,29.3,,1.4,,8,,,1:30,
FIMS_38,Dry,2024,TS9,,Bay Anchovy,,,5,,,,c,100,,29.3,,1.4,,8,,,1:30,
FIMS_38,Dry,2024,TS9,,Bay Anchovy,,,5,,,,c,100,,29.3,,1.4,,8,,,1:30,
FIMS_38,Dry,2024,TS9,,Bay Anchovy,,,5,,,,c,100,,29.3,,1.4,,8,,,1:30,
FIMS_38,Dry,2024,TS9,,Bay Anchovy,,,5,,,,c,100,,29.3,,1.4,,8,,,1:30,
FIMS_38,Dry,2024,TS9,,Bay Anchovy,,,5,,,,c,100,,29.3,,1.4,,8,,,1:30,
FIMS_38,Dry,2024,TS9,,Bay Anchovy,,,5,,,,c,100,,29.3,,1.4,,8,,,1:30,
FIMS_38,Dry,2024,TS9,,Bay Anchovy,,,5,,,,c,100,,29.3,,1.4,,8,,,1:30,
FIMS_38,Dry,2024,TS9,,Bay Anchovy,,,5,,,,c,100,,29.3,,1.4,,8,,,1:30,
FIMS_38,Dry,2024,TS9,,Bay Anchovy,,,5,,,,c,100,,29.3,,1.4,,8,,,1:30,
FIMS_38,Dry,2024,TS9,,Bay Anchovy,,,5,,,,c,100,,29.3,,1.4,,8,,,1:30,
FIMS_38,Dry,2024,TS9,,Bay Anchovy,,,5,,,,c,100,,29.3,,1.4,,8,,,1:30,
FIMS_38,Dry,2024,TS9,,Bay Anchovy,,,5,,,,c,100,,29.3,,1.4,,8,,,1:30,
FIMS_38,Dry,2024,TS9,,Bay Anchovy,,,5,,,,c,100,,29.3,,1.4,,8,,,1:30,
FIMS_38,Dry,2024,TS9,,Bay Anchovy,,,5,,,,c,100,,29.3,,1.4,,8,,,1:30,
FIMS_38,Dry,2024,TS9,,Bay Anchovy,,,5,,,,c,100,,29.3,,1.4,,8,,,1:30,
FIMS_38,Dry,2024,TS9,,Bay Anchovy,,,5,,,,c,100,,29.3,,1.4,,8,,,1:30,
FIMS_38,Dry,2024,TS9,,Bay Anchovy,,,5,,,,c,100,,29.3,,1.4,,8,,,1:30,
FIMS_38,Dry,2024,TS9,,Bay Anchovy,,,5,,,,c,100,,29.3,,1.4,,8,,,1:30,
FIMS_38,Dry,2024,TS9,,Bay Anchovy,,,5,,,,c,100,,29.3,,1.4,,8,,,1:30,
FIMS_38,Dry,2024,TS9,,Bay Anchovy,,,5,,,,c,100,,29.3,,1.4,,8,,,1:30,
FIMS_38,Dry,2024,TS9,,Bay Anchovy,,,5,,,,c,100,,29.3,,1.4,,8,,,1:30,
FIMS_38,Dry,2024,TS9,,Bay Anchovy,,,5,,,,c,100,,29.3,,1.4,,8,,,1:30,
FIMS_38,Dry,2024,TS9,,Bay Anchovy,,,5,,,,c,100,,29.3,,1.4,,8,,,1:30,
FIMS_38,Dry,2024,TS9,,Bay Anchovy,,,5,,,,c,100,,29.3,,1.4,,8,,,1:30,
FIMS_38,Dry,2024,TS9,,Bay Anchovy,,,5,,,,c,100,,29.3,,1.4,,8,,,1:30,
FIMS_38,Dry,2024,TS9,,Bay Anchovy,,,5,,,,c,100,,29.3,,1.4,,8,,,1:30,
FIMS_38,Dry,2024,TS9,,Bay Anchovy,,,5,,,,c,100,,29.3,,1.4,,8,,,1:30,
FIMS_38,Dry,2024,TS9,,Bay Anchovy,,,5,,,,c,100,,29.3,,1.4,,8,,,1:30,
FIMS_38,Dry,2024,TS9,,Bay Anchovy,,,5,,,,c,100,,29.3,,1.4,,8,,,1:30,
FIMS_38,Dry,2024,TS9,,Bay Anchovy,,,5,,,,c,100,,29.3,,1.4,,8,,,1:30,
FIMS_38,Dry,2024,TS9,,Bay Anchovy,,,5,,,,c,100,,29.3,,1.4,,8,,,1:30,
FIMS_38,Dry,2024,TS9,,Bay Anchovy,,,5,,,,c,100,,29.3,,1.4,,8,,,1:30,
FIMS_38,Dry,2024,TS9,,Bay Anchovy,,,5,,,,c,100,,29.3,,1.4,,8,,,1:30,
FIMS_38,Dry,2024,TS9,,Bay Anchovy,,,5,,,,c,100,,29.3,,1.4,,8,,,1:30,
FIMS_38,Dry,2024,TS9,,Bay Anchovy,,,5,,,,c,100,,29.3,,1.4,,8,,,1:30,
FIMS_38,Dry,2024,TS9,,Bay Anchovy,,,5,,,,c,100,,29.3,,1.4,,8,,,1:30,
FIMS_38,Dry,2024,TS9,,Bay Anchovy,,,5,,,,c,100,,29.3,,1.4,,8,,,1:30,
FIMS_38,Dry,2024,TS9,,Bay Anchovy,,,5,,,,c,100,,29.3,,1.4,,8,,,1:30,
FIMS_38,Dry,2024,TS9,,Bay Anchovy,,,5,,,,c,100,,29.3,,1.4,,8,,,1:30,
FIMS_38,Dry,2024,TS9,,Bay Anchovy,,,5,,,,c,100,,29.3,,1.4,,8,,,1:30,
FIMS_38,Dry,2024,TS9,,Bay Anchovy,,,5,,,,c,100,,29.3,,1.4,,8,,,1:30,
FIMS_38,Dry,2024,TS9,,Bay Anchovy,,,5,,,,c,100,,29.3,,1.4,,8,,,1:30,
FIMS_38,Dry,2024,TS9,,Bay Anchovy,,,5,,,,c,100,,29.3,,1.4,,8,,,1:30,
FIMS_38,Dry,2024,TS9,,Bay Anchovy,,,5,,,,c,100,,29.3,,1.4,,8,,,1:30,
FIMS_38,Dry,2024,TS9,,Bay Anchovy,,,5,,,,c,100,,29.3,,1.4,,8,,,1:30,
FIMS_38,Dry,2024,TS9,,Bay Anchovy,,,5,,,,c,100,,29.3,,1.4,,8,,,1:30,
FIMS_38,Dry,2024,TS9,,Bay Anchovy,,,5,,,,c,100,,29.3,,1.4,,8,,,1:30,
FIMS_38,Dry,2024,TS9,,Bay Anchovy,,,5,,,,c,100,,29.3,,1.4,,8,,,1:30,
FIMS_38,Dry,2024,TS9,,Bay Anchovy,,,5,,,,c,100,,29.3,,1.4,,8,,,1:30,
FIMS_38,Dry,2024,TS9,,Bay Anchovy,,,5,,,,c,100,,29.3,,1.4,,8,,,1:30,
FIMS_38,Dry,2024,TS9,,Bay Anchovy,,,5,,,,c,100,,29.3,,1.4,,8,,,1:30,
FIMS_38,Dry,2024,TS9,,Bay Anchovy,,,5,,,,c,100,,29.3,,1.4,,8,,,1:30,
FIMS_38,Dry,2024,TS9,,Bay Anchovy,,,5,,,,c,100,,29.3,,1.4,,8,,,1:30,
FIMS_38,Dry,2024,TS9,,Bay Anchovy,,,5,,,,c,100,,29.3,,1.4,,8,,,1:30,
FIMS_38,Dry,2024,TS9,,Bay Anchovy,,,5,,,,c,100,,29.3,,1.4,,8,,,1:30,
FIMS_38,Dry,2024,TS9,,Bay Anchovy,,,5,,,,c,100,,29.3,,1.4,,8,,,1:30,
FIMS_38,Dry,2024,TS9,,Bay Anchovy,,,5,,,,c,100,,29.3,,1.4,,8,,,1:30,
FIMS_38,Dry,2024,TS9,,Bay Anchovy,,,5,,,,c,100,,29.3,,1.4,,8,,,1:30,
FIMS_38,Dry,2024,TS9,,Bay Anchovy,,,5,,,,c,100,,29.3,,1.4,,8,,,1:30,
FIMS_38,Dry,2024,TS9,,Bay Anchovy,,,5,,,,c,100,,29.3,,1.4,,8,,,1:30,
FIMS_38,Dry,2024,TS9,,Bay Anchovy,,,5,,,,c,100,,29.3,,1.4,,8,,,1:30,
FIMS_38,Dry,2024,TS9,,Bay Anchovy,,,5,,,,c,100,,29.3,,1.4,,8,,,1:30,
FIMS_38,Dry,2024,TS9,,Bay Anchovy,,,5,,,,c,100,,29.3,,1.4,,8,,,1:30,
FIMS_38,Dry,2024,TS9,,Bay Anchovy,,,5,,,,c,100,,29.3,,1.4,,8,,,1:30,
FIMS_38,Dry,2024,TS9,,Bay Anchovy,,,5,,,,c,100,,29.3,,1.4,,8,,,1:30,
FIMS_38,Dry,2024,TS9,,Bay Anchovy,,,5,,,,c,100,,29.3,,1.4,,8,,,1:30,
FIMS_38,Dry,2024,TS9,,Bay Anchovy,,,5,,,,c,100,,29.3,,1.4,,8,,,1:30,
FIMS_38,Dry,2024,TS9,,Bay Anchovy,,,5,,,,c,100,,29.3,,1.4,,8,,,1:30,
FIMS_38,Dry,2024,TS9,,Bay Anchovy,,,5,,,,c,100,,29.3,,1.4,,8,,,1:30,
FIMS_38,Dry,2024,TS9,,Bay Anchovy,,,5,,,,c,100,,29.3,,1.4,,8,,,1:30,
FIMS_38,Dry,2024,TS9,,Bay Anchovy,,,5,,,,c,100,,29.3,,1.4,,8,,,1:30,
FIMS_38,Dry,2024,TS9,,Bay Anchovy,,,5,,,,c,100,,29.3,,1.4,,8,,,1:30,
FIMS_38,Dry,2024,TS9,,Bay Anchovy,,,5,,,,c,100,,29.3,,1.4,,8,,,1:30,
FIMS_38,Dry,2024,TS9,,Bay Anchovy,,,5,,,,c,100,,29.3,,1.4,,8,,,1:30,
FIMS_38,Dry,2024,TS9,,Bay Anchovy,,,5,,,,c,100,,29.3,,1.4,,8,,,1:30,
FIMS_38,Dry,2024,TS9,,Bay Anchovy,,,5,,,,c,100,,29.3,,1.4,,8,,,1:30,
FIMS_38,Dry,2024,TS9,,Bay Anchovy,,,5,,,,c,100,,29.3,,1.4,,8,,,1:30,
FIMS_38,Dry,2024,TS9,,Bay Anchovy,,,5,,,,c,100,,29.3,,1.4,,8,,,1:30,
FIMS_38,Dry,2024,TS9,,Bay Anchovy,,,5,,,,c,100,,29.3,,1.4,,8,,,1:30,
FIMS_38,Dry,2024,TS9,,Bay Anchovy,,,5,,,,c,100,,29.3,,1.4,,8,,,1:30,
FIMS_38,Dry,2024,TS9,,Bay Anchovy,,,5,,,,c,100,,29.3,,1.4,,8,,,1:30,
FIMS_38,Dry,2024,TS9,,Bay Anchovy,,,5,,,,c,100,,29.3,,1.4,,8,,,1:30,
FIMS_38,Dry,2024,TS9,,Bay Anchovy,,,5,,,,c,100,,29.3,,1.4,,8,,,1:30,
FIMS_38,Dry,2024,TS9,,Bay Anchovy,,,5,,,,c,100,,29.3,,1.4,,8,,,1:30,
FIMS_38,Dry,2024,TS9,,Bay Anchovy,,,5,,,,c,100,,29.3,,1.4,,8,,,1:30,
FIMS_38,Dry,2024,TS9,,Bay Anchovy,,,5,,,,c,100,,29.3,,1.4,,8,,,1:30,
FIMS_38,Dry,2024,TS9,,Bay Anchovy,,,5,,,,c,100,,29.3,,1.4,,8,,,1:30,
FIMS_38,Dry,2024,TS9,,Bay Anchovy,,,5,,,,c,100,,29.3,,1.4,,8,,,1:30,
FIMS_38,Dry,2024,TS9,,Bay Anchovy,,,5,,,,c,100,,29.3,,1.4,,8,,,1:30,
FIMS_38,Dry,2024,TS9,,Bay Anchovy,,,5,,,,c,100,,29.3,,1.4,,8,,,1:30,
FIMS_38,Dry,2024,TS9,,Bay Anchovy,,,5,,,,c,100,,29.3,,1.4,,8,,,1:30,
FIMS_38,Dry,2024,TS9,,Bay Anchovy,,,5,,,,c,100,,29.3,,1.4,,8,,,1:30,
FIMS_38,Dry,2024,TS9,,Bay Anchovy,,,5,,,,c,100,,29.3,,1.4,,8,,,1:30,
FIMS_38,Dry,2024,TS9,,Bay Anchovy,,,5,,,,c,100,,29.3,,1.4,,8,,,1:30,
FIMS_38,Dry,2024,TS9,,Bay Anchovy,,,5,,,,c,100,,29.3,,1.4,,8,,,1:30,
FIMS_38,Dry,2024,TS9,,Bay Anchovy,,,5,,,,c,100,,29.3,,1.4,,8,,,1:30,
FIMS_38,Dry,2024,TS9,,Bay Anchovy,,,5,,,,c,100,,29.3,,1.4,,8,,,1:30,
FIMS_38,Dry,2024,TS9,,Bay Anchovy,,,5,,,,c,100,,29.3,,1.4,,8,,,1:30,
FIMS_38,Dry,2024,TS9,,Bay Anchovy,,,5,,,,c,100,,29.3,,1.4,,8,,,1:30,
FIMS_38,Dry,2024,TS9,,Bay Anchovy,,,5,,,,c,100,,29.3,,1.4,,8,,,1:30,
FIMS_38,Dry,2024,TS9,,Bay Anchovy,,,5,,,,c,100,,29.3,,1.4,,8,,,1:30,
FIMS_38,Dry,2024,TS9,,Bay Anchovy,,,5,,,,c,100,,29.3,,1.4,,8,,,1:30,
FIMS_38,Dry,2024,TS9,,Bay Anchovy,,,5,,,,c,100,,29.3,,1.4,,8,,,1:30,
FIMS_38,Dry,2024,TS9,,Bay Anchovy,,,5,,,,c,100,,29.3,,1.4,,8,,,1:30,
FIMS_38,Dry,2024,TS9,,Bay Anchovy,,,5,,,,c,100,,29.3,,1.4,,8,,,1:30,
FIMS_38,Dry,2024,TS9,,Bay Anchovy,,,5,,,,c,100,,29.3,,1.4,,8,,,1:30,
FIMS_38,Dry,2024,TS9,,Bay Anchovy,,,5,,,,c,100,,29.3,,1.4,,8,,,1:30,
FIMS_38,Dry,2024,TS9,,Bay Anchovy,,,5,,,,c,100,,29.3,,1.4,,8,,,1:30,
FIMS_38,Dry,2024,TS9,,Bay Anchovy,,,5,,,,c,100,,29.3,,1.4,,8,,,1:30,
FIMS_38,Dry,2024,TS9,,Bay Anchovy,,,5,,,,c,100,,29.3,,1.4,,8,,,1:30,
FIMS_38,Dry,2024,TS9,,Bay Anchovy,,,5,,,,c,100,,29.3,,1.4,,8,,,1:30,
FIMS_38,Dry,2024,TS9,,Bay Anchovy,,,5,,,,c,100,,29.3,,1.4,,8,,,1:30,
FIMS_38,Dry,2024,TS9,,Bay Anchovy,,,5,,,,c,100,,29.3,,1.4,,8,,,1:30,
FIMS_38,Dry,2024,TS9,,Bay Anchovy,,,5,,,,c,100,,29.3,,1.4,,8,,,1:30,
FIMS_38,Dry,2024,TS9,,Bay Anchovy,,,5,,,,c,100,,29.3,,1.4,,8,,,1:30,
FIMS_38,Dry,2024,TS9,,Bay Anchovy,,,5,,,,c,100,,29.3,,1.4,,8,,,1:30,
FIMS_38,Dry,2024,TS9,,Bay Anchovy,,,5,,,,c,100,,29.3,,1.4,,8,,,1:30,
FIMS_38,Dry,2024,TS9,,Bay Anchovy,,,5,,,,c,100,,29.3,,1.4,,8,,,1:30,
FIMS_38,Dry,2024,TS9,,Bay Anchovy,,,5,,,,c,100,,29.3,,1.4,,8,,,1:30,
FIMS_38,Dry,2024,TS9,,Bay Anchovy,,,5,,,,c,100,,29.3,,1.4,,8,,,1:30,
FIMS_38,Dry,2024,TS9,,Bay Anchovy,,,5,,,,c,100,,29.3,,1.4,,8,,,1:30,
FIMS_38,Dry,2024,TS9,,Bay Anchovy,,,5,,,,c,100,,29.3,,1.4,,8,,,1:30,
FIMS_38,Dry,2024,TS9,,Bay Anchovy,,,5,,,,c,100,,29.3,,1.4,,8,,,1:30,
FIMS_38,Dry,2024,TS9,,Bay Anchovy,,,5,,,,c,100,,29.3,,1.4,,8,,,1:30,
FIMS_38,Dry,2024,TS9,,Bay Anchovy,,,5,,,,c,100,,29.3,,1.4,,8,,,1:30,
FIMS_38,Dry,2024,TS9,,Bay Anchovy,,,5,,,,c,100,,29.3,,1.4,,8,,,1:30,
FIMS_38,Dry,2024,TS9,,Bay Anchovy,,,5,,,,c,100,,29.3,,1.4,,8,,,1:30,
FIMS_38,Dry,2024,TS9,,Bay Anchovy,,,5,,,,c,100,,29.3,,1.4,,8,,,1:30,
FIMS_38,Dry,2024,TS9,,Bay Anchovy,,,5,,,,c,100,,29.3,,1.4,,8,,,1:30,
FIMS_38,Dry,2024,TS9,,Bay Anchovy,,,5,,,,c,100,,29.3,,1.4,,8,,,1:30,
FIMS_38,Dry,2024,TS9,,Bay Anchovy,,,5,,,,c,100,,29.3,,1.4,,8,,,1:30,
FIMS_38,Dry,2024,TS9,,Bay Anchovy,,,5,,,,c,100,,29.3,,1.4,,8,,,1:30,
FIMS_38,Dry,2024,TS9,,Bay Anchovy,,,5,,,,c,100,,29.3,,1.4,,8,,,1:30,
FIMS_38,Dry,2024,TS9,,Bay Anchovy,,,5,,,,c,100,,29.3,,1.4,,8,,,1:30,
FIMS_38,Dry,2024,TS9,,Bay Anchovy,,,5,,,,c,100,,29.3,,1.4,,8,,,1:30,
FIMS_38,Dry,2024,TS9,,Bay Anchovy,,,5,,,,c,100,,29.3,,1.4,,8,,,1:30,
FIMS_38,Dry,2024,TS9,,Bay Anchovy,,,5,,,,c,100,,29.3,,1.4,,8,,,1:30,
FIMS_38,Dry,2024,TS9,,Bay Anchovy,,,5,,,,c,100,,29.3,,1.4,,8,,,1:30,
FIMS_38,Dry,2024,TS9,,Bay Anchovy,,,5,,,,c,100,,29.3,,1.4,,8,,,1:30,
FIMS_38,Dry,2024,TS9,,Bay Anchovy,,,5,,,,c,100,,29.3,,1.4,,8,,,1:30,
FIMS_38,Dry,2024,TS9,,Bay Anchovy,,,5,,,,c,100,,29.3,,1.4,,8,,,1:30,
FIMS_38,Dry,2024,TS9,,Bay Anchovy,,,5,,,,c,100,,29.3,,1.4,,8,,,1:30,
FIMS_38,Dry,2024,TS9,,Bay Anchovy,,,5,,,,c,100,,29.3,,1.4,,8,,,1:30,
FIMS_38,Dry,2024,TS9,,Bay Anchovy,,,5,,,,c,100,,29.3,,1.4,,8,,,1:30,
FIMS_38,Dry,2024,TS9,,Bay Anchovy,,,5,,,,c,100,,29.3,,1.4,,8,,,1:30,
FIMS_38,Dry,2024,TS9,,Bay Anchovy,,,5,,,,c,100,,29.3,,1.4,,8,,,1:30,
FIMS_38,Dry,2024,TS9,,Bay Anchovy,,,5,,,,c,100,,29.3,,1.4,,8,,,1:30,
FIMS_38,Dry,2024,TS9,,Bay Anchovy,,,5,,,,c,100,,29.3,,1.4,,8,,,1:30,
FIMS_38,Dry,2024,TS9,,Bay Anchovy,,,5,,,,c,100,,29.3,,1.4,,8,,,1:30,
FIMS_38,Dry,2024,TS9,,Bay Anchovy,,,5,,,,c,100,,29.3,,1.4,,8,,,1:30,
FIMS_38,Dry,2024,TS9,,Bay Anchovy,,,5,,,,c,100,,29.3,,1.4,,8,,,1:30,
FIMS_38,Dry,2024,TS9,,Bay Anchovy,,,5,,,,c,100,,29.3,,1.4,,8,,,1:30,
FIMS_38,Dry,2024,TS9,,Bay Anchovy,,,5,,,,c,100,,29.3,,1.4,,8,,,1:30,
FIMS_38,Dry,2024,TS9,,Bay Anchovy,,,5,,,,c,100,,29.3,,1.4,,8,,,1:30,
FIMS_38,Dry,2024,TS9,,Bay Anchovy,,,5,,,,c,100,,29.3,,1.4,,8,,,1:30,
FIMS_38,Dry,2024,TS9,,Bay Anchovy,,,5,,,,c,100,,29.3,,1.4,,8,,,1:30,
FIMS_38,Dry,2024,TS9,,Bay Anchovy,,,5,,,,c,100,,29.3,,1.4,,8,,,1:30,
FIMS_38,Dry,2024,TS9,,Bay Anchovy,,,5,,,,c,100,,29.3,,1.4,,8,,,1:30,
FIMS_38,Dry,2024,TS9,,Bay Anchovy,,,5,,,,c,100,,29.3,,1.4,,8,,,1:30,
FIMS_38,Dry,2024,TS9,,Bay Anchovy,,,5,,,,c,100,,29.3,,1.4,,8,,,1:30,
FIMS_38,Dry,2024,TS9,,Bay Anchovy,,,5,,,,c,100,,29.3,,1.4,,8,,,1:30,
FIMS_38,Dry,2024,TS9,,Bay Anchovy,,,5,,,,c,100,,29.3,,1.4,,8,,,1:30,
FIMS_38,Dry,2024,TS9,,Bay Anchovy,,,5,,,,c,100,,29.3,,1.4,,8,,,1:30,
FIMS_38,Dry,2024,TS9,,Bay Anchovy,,,5,,,,c,100,,29.3,,1.4,,8,,,1:30,
FIMS_38,Dry,2024,TS9,,Bay Anchovy,,,5,,,,c,100,,29.3,,1.4,,8,,,1:30,
FIMS_38,Dry,2024,TS9,,Bay Anchovy,,,5,,,,c,100,,29.3,,1.4,,8,,,1:30,
FIMS_38,Dry,2024,TS9,,Bay Anchovy,,,5,,,,c,100,,29.3,,1.4,,8,,,1:30,
FIMS_38,Dry,2024,TS9,,Bay Anchovy,,,5,,,,c,100,,29.3,,1.4,,8,,,1:30,
FIMS_38,Dry,2024,TS9,,Bay Anchovy,,,5,,,,c,100,,29.3,,1.4,,8,,,1:30,
FIMS_38,Dry,2024,TS9,,Bay Anchovy,,,5,,,,c,100,,29.3,,1.4,,8,,,1:30,
FIMS_38,Dry,2024,TS9,,Bay Anchovy,,,5,,,,c,100,,29.3,,1.4,,8,,,1:30,
FIMS_38,Dry,2024,TS9,,Bay Anchovy,,,5,,,,c,100,,29.3,,1.4,,8,,,1:30,
FIMS_38,Dry,2024,TS9,,Bay Anchovy,,,5,,,,c,100,,29.3,,1.4,,8,,,1:30,
FIMS_38,Dry,2024,TS9,,Bay Anchovy,,,5,,,,c,100,,29.3,,1.4,,8,,,1:30,
FIMS_38,Dry,2024,TS9,,Bay Anchovy,,,5,,,,c,100,,29.3,,1.4,,8,,,1:30,
FIMS_38,Dry,2024,TS9,,Bay Anchovy,,,5,,,,c,100,,29.3,,1.4,,8,,,1:30,
FIMS_38,Dry,2024,TS9,,Bay Anchovy,,,5,,,,c,100,,29.3,,1.4,,8,,,1:30,
FIMS_38,Dry,2024,TS9,,Bay Anchovy,,,5,,,,c,100,,29.3,,1.4,,8,,,1:30,
FIMS_38,Dry,2024,TS9,,Bay Anchovy,,,5,,,,c,100,,29.3,,1.4,,8,,,1:30,
FIMS_38,Dry,2024,TS9,,Bay Anchovy,,,5,,,,c,100,,29.3,,1.4,,8,,,1:30,
FIMS_38,Dry,2024,TS9,,Bay Anchovy,,,5,,,,c,100,,29.3,,1.4,,8,,,1:30,
FIMS_38,Dry,2024,TS9,,Bay Anchovy,,,5,,,,c,100,,29.3,,1.4,,8,,,1:30,
FIMS_38,Dry,2024,TS9,,Bay Anchovy,,,5,,,,c,100,,29.3,,1.4,,8,,,1:30,
FIMS_38,Dry,2024,TS9,,Bay Anchovy,,,5,,,,c,100,,29.3,,1.4,,8,,,1:30,
FIMS_38,Dry,2024,TS9,,Bay Anchovy,,,5,,,,c,100,,29.3,,1.4,,8,,,1:30,
FIMS_38,Dry,2024,TS9,,Bay Anchovy,,,5,,,,c,100,,29.3,,1.4,,8,,,1:30,
FIMS_38,Dry,2024,TS9,,Bay Anchovy,,,5,,,,c,100,,29.3,,1.4,,8,,,1:30,
FIMS_38,Dry,2024,TS9,,Bay Anchovy,,,5,,,,c,100,,29.3,,1.4,,8,,,1:30,
FIMS_38,Dry,2024,TS9,,Bay Anchovy,,,5,,,,c,100,,29.3,,1.4,,8,,,1:30,
FIMS_38,Dry,2024,TS9,,Bay Anchovy,,,5,,,,c,100,,29.3,,1.4,,8,,,1:30,
FIMS_38,Dry,2024,TS9,,Bay Anchovy,,,5,,,,c,100,,29.3,,1.4,,8,,,1:30,
FIMS_38,Dry,2024,TS9,,Bay Anchovy,,,5,,,,c,100,,29.3,,1.4,,8,,,1:30,
FIMS_38,Dry,2024,TS9,,Bay Anchovy,,,5,,,,c,100,,29.3,,1.4,,8,,,1:30,
FIMS_38,Dry,2024,TS9,,Bay Anchovy,,,5,,,,c,100,,29.3,,1.4,,8,,,1:30,
FIMS_38,Dry,2024,TS9,,Bay Anchovy,,,5,,,,c,100,,29.3,,1.4,,8,,,1:30,
FIMS_38,Dry,2024,TS9,,Bay Anchovy,,,5,,,,c,100,,29.3,,1.4,,8,,,1:30,
FIMS_38,Dry,2024,TS9,,Bay Anchovy,,,5,,,,c,100,,29.3,,1.4,,8,,,1:30,
FIMS_38,Dry,2024,TS9,,Bay Anchovy,,,5,,,,c,100,,29.3,,1.4,,8,,,1:30,
FIMS_38,Dry,2024,TS9,,Bay Anchovy,,,5,,,,c,100,,29.3,,1.4,,8,,,1:30,
FIMS_38,Dry,2024,TS9,,Bay Anchovy,,,5,,,,c,100,,29.3,,1.4,,8,,,1:30,
FIMS_38,Dry,2024,TS9,,Bay Anchovy,,,5,,,,c,100,,29.3,,1.4,,8,,,1:30,
FIMS_38,Dry,2024,TS9,,Bay Anchovy,,,5,,,,c,100,,29.3,,1.4,,8,,,1:30,
FIMS_38,Dry,2024,TS9,,Bay Anchovy,,,5,,,,c,100,,29.3,,1.4,,8,,,1:30,
FIMS_38,Dry,2024,TS9,,Bay Anchovy,,,5,,,,c,100,,29.3,,1.4,,8,,,1:30,
FIMS_38,Dry,2024,TS9,,Bay Anchovy,,,5,,,,c,100,,29.3,,1.4,,8,,,1:30,
FIMS_38,Dry,2024,TS9,,Bay Anchovy,,,5,,,,c,100,,29.3,,1.4,,8,,,1:30,
FIMS_38,Dry,2024,TS9,,Bay Anchovy,,,5,,,,c,100,,29.3,,1.4,,8,,,1:30,
FIMS_38,Dry,2024,TS9,,Bay Anchovy,,,5,,,,c,100,,29.3,,1.4,,8,,,1:30,
FIMS_38,Dry,2024,TS9,,Bay Anchovy,,,5,,,,c,100,,29.3,,1.4,,8,,,1:30,
FIMS_38,Dry,2024,TS9,,Bay Anchovy,,,5,,,,c,100,,29.3,,1.4,,8,,,1:30,
FIMS_38,Dry,2024,TS9,,Bay Anchovy,,,5,,,,c,100,,29.3,,1.4,,8,,,1:30,
FIMS_38,Dry,2024,TS9,,Bay Anchovy,,,5,,,,c,100,,29.3,,1.4,,8,,,1:30,
FIMS_38,Dry,2024,TS9,,Bay Anchovy,,,5,,,,c,100,,29.3,,1.4,,8,,,1:30,
FIMS_38,Dry,2024,TS9,,Bay Anchovy,,,5,,,,c,100,,29.3,,1.4,,8,,,1:30,
FIMS_38,Dry,2024,TS9,,Bay Anchovy,,,5,,,,c,100,,29.3,,1.4,,8,,,1:30,
FIMS_38,Dry,2024,TS9,,Bay Anchovy,,,5,,,,c,100,,29.3,,1.4,,8,,,1:30,
FIMS_38,Dry,2024,TS9,,Bay Anchovy,,,5,,,,c,100,,29.3,,1.4,,8,,,1:30,
FIMS_38,Dry,2024,TS9,,Bay Anchovy,,,5,,,,c,100,,29.3,,1.4,,8,,,1:30,
FIMS_38,Dry,2024,TS9,,Bay Anchovy,,,5,,,,c,100,,29.3,,1.4,,8,,,1:30,
FIMS_38,Dry,2024,TS9,,Bay Anchovy,,,5,,,,c,100,,29.3,,1.4,,8,,,1:30,
FIMS_38,Dry,2024,TS9,,Bay Anchovy,,,5,,,,c,100,,29.3,,1.4,,8,,,1:30,
FIMS_38,Dry,2024,TS9,,Bay Anchovy,,,5,,,,c,100,,29.3,,1.4,,8,,,1:30,
FIMS_38,Dry,2024,TS9,,Bay Anchovy,,,5,,,,c,100,,29.3,,1.4,,8,,,1:30,
FIMS_38,Dry,2024,TS9,,Bay Anchovy,,,5,,,,c,100,,29.3,,1.4,,8,,,1:30,
FIMS_38,Dry,2024,TS9,,Bay Anchovy,,,5,,,,c,100,,29.3,,1.4,,8,,,1:30,
FIMS_38,Dry,2024,TS9,,Bay Anchovy,,,5,,,,c,100,,29.3,,1.4,,8,,,1:30,
FIMS_38,Dry,2024,TS9,,Bay Anchovy,,,5,,,,c,100,,29.3,,1.4,,8,,,1:30,
FIMS_38,Dry,2024,TS9,,Bay Anchovy,,,5,,,,c,100,,29.3,,1.4,,8,,,1:30,
FIMS_38,Dry,2024,TS9,,Bay Anchovy,,,5,,,,c,100,,29.3,,1.4,,8,,,1:30,
FIMS_38,Dry,2024,TS9,,Bay Anchovy,,,5,,,,c,100,,29.3,,1.4,,8,,,1:30,
FIMS_38,Dry,2024,TS9,,Bay Anchovy,,,5,,,,c,100,,29.3,,1.4,,8,,,1:30,
FIMS_38,Dry,2024,TS9,,Bay Anchovy,,,5,,,,c,100,,29.3,,1.4,,8,,,1:30,
FIMS_38,Dry,2024,TS9,,Bay Anchovy,,,5,,,,c,100,,29.3,,1.4,,8,,,1:30,
FIMS_38,Dry,2024,TS9,,Bay Anchovy,,,5,,,,c,100,,29.3,,1.4,,8,,,1:30,
FIMS_38,Dry,2024,TS9,,Bay Anchovy,,,5,,,,c,100,,29.3,,1.4,,8,,,1:30,
FIMS_38,Dry,2024,TS9,,Bay Anchovy,,,5,,,,c,100,,29.3,,1.4,,8,,,1:30,
FIMS_38,Dry,2024,TS9,,Bay Anchovy,,,5,,,,c,100,,29.3,,1.4,,8,,,1:30,
FIMS_38,Dry,2024,TS9,,Bay Anchovy,,,5,,,,c,100,,29.3,,1.4,,8,,,1:30,
FIMS_38,Dry,2024,TS9,,Bay Anchovy,,,5,,,,c,100,,29.3,,1.4,,8,,,1:30,
FIMS_38,Dry,2024,TS9,,Bay Anchovy,,,5,,,,c,100,,29.3,,1.4,,8,,,1:30,
FIMS_38,Dry,2024,TS9,,Bay Anchovy,,,5,,,,c,100,,29.3,,1.4,,8,,,1:30,
FIMS_38,Dry,2024,TS9,,Bay Anchovy,,,5,,,,c,100,,29.3,,1.4,,8,,,1:30,
FIMS_38,Dry,2024,TS9,,Bay Anchovy,,,5,,,,c,100,,29.3,,1.4,,8,,,1:30,
FIMS_38,Dry,2024,TS9,,Bay Anchovy,,,5,,,,c,100,,29.3,,1.4,,8,,,1:30,
FIMS_38,Dry,2024,TS9,,Bay Anchovy,,,5,,,,c,100,,29.3,,1.4,,8,,,1:30,
FIMS_38,Dry,2024,TS9,,Bay Anchovy,,,5,,,,c,100,,29.3,,1.4,,8,,,1:30,
FIMS_38,Dry,2024,TS9,,Bay Anchovy,,,5,,,,c,100,,29.3,,1.4,,8,,,1:30,
FIMS_38,Dry,2024,TS9,,Bay Anchovy,,,5,,,,c,100,,29.3,,1.4,,8,,,1:30,
FIMS_38,Dry,2024,TS9,,Bay Anchovy,,,5,,,,c,100,,29.3,,1.4,,8,,,1:30,
FIMS_38,Dry,2024,TS9,,Bay Anchovy,,,5,,,,c,100,,29.3,,1.4,,8,,,1:30,
FIMS_38,Dry,2024,TS9,,Bay Anchovy,,,5,,,,c,100,,29.3,,1.4,,8,,,1:30,
FIMS_38,Dry,2024,TS9,,Bay Anchovy,,,5,,,,c,100,,29.3,,1.4,,8,,,1:30,
FIMS_38,Dry,2024,TS9,,Bay Anchovy,,,5,,,,c,100,,29.3,,1.4,,8,,,1:30,
FIMS_38,Dry,2024,TS9,,Bay Anchovy,,,5,,,,c,100,,29.3,,1.4,,8,,,1:30,
FIMS_38,Dry,2024,TS9,,Bay Anchovy,,,5,,,,c,100,,29.3,,1.4,,8,,,1:30,
FIMS_38,Dry,2024,TS9,,Bay Anchovy,,,5,,,,c,100,,29.3,,1.4,,8,,,1:30,
FIMS_38,Dry,2024,TS9,,Bay Anchovy,,,5,,,,c,100,,29.3,,1.4,,8,,,1:30,
FIMS_38,Dry,2024,TS9,,Bay Anchovy,,,5,,,,c,100,,29.3,,1.4,,8,,,1:30,
FIMS_38,Dry,2024,TS9,,Bay Anchovy,,,5,,,,c,100,,29.3,,1.4,,8,,,1:30,
FIMS_38,Dry,2024,TS9,,Bay Anchovy,,,5,,,,c,100,,29.3,,1.4,,8,,,1:30,
FIMS_38,Dry,2024,TS9,,Bay Anchovy,,,5,,,,c,100,,29.3,,1.4,,8,,,1:30,
FIMS_38,Dry,2024,TS9,,Bay Anchovy,,,5,,,,c,100,,29.3,,1.4,,8,,,1:30,
FIMS_38,Dry,2024,TS9,,Bay Anchovy,,,5,,,,c,100,,29.3,,1.4,,8,,,1:30,
FIMS_38,Dry,2024,TS9,,Bay Anchovy,,,5,,,,c,100,,29.3,,1.4,,8,,,1:30,
FIMS_38,Dry,2024,TS9,,Bay Anchovy,,,5,,,,c,100,,29.3,,1.4,,8,,,1:30,
FIMS_38,Dry,2024,TS9,,Bay Anchovy,,,5,,,,c,100,,29.3,,1.4,,8,,,1:30,
FIMS_38,Dry,2024,TS9,,Bay Anchovy,,,5,,,,c,100,,29.3,,1.4,,8,,,1:30,
FIMS_38,Dry,2024,TS9,,Bay Anchovy,,,5,,,,c,100,,29.3,,1.4,,8,,,1:30,
FIMS_38,Dry,2024,TS9,,Bay Anchovy,,,5,,,,c,100,,29.3,,1.4,,8,,,1:30,
FIMS_38,Dry,2024,TS9,,Bay Anchovy,,,5,,,,c,100,,29.3,,1.4,,8,,,1:30,
FIMS_38,Dry,2024,TS9,,Bay Anchovy,,,5,,,,c,100,,29.3,,1.4,,8,,,1:30,
FIMS_38,Dry,2024,TS9,,Bay Anchovy,,,5,,,,c,100,,29.3,,1.4,,8,,,1:30,
FIMS_38,Dry,2024,TS9,,Bay Anchovy,,,5,,,,c,100,,29.3,,1.4,,8,,,1:30,
FIMS_38,Dry,2024,TS9,,Bay Anchovy,,,5,,,,c,100,,29.3,,1.4,,8,,,1:30,
FIMS_38,Dry,2024,TS9,,Bay Anchovy,,,5,,,,c,100,,29.3,,1.4,,8,,,1:30,
FIMS_38,Dry,2024,TS9,,Bay Anchovy,,,5,,,,c,100,,29.3,,1.4,,8,,,1:30,
FIMS_38,Dry,2024,TS9,,Bay Anchovy,,,5,,,,c,100,,29.3,,1.4,,8,,,1:30,
FIMS_38,Dry,2024,TS9,,Bay Anchovy,,,5,,,,c,100,,29.3,,1.4,,8,,,1:30,
FIMS_38,Dry,2024,TS9,,Bay Anchovy,,,5,,,,c,100,,29.3,,1.4,,8,,,1:30,
FIMS_38,Dry,2024,TS9,,Bay Anchovy,,,5,,,,c,100,,29.3,,1.4,,8,,,1:30,
FIMS_38,Dry,2024,TS9,,Bay Anchovy,,,5,,,,c,100,,29.3,,1.4,,8,,,1:30,
FIMS_38,Dry,2024,TS9,,Bay Anchovy,,,5,,,,c,100,,29.3,,1.4,,8,,,1:30,
FIMS_38,Dry,2024,TS9,,Bay Anchovy,,,5,,,,c,100,,29.3,,1.4,,8,,,1:30,
FIMS_38,Dry,2024,TS9,,Bay Anchovy,,,5,,,,c,100,,29.3,,1.4,,8,,,1:30,
FIMS_38,Dry,2024,TS9,,Bay Anchovy,,,5,,,,c,100,,29.3,,1.4,,8,,,1:30,
FIMS_38,Dry,2024,TS9,,Bay Anchovy,,,5,,,,c,100,,29.3,,1.4,,8,,,1:30,
FIMS_38,Dry,2024,TS9,,Bay Anchovy,,,5,,,,c,100,,29.3,,1.4,,8,,,1:30,
FIMS_38,Dry,2024,TS9,,Bay Anchovy,,,5,,,,c,100,,29.3,,1.4,,8,,,1:30,
FIMS_38,Dry,2024,TS9,,Bay Anchovy,,,5,,,,c,100,,29.3,,1.4,,8,,,1:30,
FIMS_38,Dry,2024,TS9,,Bay Anchovy,,,5,,,,c,100,,29.3,,1.4,,8,,,1:30,
FIMS_38,Dry,2024,TS9,,Bay Anchovy,,,5,,,,c,100,,29.3,,1.4,,8,,,1:30,
FIMS_38,Dry,2024,TS9,,Bay Anchovy,,,5,,,,c,100,,29.3,,1.4,,8,,,1:30,
FIMS_38,Dry,2024,TS9,,Bay Anchovy,,,5,,,,c,100,,29.3,,1.4,,8,,,1:30,
FIMS_38,Dry,2024,TS9,,Bay Anchovy,,,5,,,,c,100,,29.3,,1.4,,8,,,1:30,
FIMS_38,Dry,2024,TS9,,Bay Anchovy,,,5,,,,c,100,,29.3,,1.4,,8,,,1:30,
FIMS_38,Dry,2024,TS9,,Bay Anchovy,,,5,,,,c,100,,29.3,,1.4,,8,,,1:30,
FIMS_38,Dry,2024,TS9,,Bay Anchovy,,,5,,,,c,100,,29.3,,1.4,,8,,,1:30,
FIMS_38,Dry,2024,TS9,,Bay Anchovy,,,5,,,,c,100,,29.3,,1.4,,8,,,1:30,
FIMS_38,Dry,2024,TS9,,Bay Anchovy,,,5,,,,c,100,,29.3,,1.4,,8,,,1:30,
FIMS_38,Dry,2024,TS9,,Bay Anchovy,,,5,,,,c,100,,29.3,,1.4,,8,,,1:30,
FIMS_38,Dry,2024,TS9,,Bay Anchovy,,,5,,,,c,100,,29.3,,1.4,,8,,,1:30,
FIMS_38,Dry,2024,TS9,,Bay Anchovy,,,5,,,,c,100,,29.3,,1.4,,8,,,1:30,
FIMS_38,Dry,2024,TS9,,Bay Anchovy,,,5,,,,c,100,,29.3,,1.4,,8,,,1:30,
FIMS_38,Dry,2024,TS9,,Bay Anchovy,,,5,,,,c,100,,29.3,,1.4,,8,,,1:30,
FIMS_38,Dry,2024,TS9,,Bay Anchovy,,,5,,,,c,100,,29.3,,1.4,,8,,,1:30,
FIMS_38,Dry,2024,TS9,,Bay Anchovy,,,5,,,,c,100,,29.3,,1.4,,8,,,1:30,
FIMS_38,Dry,2024,TS9,,Bay Anchovy,,,5,,,,c,100,,29.3,,1.4,,8,,,1:30,
FIMS_38,Dry,2024,TS9,,Bay Anchovy,,,5,,,,c,100,,29.3,,1.4,,8,,,1:30,
FIMS_38,Dry,2024,TS9,,Bay Anchovy,,,5,,,,c,100,,29.3,,1.4,,8,,,1:30,
FIMS_38,Dry,2024,TS9,,Bay Anchovy,,,5,,,,c,100,,29.3,,1.4,,8,,,1:30,
FIMS_38,Dry,2024,TS9,,Bay Anchovy,,,5,,,,c,100,,29.3,,1.4,,8,,,1:30,
FIMS_38,Dry,2024,TS9,,Bay Anchovy,,,5,,,,c,100,,29.3,,1.4,,8,,,1:30,
FIMS_38,Dry,2024,TS9,,Bay Anchovy,,,5,,,,c,100,,29.3,,1.4,,8,,,1:30,
FIMS_38,Dry,2024,TS9,,Bay Anchovy,,,5,,,,c,100,,29.3,,1.4,,8,,,1:30,
FIMS_38,Dry,2024,TS9,,Bay Anchovy,,,5,,,,c,100,,29.3,,1.4,,8,,,1:30,
FIMS_38,Dry,2024,TS9,,Bay Anchovy,,,5,,,,c,100,,29.3,,1.4,,8,,,1:30,
FIMS_38,Dry,2024,TS9,,Bay Anchovy,,,5,,,,c,100,,29.3,,1.4,,8,,,1:30,
FIMS_38,Dry,2024,TS9,,Bay Anchovy,,,5,,,,c,100,,29.3,,1.4,,8,,,1:30,
FIMS_38,Dry,2024,TS9,,Bay Anchovy,,,5,,,,c,100,,29.3,,1.4,,8,,,1:30,
FIMS_38,Dry,2024,TS9,,Bay Anchovy,,,5,,,,c,100,,29.3,,1.4,,8,,,1:30,
FIMS_38,Dry,2024,TS9,,Bay Anchovy,,,5,,,,c,100,,29.3,,1.4,,8,,,1:30,
FIMS_38,Dry,2024,TS9,,Bay Anchovy,,,5,,,,c,100,,29.3,,1.4,,8,,,1:30,
FIMS_38,Dry,2024,TS9,,Bay Anchovy,,,5,,,,c,100,,29.3,,1.4,,8,,,1:30,
FIMS_38,Dry,2024,TS9,,Bay Anchovy,,,5,,,,c,100,,29.3,,1.4,,8,,,1:30,
FIMS_38,Dry,2024,TS9,,Bay Anchovy,,,5,,,,c,100,,29.3,,1.4,,8,,,1:30,
FIMS_38,Dry,2024,TS9,,Bay Anchovy,,,5,,,,c,100,,29.3,,1.4,,8,,,1:30,
FIMS_38,Dry,2024,TS9,,Bay Anchovy,,,5,,,,c,100,,29.3,,1.4,,8,,,1:30,
FIMS_38,Dry,2024,TS9,,Bay Anchovy,,,5,,,,c,100,,29.3,,1.4,,8,,,1:30,
FIMS_38,Dry,2024,TS9,,Bay Anchovy,,,5,,,,c,100,,29.3,,1.4,,8,,,1:30,
FIMS_38,Dry,2024,TS9,,Bay Anchovy,,,5,,,,c,100,,29.3,,1.4,,8,,,1:30,
FIMS_38,Dry,2024,TS9,,Bay Anchovy,,,5,,,,c,100,,29.3,,1.4,,8,,,1:30,
FIMS_38,Dry,2024,TS9,,Bay Anchovy,,,5,,,,c,100,,29.3,,1.4,,8,,,1:30,
FIMS_38,Dry,2024,TS9,,Bay Anchovy,,,5,,,,c,100,,29.3,,1.4,,8,,,1:30,
FIMS_38,Dry,2024,TS9,,Bay Anchovy,,,5,,,,c,100,,29.3,,1.4,,8,,,1:30,
FIMS_38,Dry,2024,TS9,,Bay Anchovy,,,5,,,,c,100,,29.3,,1.4,,8,,,1:30,
FIMS_38,Dry,2024,TS9,,Bay Anchovy,,,5,,,,c,100,,29.3,,1.4,,8,,,1:30,
FIMS_38,Dry,2024,TS9,,Bay Anchovy,,,5,,,,c,100,,29.3,,1.4,,8,,,1:30,
FIMS_38,Dry,2024,TS9,,Bay Anchovy,,,5,,,,c,100,,29.3,,1.4,,8,,,1:30,
FIMS_38,Dry,2024,TS9,,Bay Anchovy,,,5,,,,c,100,,29.3,,1.4,,8,,,1:30,
FIMS_38,Dry,2024,TS9,,Bay Anchovy,,,5,,,,c,100,,29.3,,1.4,,8,,,1:30,
FIMS_38,Dry,2024,TS9,,Bay Anchovy,,,5,,,,c,100,,29.3,,1.4,,8,,,1:30,
FIMS_38,Dry,2024,TS9,,Bay Anchovy,,,5,,,,c,100,,29.3,,1.4,,8,,,1:30,
FIMS_38,Dry,2024,TS9,,Bay Anchovy,,,5,,,,c,100,,29.3,,1.4,,8,,,1:30,
FIMS_38,Dry,2024,TS9,,Bay Anchovy,,,5,,,,c,100,,29.3,,1.4,,8,,,1:30,
FIMS_38,Dry,2024,TS9,,Bay Anchovy,,,5,,,,c,100,,29.3,,1.4,,8,,,1:30,
FIMS_38,Dry,2024,TS9,,Bay Anchovy,,,5,,,,c,100,,29.3,,1.4,,8,,,1:30,
FIMS_38,Dry,2024,TS9,,Bay Anchovy,,,5,,,,c,100,,29.3,,1.4,,8,,,1:30,
FIMS_38,Dry,2024,TS9,,Bay Anchovy,,,5,,,,c,100,,29.3,,1.4,,8,,,1:30,
FIMS_38,Dry,2024,TS9,,Bay Anchovy,,,5,,,,c,100,,29.3,,1.4,,8,,,1:30,
FIMS_38,Dry,2024,TS9,,Bay Anchovy,,,5,,,,c,100,,29.3,,1.4,,8,,,1:30,
FIMS_38,Dry,2024,TS9,,Bay Anchovy,,,5,,,,c,100,,29.3,,1.4,,8,,,1:30,
FIMS_38,Dry,2024,TS9,,Bay Anchovy,,,5,,,,c,100,,29.3,,1.4,,8,,,1:30,
FIMS_38,Dry,2024,TS9,,Bay Anchovy,,,5,,,,c,100,,29.3,,1.4,,8,,,1:30,
FIMS_38,Dry,2024,TS9,,Bay Anchovy,,,5,,,,c,100,,29.3,,1.4,,8,,,1:30,
FIMS_38,Dry,2024,TS9,,Bay Anchovy,,,5,,,,c,100,,29.3,,1.4,,8,,,1:30,
FIMS_38,Dry,2024,TS9,,Bay Anchovy,,,5,,,,c,100,,29.3,,1.4,,8,,,1:30,
FIMS_38,Dry,2024,TS9,,Bay Anchovy,,,5,,,,c,100,,29.3,,1.4,,8,,,1:30,
FIMS_38,Dry,2024,TS9,,Bay Anchovy,,,5,,,,c,100,,29.3,,1.4,,8,,,1:30,
FIMS_38,Dry,2024,TS9,,Bay Anchovy,,,5,,,,c,100,,29.3,,1.4,,8,,,1:30,
FIMS_38,Dry,2024,TS9,,Bay Anchovy,,,5,,,,c,100,,29.3,,1.4,,8,,,1:30,
FIMS_38,Dry,2024,TS9,,Bay Anchovy,,,5,,,,c,100,,29.3,,1.4,,8,,,1:30,
FIMS_38,Dry,2024,TS9,,Bay Anchovy,,,5,,,,c,100,,29.3,,1.4,,8,,,1:30,
FIMS_38,Dry,2024,TS9,,Bay Anchovy,,,5,,,,c,100,,29.3,,1.4,,8,,,1:30,
FIMS_38,Dry,2024,TS9,,Bay Anchovy,,,5,,,,c,100,,29.3,,1.4,,8,,,1:30,
FIMS_38,Dry,2024,TS9,,Bay Anchovy,,,5,,,,c,100,,29.3,,1.4,,8,,,1:30,
FIMS_38,Dry,2024,TS9,,Bay Anchovy,,,5,,,,c,100,,29.3,,1.4,,8,,,1:30,
FIMS_38,Dry,2024,TS9,,Bay Anchovy,,,5,,,,c,100,,29.3,,1.4,,8,,,1:30,
FIMS_38,Dry,2024,TS9,,Bay Anchovy,,,5,,,,c,100,,29.3,,1.4,,8,,,1:30,
FIMS_38,Dry,2024,TS9,,Bay Anchovy,,,5,,,,c,100,,29.3,,1.4,,8,,,1:30,
FIMS_38,Dry,2024,TS9,,Bay Anchovy,,,5,,,,c,100,,29.3,,1.4,,8,,,1:30,
FIMS_38,Dry,2024,TS9,,Bay Anchovy,,,5,,,,c,100,,29.3,,1.4,,8,,,1:30,
FIMS_38,Dry,2024,TS9,,Bay Anchovy,,,5,,,,c,100,,29.3,,1.4,,8,,,1:30,
FIMS_38,Dry,2024,TS9,,Bay Anchovy,,,5,,,,c,100,,29.3,,1.4,,8,,,1:30,
FIMS_38,Dry,2024,TS9,,Bay Anchovy,,,5,,,,c,100,,29.3,,1.4,,8,,,1:30,
FIMS_38,Dry,2024,TS9,,Bay Anchovy,,,5,,,,c,100,,29.3,,1.4,,8,,,1:30,
FIMS_38,Dry,2024,TS9,,Bay Anchovy,,,5,,,,c,100,,29.3,,1.4,,8,,,1:30,
FIMS_38,Dry,2024,TS9,,Bay Anchovy,,,5,,,,c,100,,29.3,,1.4,,8,,,1:30,
FIMS_38,Dry,2024,TS9,,Bay Anchovy,,,5,,,,c,100,,29.3,,1.4,,8,,,1:30,
FIMS_38,Dry,2024,TS9,,Bay Anchovy,,,5,,,,c,100,,29.3,,1.4,,8,,,1:30,
FIMS_38,Dry,2024,TS9,,Bay Anchovy,,,5,,,,c,100,,29.3,,1.4,,8,,,1:30,
FIMS_38,Dry,2024,TS9,,Bay Anchovy,,,5,,,,c,100,,29.3,,1.4,,8,,,1:30,
FIMS_38,Dry,2024,TS9,,Bay Anchovy,,,5,,,,c,100,,29.3,,1.4,,8,,,1:30,
FIMS_38,Dry,2024,TS9,,Bay Anchovy,,,5,,,,c,100,,29.3,,1.4,,8,,,1:30,
FIMS_38,Dry,2024,TS9,,Bay Anchovy,,,5,,,,c,100,,29.3,,1.4,,8,,,1:30,
FIMS_38,Dry,2024,TS9,,Bay Anchovy,,,5,,,,c,100,,29.3,,1.4,,8,,,1:30,
FIMS_38,Dry,2024,TS9,,Bay Anchovy,,,5,,,,c,100,,29.3,,1.4,,8,,,1:30,
FIMS_38,Dry,2024,TS9,,Bay Anchovy,,,5,,,,c,100,,29.3,,1.4,,8,,,1:30,
FIMS_38,Dry,2024,TS9,,Bay Anchovy,,,5,,,,c,100,,29.3,,1.4,,8,,,1:30,
FIMS_38,Dry,2024,TS9,,Bay Anchovy,,,5,,,,c,100,,29.3,,1.4,,8,,,1:30,
FIMS_38,Dry,2024,TS9,,Bay Anchovy,,,5,,,,c,100,,29.3,,1.4,,8,,,1:30,
FIMS_38,Dry,2024,TS9,,Bay Anchovy,,,5,,,,c,100,,29.3,,1.4,,8,,,1:30,
FIMS_38,Dry,2024,TS9,,Bay Anchovy,,,5,,,,c,100,,29.3,,1.4,,8,,,1:30,
FIMS_38,Dry,2024,TS9,,Bay Anchovy,,,5,,,,c,100,,29.3,,1.4,,8,,,1:30,
FIMS_38,Dry,2024,TS9,,Bay Anchovy,,,5,,,,c,100,,29.3,,1.4,,8,,,1:30,
FIMS_38,Dry,2024,TS9,,Bay Anchovy,,,5,,,,c,100,,29.3,,1.4,,8,,,1:30,
FIMS_38,Dry,2024,TS9,,Bay Anchovy,,,5,,,,c,100,,29.3,,1.4,,8,,,1:30,
FIMS_38,Dry,2024,TS9,,Bay Anchovy,,,5,,,,c,100,,29.3,,1.4,,8,,,1:30,
FIMS_38,Dry,2024,TS9,,Bay Anchovy,,,5,,,,c,100,,29.3,,1.4,,8,,,1:30,
FIMS_38,Dry,2024,TS9,,Bay Anchovy,,,5,,,,c,100,,29.3,,1.4,,8,,,1:30,
FIMS_38,Dry,2024,TS9,,Bay Anchovy,,,5,,,,c,100,,29.3,,1.4,,8,,,1:30,
FIMS_38,Dry,2024,TS9,,Bay Anchovy,,,5,,,,c,100,,29.3,,1.4,,8,,,1:30,
FIMS_38,Dry,2024,TS9,,Bay Anchovy,,,5,,,,c,100,,29.3,,1.4,,8,,,1:30,
FIMS_38,Dry,2024,TS9,,Bay Anchovy,,,5,,,,c,100,,29.3,,1.4,,8,,,1:30,
FIMS_38,Dry,2024,TS9,,Bay Anchovy,,,5,,,,c,100,,29.3,,1.4,,8,,,1:30,
FIMS_38,Dry,2024,TS9,,Bay Anchovy,,,5,,,,c,100,,29.3,,1.4,,8,,,1:30,
FIMS_38,Dry,2024,TS9,,Bay Anchovy,,,5,,,,c,100,,29.3,,1.4,,8,,,1:30,
FIMS_38,Dry,2024,TS9,,Bay Anchovy,,,5,,,,c,100,,29.3,,1.4,,8,,,1:30,
FIMS_38,Dry,2024,TS9,,Bay Anchovy,,,5,,,,c,100,,29.3,,1.4,,8,,,1:30,
FIMS_38,Dry,2024,TS9,,Bay Anchovy,,,5,,,,c,100,,29.3,,1.4,,8,,,1:30,
FIMS_38,Dry,2024,TS9,,Bay Anchovy,,,5,,,,c,100,,29.3,,1.4,,8,,,1:30,
FIMS_38,Dry,2024,TS9,,Bay Anchovy,,,5,,,,c,100,,29.3,,1.4,,8,,,1:30,
FIMS_38,Dry,2024,TS9,,Bay Anchovy,,,5,,,,c,100,,29.3,,1.4,,8,,,1:30,
FIMS_38,Dry,2024,TS9,,Bay Anchovy,,,5,,,,c,100,,29.3,,1.4,,8,,,1:30,
FIMS_38,Dry,2024,TS9,,Bay Anchovy,,,5,,,,c,100,,29.3,,1.4,,8,,,1:30,
FIMS_38,Dry,2024,TS9,,Bay Anchovy,,,5,,,,c,100,,29.3,,1.4,,8,,,1:30,
FIMS_38,Dry,2024,TS9,,Bay Anchovy,,,5,,,,c,100,,29.3,,1.4,,8,,,1:30,
FIMS_38,Dry,2024,TS9,,Bay Anchovy,,,5,,,,c,100,,29.3,,1.4,,8,,,1:30,
FIMS_38,Dry,2024,TS9,,Bay Anchovy,,,5,,,,c,100,,29.3,,1.4,,8,,,1:30,
FIMS_38,Dry,2024,TS9,,Bay Anchovy,,,5,,,,c,100,,29.3,,1.4,,8,,,1:30,
FIMS_38,Dry,2024,TS9,,Bay Anchovy,,,5,,,,c,100,,29.3,,1.4,,8,,,1:30,
FIMS_38,Dry,2024,TS9,,Bay Anchovy,,,5,,,,c,100,,29.3,,1.4,,8,,,1:30,
FIMS_38,Dry,2024,TS9,,Bay Anchovy,,,5,,,,c,100,,29.3,,1.4,,8,,,1:30,
FIMS_38,Dry,2024,TS9,,Bay Anchovy,,,5,,,,c,100,,29.3,,1.4,,8,,,1:30,
FIMS_38,Dry,2024,TS9,,Bay Anchovy,,,5,,,,c,100,,29.3,,1.4,,8,,,1:30,
FIMS_38,Dry,2024,TS9,,Bay Anchovy,,,5,,,,c,100,,29.3,,1.4,,8,,,1:30,
FIMS_38,Dry,2024,TS9,,Bay Anchovy,,,5,,,,c,100,,29.3,,1.4,,8,,,1:30,
FIMS_38,Dry,2024,TS9,,Bay Anchovy,,,5,,,,c,100,,29.3,,1.4,,8,,,1:30,
FIMS_38,Dry,2024,TS9,,Bay Anchovy,,,5,,,,c,100,,29.3,,1.4,,8,,,1:30,
FIMS_38,Dry,2024,TS9,,Bay Anchovy,,,5,,,,c,100,,29.3,,1.4,,8,,,1:30,
FIMS_38,Dry,2024,TS9,,Bay Anchovy,,,5,,,,c,100,,29.3,,1.4,,8,,,1:30,
FIMS_38,Dry,2024,TS9,,Bay Anchovy,,,5,,,,c,100,,29.3,,1.4,,8,,,1:30,
FIMS_38,Dry,2024,TS9,,Bay Anchovy,,,5,,,,c,100,,29.3,,1.4,,8,,,1:30,
FIMS_38,Dry,2024,TS9,,Bay Anchovy,,,5,,,,c,100,,29.3,,1.4,,8,,,1:30,
FIMS_38,Dry,2024,TS9,,Bay Anchovy,,,5,,,,c,100,,29.3,,1.4,,8,,,1:30,
FIMS_38,Dry,2024,TS9,,Bay Anchovy,,,5,,,,c,100,,29.3,,1.4,,8,,,1:30,
FIMS_38,Dry,2024,TS9,,Bay Anchovy,,,5,,,,c,100,,29.3,,1.4,,8,,,1:30,
FIMS_38,Dry,2024,TS9,,Bay Anchovy,,,5,,,,c,100,,29.3,,1.4,,8,,,1:30,
FIMS_38,Dry,2024,TS9,,Bay Anchovy,,,5,,,,c,100,,29.3,,1.4,,8,,,1:30,
FIMS_38,Dry,2024,TS9,,Bay Anchovy,,,5,,,,c,100,,29.3,,1.4,,8,,,1:30,
FIMS_38,Dry,2024,TS9,,Bay Anchovy,,,5,,,,c,100,,29.3,,1.4,,8,,,1:30,
FIMS_38,Dry,2024,TS9,,Bay Anchovy,,,5,,,,c,100,,29.3,,1.4,,8,,,1:30,
FIMS_38,Dry,2024,TS9,,Bay Anchovy,,,5,,,,c,100,,29.3,,1.4,,8,,,1:30,
FIMS_38,Dry,2024,TS9,,Bay Anchovy,,,5,,,,c,100,,29.3,,1.4,,8,,,1:30,
FIMS_38,Dry,2024,TS9,,Bay Anchovy,,,5,,,,c,100,,29.3,,1.4,,8,,,1:30,
FIMS_38,Dry,2024,TS9,,Bay Anchovy,,,5,,,,c,100,,29.3,,1.4,,8,,,1:30,
FIMS_38,Dry,2024,TS9,,Bay Anchovy,,,5,,,,c,100,,29.3,,1.4,,8,,,1:30,
FIMS_38,Dry,2024,TS9,,Bay Anchovy,,,5,,,,c,100,,29.3,,1.4,,8,,,1:30,
FIMS_38,Dry,2024,TS9,,Bay Anchovy,,,5,,,,c,100,,29.3,,1.4,,8,,,1:30,
FIMS_38,Dry,2024,TS9,,Bay Anchovy,,,5,,,,c,100,,29.3,,1.4,,8,,,1:30,
FIMS_38,Dry,2024,TS9,,Bay Anchovy,,,5,,,,c,100,,29.3,,1.4,,8,,,1:30,
FIMS_38,Dry,2024,TS9,,Bay Anchovy,,,5,,,,c,100,,29.3,,1.4,,8,,,1:30,
FIMS_38,Dry,2024,TS9,,Bay Anchovy,,,5,,,,c,100,,29.3,,1.4,,8,,,1:30,
FIMS_38,Dry,2024,TS9,,Bay Anchovy,,,5,,,,c,100,,29.3,,1.4,,8,,,1:30,
FIMS_38,Dry,2024,TS9,,Bay Anchovy,,,5,,,,c,100,,29.3,,1.4,,8,,,1:30,
FIMS_38,Dry,2024,TS9,,Bay Anchovy,,,5,,,,c,100,,29.3,,1.4,,8,,,1:30,
FIMS_38,Dry,2024,TS9,,Bay Anchovy,,,5,,,,c,100,,29.3,,1.4,,8,,,1:30,
FIMS_38,Dry,2024,TS9,,Bay Anchovy,,,5,,,,c,100,,29.3,,1.4,,8,,,1:30,
FIMS_38,Dry,2024,TS9,,Bay Anchovy,,,5,,,,c,100,,29.3,,1.4,,8,,,1:30,
FIMS_38,Dry,2024,TS9,,Bay Anchovy,,,5,,,,c,100,,29.3,,1.4,,8,,,1:30,
FIMS_38,Dry,2024,TS9,,Bay Anchovy,,,5,,,,c,100,,29.3,,1.4,,8,,,1:30,
FIMS_38,Dry,2024,TS9,,Bay Anchovy,,,5,,,,c,100,,29.3,,1.4,,8,,,1:30,
FIMS_38,Dry,2024,TS9,,Bay Anchovy,,,5,,,,c,100,,29.3,,1.4,,8,,,1:30,
FIMS_38,Dry,2024,TS9,,Bay Anchovy,,,5,,,,c,100,,29.3,,1.4,,8,,,1:30,
FIMS_38,Dry,2024,TS9,,Bay Anchovy,,,5,,,,c,100,,29.3,,1.4,,8,,,1:30,
FIMS_38,Dry,2024,TS9,,Bay Anchovy,,,5,,,,c,100,,29.3,,1.4,,8,,,1:30,
FIMS_38,Dry,2024,TS9,,Bay Anchovy,,,5,,,,c,100,,29.3,,1.4,,8,,,1:30,
FIMS_38,Dry,2024,TS9,,Bay Anchovy,,,5,,,,c,100,,29.3,,1.4,,8,,,1:30,
FIMS_38,Dry,2024,TS9,,Bay Anchovy,,,5,,,,c,100,,29.3,,1.4,,8,,,1:30,
FIMS_38,Dry,2024,TS9,,Bay Anchovy,,,5,,,,c,100,,29.3,,1.4,,8,,,1:30,
FIMS_38,Dry,2024,TS9,,Bay Anchovy,,,5,,,,c,100,,29.3,,1.4,,8,,,1:30,
FIMS_38,Dry,2024,TS9,,Bay Anchovy,,,5,,,,c,100,,29.3,,1.4,,8,,,1:30,
FIMS_38,Dry,2024,TS9,,Bay Anchovy,,,5,,,,c,100,,29.3,,1.4,,8,,,1:30,
FIMS_38,Dry,2024,TS9,,Bay Anchovy,,,5,,,,c,100,,29.3,,1.4,,8,,,1:30,
FIMS_38,Dry,2024,TS9,,Bay Anchovy,,,5,,,,c,100,,29.3,,1.4,,8,,,1:30,
FIMS_38,Dry,2024,TS9,,Bay Anchovy,,,5,,,,c,100,,29.3,,1.4,,8,,,1:30,
FIMS_38,Dry,2024,TS9,,Bay Anchovy,,,5,,,,c,100,,29.3,,1.4,,8,,,1:30,
FIMS_38,Dry,2024,TS9,,Bay Anchovy,,,5,,,,c,100,,29.3,,1.4,,8,,,1:30,
FIMS_38,Dry,2024,TS9,,Bay Anchovy,,,5,,,,c,100,,29.3,,1.4,,8,,,1:30,
FIMS_38,Dry,2024,TS9,,Bay Anchovy,,,5,,,,c,100,,29.3,,1.4,,8,,,1:30,
FIMS_38,Dry,2024,TS9,,Bay Anchovy,,,5,,,,c,100,,29.3,,1.4,,8,,,1:30,
FIMS_38,Dry,2024,TS9,,Bay Anchovy,,,5,,,,c,100,,29.3,,1.4,,8,,,1:30,
FIMS_38,Dry,2024,TS9,,Bay Anchovy,,,5,,,,c,100,,29.3,,1.4,,8,,,1:30,
FIMS_38,Dry,2024,TS9,,Bay Anchovy,,,5,,,,c,100,,29.3,,1.4,,8,,,1:30,
FIMS_38,Dry,2024,TS9,,Bay Anchovy,,,5,,,,c,100,,29.3,,1.4,,8,,,1:30,
FIMS_38,Dry,2024,TS9,,Bay Anchovy,,,5,,,,c,100,,29.3,,1.4,,8,,,1:30,
FIMS_38,Dry,2024,TS9,,Bay Anchovy,,,5,,,,c,100,,29.3,,1.4,,8,,,1:30,
FIMS_38,Dry,2024,TS9,,Bay Anchovy,,,5,,,,c,100,,29.3,,1.4,,8,,,1:30,
FIMS_38,Dry,2024,TS9,,Bay Anchovy,,,5,,,,c,100,,29.3,,1.4,,8,,,1:30,
FIMS_38,Dry,2024,TS9,,Bay Anchovy,,,5,,,,c,100,,29.3,,1.4,,8,,,1:30,
FIMS_38,Dry,2024,TS9,,Bay Anchovy,,,5,,,,c,100,,29.3,,1.4,,8,,,1:30,
FIMS_38,Dry,2024,TS9,,Bay Anchovy,,,5,,,,c,100,,29.3,,1.4,,8,,,1:30,
FIMS_38,Dry,2024,TS9,,Bay Anchovy,,,5,,,,c,100,,29.3,,1.4,,8,,,1:30,
FIMS_38,Dry,2024,TS9,,Bay Anchovy,,,5,,,,c,100,,29.3,,1.4,,8,,,1:30,
FIMS_38,Dry,2024,TS9,,Bay Anchovy,,,5,,,,c,100,,29.3,,1.4,,8,,,1:30,
FIMS_38,Dry,2024,TS9,,Bay Anchovy,,,5,,,,c,100,,29.3,,1.4,,8,,,1:30,
FIMS_38,Dry,2024,TS9,,Bay Anchovy,,,5,,,,c,100,,29.3,,1.4,,8,,,1:30,
FIMS_38,Dry,2024,TS9,,Bay Anchovy,,,5,,,,c,100,,29.3,,1.4,,8,,,1:30,
FIMS_38,Dry,2024,TS9,,Bay Anchovy,,,5,,,,c,100,,29.3,,1.4,,8,,,1:30,
FIMS_38,Dry,2024,TS9,,Bay Anchovy,,,5,,,,c,100,,29.3,,1.4,,8,,,1:30,
FIMS_38,Dry,2024,TS9,,Bay Anchovy,,,5,,,,c,100,,29.3,,1.4,,8,,,1:30,
FIMS_38,Dry,2024,TS9,,Bay Anchovy,,,5,,,,c,100,,29.3,,1.4,,8,,,1:30,
FIMS_38,Dry,2024,TS9,,Bay Anchovy,,,5,,,,c,100,,29.3,,1.4,,8,,,1:30,
FIMS_38,Dry,2024,TS9,,Bay Anchovy,,,5,,,,c,100,,29.3,,1.4,,8,,,1:30,
FIMS_38,Dry,2024,TS9,,Bay Anchovy,,,5,,,,c,100,,29.3,,1.4,,8,,,1:30,
FIMS_38,Dry,2024,TS9,,Bay Anchovy,,,5,,,,c,100,,29.3,,1.4,,8,,,1:30,
FIMS_38,Dry,2024,TS9,,Bay Anchovy,,,5,,,,c,100,,29.3,,1.4,,8,,,1:30,
FIMS_38,Dry,2024,TS9,,Bay Anchovy,,,5,,,,c,100,,29.3,,1.4,,8,,,1:30,
FIMS_38,Dry,2024,TS9,,Bay Anchovy,,,5,,,,c,100,,29.3,,1.4,,8,,,1:30,
FIMS_38,Dry,2024,TS9,,Bay Anchovy,,,5,,,,c,100,,29.3,,1.4,,8,,,1:30,
FIMS_38,Dry,2024,TS9,,Bay Anchovy,,,5,,,,c,100,,29.3,,1.4,,8,,,1:30,
FIMS_38,Dry,2024,TS9,,Bay Anchovy,,,5,,,,c,100,,29.3,,1.4,,8,,,1:30,
FIMS_38,Dry,2024,TS9,,Bay Anchovy,,,5,,,,c,100,,29.3,,1.4,,8,,,1:30,
FIMS_38,Dry,2024,TS9,,Bay Anchovy,,,5,,,,c,100,,29.3,,1.4,,8,,,1:30,
FIMS_38,Dry,2024,TS9,,Bay Anchovy,,,5,,,,c,100,,29.3,,1.4,,8,,,1:30,
FIMS_38,Dry,2024,TS9,,Bay Anchovy,,,5,,,,c,100,,29.3,,1.4,,8,,,1:30,
FIMS_38,Dry,2024,TS9,,Bay Anchovy,,,5,,,,c,100,,29.3,,1.4,,8,,,1:30,
FIMS_38,Dry,2024,TS9,,Bay Anchovy,,,5,,,,c,100,,29.3,,1.4,,8,,,1:30,
FIMS_38,Dry,2024,TS9,,Bay Anchovy,,,5,,,,c,100,,29.3,,1.4,,8,,,1:30,
FIMS_38,Dry,2024,TS9,,Bay Anchovy,,,5,,,,c,100,,29.3,,1.4,,8,,,1:30,
FIMS_38,Dry,2024,TS9,,Bay Anchovy,,,5,,,,c,100,,29.3,,1.4,,8,,,1:30,
FIMS_38,Dry,2024,TS9,,Bay Anchovy,,,5,,,,c,100,,29.3,,1.4,,8,,,1:30,
FIMS_38,Dry,2024,TS9,,Bay Anchovy,,,5,,,,c,100,,29.3,,1.4,,8,,,1:30,
FIMS_38,Dry,2024,TS9,,Bay Anchovy,,,5,,,,c,100,,29.3,,1.4,,8,,,1:30,
FIMS_38,Dry,2024,TS9,,Bay Anchovy,,,5,,,,c,100,,29.3,,1.4,,8,,,1:30,
FIMS_38,Dry,2024,TS9,,Bay Anchovy,,,5,,,,c,100,,29.3,,1.4,,8,,,1:30,
FIMS_38,Dry,2024,TS9,,Bay Anchovy,,,5,,,,c,100,,29.3,,1.4,,8,,,1:30,
FIMS_38,Dry,2024,TS9,,Bay Anchovy,,,5,,,,c,100,,29.3,,1.4,,8,,,1:30,
FIMS_38,Dry,2024,TS9,,Bay Anchovy,,,5,,,,c,100,,29.3,,1.4,,8,,,1:30,
FIMS_38,Dry,2024,TS9,,Bay Anchovy,,,5,,,,c,100,,29.3,,1.4,,8,,,1:30,
FIMS_38,Dry,2024,TS9,,Bay Anchovy,,,5,,,,c,100,,29.3,,1.4,,8,,,1:30,
FIMS_38,Dry,2024,TS9,,Bay Anchovy,,,5,,,,c,100,,29.3,,1.4,,8,,,1:30,
FIMS_38,Dry,2024,TS9,,Bay Anchovy,,,5,,,,c,100,,29.3,,1.4,,8,,,1:30,
FIMS_38,Dry,2024,TS9,,Bay Anchovy,,,5,,,,c,100,,29.3,,1.4,,8,,,1:30,
FIMS_38,Dry,2024,TS9,,Bay Anchovy,,,5,,,,c,100,,29.3,,1.4,,8,,,1:30,
FIMS_38,Dry,2024,TS9,,Bay Anchovy,,,5,,,,c,100,,29.3,,1.4,,8,,,1:30,
FIMS_38,Dry,2024,TS9,,Bay Anchovy,,,5,,,,c,100,,29.3,,1.4,,8,,,1:30,
FIMS_38,Dry,2024,TS9,,Bay Anchovy,,,5,,,,c,100,,29.3,,1.4,,8,,,1:30,
FIMS_38,Dry,2024,TS9,,Bay Anchovy,,,5,,,,c,100,,29.3,,1.4,,8,,,1:30,
FIMS_38,Dry,2024,TS9,,Bay Anchovy,,,5,,,,c,100,,29.3,,1.4,,8,,,1:30,
FIMS_38,Dry,2024,TS9,,Bay Anchovy,,,5,,,,c,100,,29.3,,1.4,,8,,,1:30,
FIMS_38,Dry,2024,TS9,,Bay Anchovy,,,5,,,,c,100,,29.3,,1.4,,8,,,1:30,
FIMS_38,Dry,2024,TS9,,Bay Anchovy,,,5,,,,c,100,,29.3,,1.4,,8,,,1:30,
FIMS_38,Dry,2024,TS9,,Bay Anchovy,,,5,,,,c,100,,29.3,,1.4,,8,,,1:30,
FIMS_38,Dry,2024,TS9,,Bay Anchovy,,,5,,,,c,100,,29.3,,1.4,,8,,,1:30,
FIMS_38,Dry,2024,TS9,,Bay Anchovy,,,5,,,,c,100,,29.3,,1.4,,8,,,1:30,
FIMS_38,Dry,2024,TS9,,Bay Anchovy,,,5,,,,c,100,,29.3,,1.4,,8,,,1:30,
FIMS_38,Dry,2024,TS9,,Bay Anchovy,,,5,,,,c,100,,29.3,,1.4,,8,,,1:30,
FIMS_38,Dry,2024,TS9,,Bay Anchovy,,,5,,,,c,100,,29.3,,1.4,,8,,,1:30,
FIMS_38,Dry,2024,TS9,,Bay Anchovy,,,5,,,,c,100,,29.3,,1.4,,8,,,1:30,
FIMS_38,Dry,2024,TS9,,Bay Anchovy,,,5,,,,c,100,,29.3,,1.4,,8,,,1:30,
FIMS_38,Dry,2024,TS9,,Bay Anchovy,,,5,,,,c,100,,29.3,,1.4,,8,,,1:30,
FIMS_38,Dry,2024,TS9,,Bay Anchovy,,,5,,,,c,100,,29.3,,1.4,,8,,,1:30,
FIMS_38,Dry,2024,TS9,,Bay Anchovy,,,5,,,,c,100,,29.3,,1.4,,8,,,1:30,
FIMS_38,Dry,2024,TS9,,Bay Anchovy,,,5,,,,c,100,,29.3,,1.4,,8,,,1:30,
FIMS_38,Dry,2024,TS9,,Bay Anchovy,,,5,,,,c,100,,29.3,,1.4,,8,,,1:30,
FIMS_38,Dry,2024,TS9,,Bay Anchovy,,,5,,,,c,100,,29.3,,1.4,,8,,,1:30,
FIMS_38,Dry,2024,TS9,,Bay Anchovy,,,5,,,,c,100,,29.3,,1.4,,8,,,1:30,
FIMS_38,Dry,2024,TS9,,Bay Anchovy,,,5,,,,c,100,,29.3,,1.4,,8,,,1:30,
FIMS_38,Dry,2024,TS9,,Bay Anchovy,,,5,,,,c,100,,29.3,,1.4,,8,,,1:30,
FIMS_38,Dry,2024,TS9,,Bay Anchovy,,,5,,,,c,100,,29.3,,1.4,,8,,,1:30,
FIMS_38,Dry,2024,TS9,,Bay Anchovy,,,5,,,,c,100,,29.3,,1.4,,8,,,1:30,
FIMS_38,Dry,2024,TS9,,Bay Anchovy,,,5,,,,c,100,,29.3,,1.4,,8,,,1:30,
FIMS_38,Dry,2024,TS9,,Bay Anchovy,,,5,,,,c,100,,29.3,,1.4,,8,,,1:30,
FIMS_38,Dry,2024,TS9,,Bay Anchovy,,,5,,,,c,100,,29.3,,1.4,,8,,,1:30,
FIMS_38,Dry,2024,TS9,,Bay Anchovy,,,5,,,,c,100,,29.3,,1.4,,8,,,1:30,
FIMS_38,Dry,2024,TS9,,Bay Anchovy,,,5,,,,c,100,,29.3,,1.4,,8,,,1:30,
FIMS_38,Dry,2024,TS9,,Bay Anchovy,,,5,,,,c,100,,29.3,,1.4,,8,,,1:30,
FIMS_38,Dry,2024,TS9,,Bay Anchovy,,,5,,,,c,100,,29.3,,1.4,,8,,,1:30,
FIMS_38,Dry,2024,TS9,,Bay Anchovy,,,5,,,,c,100,,29.3,,1.4,,8,,,1:30,
FIMS_38,Dry,2024,TS9,,Bay Anchovy,,,5,,,,c,100,,29.3,,1.4,,8,,,1:30,
FIMS_38,Dry,2024,TS9,,Bay Anchovy,,,5,,,,c,100,,29.3,,1.4,,8,,,1:30,
FIMS_38,Dry,2024,TS9,,Bay Anchovy,,,5,,,,c,100,,29.3,,1.4,,8,,,1:30,
FIMS_38,Dry,2024,TS9,,Bay Anchovy,,,5,,,,c,100,,29.3,,1.4,,8,,,1:30,
FIMS_38,Dry,2024,TS9,,Bay Anchovy,,,5,,,,c,100,,29.3,,1.4,,8,,,1:30,
FIMS_38,Dry,2024,TS9,,Bay Anchovy,,,5,,,,c,100,,29.3,,1.4,,8,,,1:30,
FIMS_38,Dry,2024,TS9,,Bay Anchovy,,,5,,,,c,100,,29.3,,1.4,,8,,,1:30,
FIMS_38,Dry,2024,TS9,,Bay Anchovy,,,5,,,,c,100,,29.3,,1.4,,8,,,1:30,
FIMS_38,Dry,2024,TS9,,Bay Anchovy,,,5,,,,c,100,,29.3,,1.4,,8,,,1:30,
FIMS_38,Dry,2024,TS9,,Bay Anchovy,,,5,,,,c,100,,29.3,,1.4,,8,,,1:30,
FIMS_38,Dry,2024,TS9,,Bay Anchovy,,,5,,,,c,100,,29.3,,1.4,,8,,,1:30,
FIMS_38,Dry,2024,TS9,,Bay Anchovy,,,5,,,,c,100,,29.3,,1.4,,8,,,1:30,
FIMS_38,Dry,2024,TS9,,Bay Anchovy,,,5,,,,c,100,,29.3,,1.4,,8,,,1:30,
FIMS_38,Dry,2024,TS9,,Bay Anchovy,,,5,,,,c,100,,29.3,,1.4,,8,,,1:30,
FIMS_38,Dry,2024,TS9,,Bay Anchovy,,,5,,,,c,100,,29.3,,1.4,,8,,,1:30,
FIMS_38,Dry,2024,TS9,,Bay Anchovy,,,5,,,,c,100,,29.3,,1.4,,8,,,1:30,
FIMS_38,Dry,2024,TS9,,Bay Anchovy,,,5,,,,c,100,,29.3,,1.4,,8,,,1:30,
FIMS_38,Dry,2024,TS9,,Bay Anchovy,,,5,,,,c,100,,29.3,,1.4,,8,,,1:30,
FIMS_38,Dry,2024,TS9,,Bay Anchovy,,,5,,,,c,100,,29.3,,1.4,,8,,,1:30,
FIMS_38,Dry,2024,TS9,,Bay Anchovy,,,5,,,,c,100,,29.3,,1.4,,8,,,1:30,
FIMS_38,Dry,2024,TS9,,Bay Anchovy,,,5,,,,c,100,,29.3,,1.4,,8,,,1:30,
FIMS_38,Dry,2024,TS9,,Bay Anchovy,,,5,,,,c,100,,29.3,,1.4,,8,,,1:30,
FIMS_38,Dry,2024,TS9,,Bay Anchovy,,,5,,,,c,100,,29.3,,1.4,,8,,,1:30,
FIMS_38,Dry,2024,TS9,,Bay Anchovy,,,5,,,,c,100,,29.3,,1.4,,8,,,1:30,
FIMS_38,Dry,2024,TS9,,Bay Anchovy,,,5,,,,c,100,,29.3,,1.4,,8,,,1:30,
FIMS_38,Dry,2024,TS9,,Bay Anchovy,,,5,,,,c,100,,29.3,,1.4,,8,,,1:30,
FIMS_38,Dry,2024,TS9,,Bay Anchovy,,,5,,,,c,100,,29.3,,1.4,,8,,,1:30,
FIMS_38,Dry,2024,TS9,,Bay Anchovy,,,5,,,,c,100,,29.3,,1.4,,8,,,1:30,
FIMS_38,Dry,2024,TS9,,Bay Anchovy,,,5,,,,c,100,,29.3,,1.4,,8,,,1:30,
FIMS_38,Dry,2024,TS9,,Bay Anchovy,,,5,,,,c,100,,29.3,,1.4,,8,,,1:30,
FIMS_38,Dry,2024,TS9,,Bay Anchovy,,,5,,,,c,100,,29.3,,1.4,,8,,,1:30,
FIMS_38,Dry,2024,TS9,,Bay Anchovy,,,5,,,,c,100,,29.3,,1.4,,8,,,1:30,
FIMS_38,Dry,2024,TS9,,Bay Anchovy,,,5,,,,c,100,,29.3,,1.4,,8,,,1:30,
FIMS_38,Dry,2024,TS9,,Bay Anchovy,,,5,,,,c,100,,29.3,,1.4,,8,,,1:30,
FIMS_38,Dry,2024,TS9,,Bay Anchovy,,,5,,,,c,100,,29.3,,1.4,,8,,,1:30,
FIMS_38,Dry,2024,TS9,,Bay Anchovy,,,5,,,,c,100,,29.3,,1.4,,8,,,1:30,
FIMS_38,Dry,2024,TS9,,Bay Anchovy,,,5,,,,c,100,,29.3,,1.4,,8,,,1:30,
FIMS_38,Dry,2024,TS9,,Bay Anchovy,,,5,,,,c,100,,29.3,,1.4,,8,,,1:30,
FIMS_38,Dry,2024,TS9,,Bay Anchovy,,,5,,,,c,100,,29.3,,1.4,,8,,,1:30,
FIMS_38,Dry,2024,TS9,,Bay Anchovy,,,5,,,,c,100,,29.3,,1.4,,8,,,1:30,
FIMS_38,Dry,2024,TS9,,Bay Anchovy,,,5,,,,c,100,,29.3,,1.4,,8,,,1:30,
FIMS_38,Dry,2024,TS9,,Bay Anchovy,,,5,,,,c,100,,29.3,,1.4,,8,,,1:30,
FIMS_38,Dry,2024,TS9,,Bay Anchovy,,,5,,,,c,100,,29.3,,1.4,,8,,,1:30,
FIMS_38,Dry,2024,TS9,,Bay Anchovy,,,5,,,,c,100,,29.3,,1.4,,8,,,1:30,
FIMS_38,Dry,2024,TS9,,Bay Anchovy,,,5,,,,c,100,,29.3,,1.4,,8,,,1:30,
FIMS_38,Dry,2024,TS9,,Bay Anchovy,,,5,,,,c,100,,29.3,,1.4,,8,,,1:30,
FIMS_38,Dry,2024,TS9,,Bay Anchovy,,,5,,,,c,100,,29.3,,1.4,,8,,,1:30,
FIMS_38,Dry,2024,TS9,,Bay Anchovy,,,5,,,,c,100,,29.3,,1.4,,8,,,1:30,
FIMS_38,Dry,2024,TS9,,Bay Anchovy,,,5,,,,c,100,,29.3,,1.4,,8,,,1:30,
FIMS_38,Dry,2024,TS9,,Bay Anchovy,,,5,,,,c,100,,29.3,,1.4,,8,,,1:30,
FIMS_38,Dry,2024,TS9,,Bay Anchovy,,,5,,,,c,100,,29.3,,1.4,,8,,,1:30,
FIMS_38,Dry,2024,TS9,,Bay Anchovy,,,5,,,,c,100,,29.3,,1.4,,8,,,1:30,
FIMS_38,Dry,2024,TS9,,Bay Anchovy,,,5,,,,c,100,,29.3,,1.4,,8,,,1:30,
FIMS_38,Dry,2024,TS9,,Bay Anchovy,,,5,,,,c,100,,29.3,,1.4,,8,,,1:30,
FIMS_38,Dry,2024,TS9,,Bay Anchovy,,,5,,,,c,100,,29.3,,1.4,,8,,,1:30,
FIMS_38,Dry,2024,TS9,,Bay Anchovy,,,5,,,,c,100,,29.3,,1.4,,8,,,1:30,
FIMS_38,Dry,2024,TS9,,Bay Anchovy,,,5,,,,c,100,,29.3,,1.4,,8,,,1:30,
FIMS_38,Dry,2024,TS9,,Bay Anchovy,,,5,,,,c,100,,29.3,,1.4,,8,,,1:30,
FIMS_38,Dry,2024,TS9,,Bay Anchovy,,,5,,,,c,100,,29.3,,1.4,,8,,,1:30,
FIMS_38,Dry,2024,TS9,,Bay Anchovy,,,5,,,,c,100,,29.3,,1.4,,8,,,1:30,
FIMS_38,Dry,2024,TS9,,Bay Anchovy,,,5,,,,c,100,,29.3,,1.4,,8,,,1:30,
FIMS_38,Dry,2024,TS9,,Bay Anchovy,,,5,,,,c,100,,29.3,,1.4,,8,,,1:30,
FIMS_38,Dry,2024,TS9,,Bay Anchovy,,,5,,,,c,100,,29.3,,1.4,,8,,,1:30,
FIMS_38,Dry,2024,TS9,,Bay Anchovy,,,5,,,,c,100,,29.3,,1.4,,8,,,1:30,
FIMS_38,Dry,2024,TS9,,Bay Anchovy,,,5,,,,c,100,,29.3,,1.4,,8,,,1:30,
FIMS_38,Dry,2024,TS9,,Bay Anchovy,,,5,,,,c,100,,29.3,,1.4,,8,,,1:30,
FIMS_38,Dry,2024,TS9,,Bay Anchovy,,,5,,,,c,100,,29.3,,1.4,,8,,,1:30,
FIMS_38,Dry,2024,TS9,,Bay Anchovy,,,5,,,,c,100,,29.3,,1.4,,8,,,1:30,
FIMS_38,Dry,2024,TS9,,Bay Anchovy,,,5,,,,c,100,,29.3,,1.4,,8,,,1:30,
FIMS_38,Dry,2024,TS9,,Bay Anchovy,,,5,,,,c,100,,29.3,,1.4,,8,,,1:30,
FIMS_38,Dry,2024,TS9,,Bay Anchovy,,,5,,,,c,100,,29.3,,1.4,,8,,,1:30,
FIMS_38,Dry,2024,TS9,,Bay Anchovy,,,5,,,,c,100,,29.3,,1.4,,8,,,1:30,
FIMS_38,Dry,2024,TS9,,Bay Anchovy,,,5,,,,c,100,,29.3,,1.4,,8,,,1:30,
FIMS_38,Dry,2024,TS9,,Bay Anchovy,,,5,,,,c,100,,29.3,,1.4,,8,,,1:30,
FIMS_38,Dry,2024,TS9,,Bay Anchovy,,,5,,,,c,100,,29.3,,1.4,,8,,,1:30,
FIMS_38,Dry,2024,TS9,,Bay Anchovy,,,5,,,,c,100,,29.3,,1.4,,8,,,1:30,
FIMS_38,Dry,2024,TS9,,Bay Anchovy,,,5,,,,c,100,,29.3,,1.4,,8,,,1:30,
FIMS_38,Dry,2024,TS9,,Bay Anchovy,,,5,,,,c,100,,29.3,,1.4,,8,,,1:30,
FIMS_38,Dry,2024,TS9,,Bay Anchovy,,,5,,,,c,100,,29.3,,1.4,,8,,,1:30,
FIMS_38,Dry,2024,TS9,,Bay Anchovy,,,5,,,,c,100,,29.3,,1.4,,8,,,1:30,
FIMS_38,Dry,2024,TS9,,Bay Anchovy,,,5,,,,c,100,,29.3,,1.4,,8,,,1:30,
FIMS_38,Dry,2024,TS9,,Bay Anchovy,,,5,,,,c,100,,29.3,,1.4,,8,,,1:30,
FIMS_38,Dry,2024,TS9,,Bay Anchovy,,,5,,,,c,100,,29.3,,1.4,,8,,,1:30,
FIMS_38,Dry,2024,TS9,,Bay Anchovy,,,5,,,,c,100,,29.3,,1.4,,8,,,1:30,
FIMS_38,Dry,2024,TS9,,Bay Anchovy,,,5,,,,c,100,,29.3,,1.4,,8,,,1:30,
FIMS_38,Dry,2024,TS9,,Bay Anchovy,,,5,,,,c,100,,29.3,,1.4,,8,,,1:30,
FIMS_38,Dry,2024,TS9,,Bay Anchovy,,,5,,,,c,100,,29.3,,1.4,,8,,,1:30,
FIMS_38,Dry,2024,TS9,,Bay Anchovy,,,5,,,,c,100,,29.3,,1.4,,8,,,1:30,
FIMS_38,Dry,2024,TS9,,Bay Anchovy,,,5,,,,c,100,,29.3,,1.4,,8,,,1:30,
FIMS_38,Dry,2024,TS9,,Bay Anchovy,,,5,,,,c,100,,29.3,,1.4,,8,,,1:30,
FIMS_38,Dry,2024,TS9,,Bay Anchovy,,,5,,,,c,100,,29.3,,1.4,,8,,,1:30,
FIMS_38,Dry,2024,TS9,,Bay Anchovy,,,5,,,,c,100,,29.3,,1.4,,8,,,1:30,
FIMS_38,Dry,2024,TS9,,Bay Anchovy,,,5,,,,c,100,,29.3,,1.4,,8,,,1:30,
FIMS_38,Dry,2024,TS9,,Bay Anchovy,,,5,,,,c,100,,29.3,,1.4,,8,,,1:30,
FIMS_38,Dry,2024,TS9,,Bay Anchovy,,,5,,,,c,100,,29.3,,1.4,,8,,,1:30,
FIMS_38,Dry,2024,TS9,,Bay Anchovy,,,5,,,,c,100,,29.3,,1.4,,8,,,1:30,
FIMS_38,Dry,2024,TS9,,Bay Anchovy,,,5,,,,c,100,,29.3,,1.4,,8,,,1:30,
FIMS_38,Dry,2024,TS9,,Bay Anchovy,,,5,,,,c,100,,29.3,,1.4,,8,,,1:30,
FIMS_38,Dry,2024,TS9,,Bay Anchovy,,,5,,,,c,100,,29.3,,1.4,,8,,,1:30,
FIMS_38,Dry,2024,TS9,,Bay Anchovy,,,5,,,,c,100,,29.3,,1.4,,8,,,1:30,
FIMS_38,Dry,2024,TS9,,Bay Anchovy,,,5,,,,c,100,,29.3,,1.4,,8,,,1:30,
FIMS_38,Dry,2024,TS9,,Bay Anchovy,,,5,,,,c,100,,29.3,,1.4,,8,,,1:30,
FIMS_38,Dry,2024,TS9,,Bay Anchovy,,,5,,,,c,100,,29.3,,1.4,,8,,,1:30,
FIMS_38,Dry,2024,TS9,,Bay Anchovy,,,5,,,,c,100,,29.3,,1.4,,8,,,1:30,
FIMS_38,Dry,2024,TS9,,Bay Anchovy,,,5,,,,c,100,,29.3,,1.4,,8,,,1:30,
FIMS_38,Dry,2024,TS9,,Bay Anchovy,,,5,,,,c,100,,29.3,,1.4,,8,,,1:30,
FIMS_38,Dry,2024,TS9,,Bay Anchovy,,,5,,,,c,100,,29.3,,1.4,,8,,,1:30,
FIMS_38,Dry,2024,TS9,,Bay Anchovy,,,5,,,,c,100,,29.3,,1.4,,8,,,1:30,
FIMS_38,Dry,2024,TS9,,Bay Anchovy,,,5,,,,c,100,,29.3,,1.4,,8,,,1:30,
FIMS_38,Dry,2024,TS9,,Bay Anchovy,,,5,,,,c,100,,29.3,,1.4,,8,,,1:30,
FIMS_38,Dry,2024,TS9,,Bay Anchovy,,,5,,,,c,100,,29.3,,1.4,,8,,,1:30,
FIMS_38,Dry,2024,TS9,,Bay Anchovy,,,5,,,,c,100,,29.3,,1.4,,8,,,1:30,
FIMS_38,Dry,2024,TS9,,Bay Anchovy,,,5,,,,c,100,,29.3,,1.4,,8,,,1:30,
FIMS_38,Dry,2024,TS9,,Bay Anchovy,,,5,,,,c,100,,29.3,,1.4,,8,,,1:30,
FIMS_38,Dry,2024,TS9,,Bay Anchovy,,,5,,,,c,100,,29.3,,1.4,,8,,,1:30,
FIMS_38,Dry,2024,TS9,,Bay Anchovy,,,5,,,,c,100,,29.3,,1.4,,8,,,1:30,
FIMS_38,Dry,2024,TS9,,Bay Anchovy,,,5,,,,c,100,,29.3,,1.4,,8,,,1:30,
FIMS_38,Dry,2024,TS9,,Bay Anchovy,,,5,,,,c,100,,29.3,,1.4,,8,,,1:30,
FIMS_38,Dry,2024,TS9,,Bay Anchovy,,,5,,,,c,100,,29.3,,1.4,,8,,,1:30,
FIMS_38,Dry,2024,TS9,,Bay Anchovy,,,5,,,,c,100,,29.3,,1.4,,8,,,1:30,
FIMS_38,Dry,2024,TS9,,Bay Anchovy,,,5,,,,c,100,,29.3,,1.4,,8,,,1:30,
FIMS_38,Dry,2024,TS9,,Bay Anchovy,,,5,,,,c,100,,29.3,,1.4,,8,,,1:30,
FIMS_38,Dry,2024,TS9,,Bay Anchovy,,,5,,,,c,100,,29.3,,1.4,,8,,,1:30,
FIMS_38,Dry,2024,TS9,,Bay Anchovy,,,5,,,,c,100,,29.3,,1.4,,8,,,1:30,
FIMS_38,Dry,2024,TS9,,Bay Anchovy,,,5,,,,c,100,,29.3,,1.4,,8,,,1:30,
FIMS_38,Dry,2024,TS9,,Bay Anchovy,,,5,,,,c,100,,29.3,,1.4,,8,,,1:30,
FIMS_38,Dry,2024,TS9,,Bay Anchovy,,,5,,,,c,100,,29.3,,1.4,,8,,,1:30,
FIMS_38,Dry,2024,TS9,,Bay Anchovy,,,5,,,,c,100,,29.3,,1.4,,8,,,1:30,
FIMS_38,Dry,2024,TS9,,Bay Anchovy,,,5,,,,c,100,,29.3,,1.4,,8,,,1:30,
FIMS_38,Dry,2024,TS9,,Bay Anchovy,,,5,,,,c,100,,29.3,,1.4,,8,,,1:30,
FIMS_38,Dry,2024,TS9,,Bay Anchovy,,,5,,,,c,100,,29.3,,1.4,,8,,,1:30,
FIMS_38,Dry,2024,TS9,,Bay Anchovy,,,5,,,,c,100,,29.3,,1.4,,8,,,1:30,
FIMS_38,Dry,2024,TS9,,Bay Anchovy,,,5,,,,c,100,,29.3,,1.4,,8,,,1:30,
FIMS_38,Dry,2024,TS9,,Bay Anchovy,,,5,,,,c,100,,29.3,,1.4,,8,,,1:30,
FIMS_38,Dry,2024,TS9,,Bay Anchovy,,,5,,,,c,100,,29.3,,1.4,,8,,,1:30,
FIMS_38,Dry,2024,TS9,,Bay Anchovy,,,5,,,,c,100,,29.3,,1.4,,8,,,1:30,
FIMS_38,Dry,2024,TS9,,Bay Anchovy,,,5,,,,c,100,,29.3,,1.4,,8,,,1:30,
FIMS_38,Dry,2024,TS9,,Bay Anchovy,,,5,,,,c,100,,29.3,,1.4,,8,,,1:30,
FIMS_38,Dry,2024,TS9,,Bay Anchovy,,,5,,,,c,100,,29.3,,1.4,,8,,,1:30,
FIMS_38,Dry,2024,TS9,,Bay Anchovy,,,5,,,,c,100,,29.3,,1.4,,8,,,1:30,
FIMS_38,Dry,2024,TS9,,Bay Anchovy,,,5,,,,c,100,,29.3,,1.4,,8,,,1:30,
FIMS_38,Dry,2024,TS9,,Bay Anchovy,,,5,,,,c,100,,29.3,,1.4,,8,,,1:30,
FIMS_38,Dry,2024,TS9,,Bay Anchovy,,,5,,,,c,100,,29.3,,1.4,,8,,,1:30,
FIMS_38,Dry,2024,TS9,,Bay Anchovy,,,5,,,,c,100,,29.3,,1.4,,8,,,1:30,
FIMS_38,Dry,2024,TS9,,Bay Anchovy,,,5,,,,c,100,,29.3,,1.4,,8,,,1:30,
FIMS_38,Dry,2024,TS9,,Bay Anchovy,,,5,,,,c,100,,29.3,,1.4,,8,,,1:30,
FIMS_38,Dry,2024,TS9,,Bay Anchovy,,,5,,,,c,100,,29.3,,1.4,,8,,,1:30,
FIMS_38,Dry,2024,TS9,,Bay Anchovy,,,5,,,,c,100,,29.3,,1.4,,8,,,1:30,
FIMS_38,Dry,2024,TS9,,Bay Anchovy,,,5,,,,c,100,,29.3,,1.4,,8,,,1:30,
FIMS_38,Dry,2024,TS9,,Bay Anchovy,,,5,,,,c,100,,29.3,,1.4,,8,,,1:30,
FIMS_38,Dry,2024,TS9,,Bay Anchovy,,,5,,,,c,100,,29.3,,1.4,,8,,,1:30,
FIMS_38,Dry,2024,TS9,,Bay Anchovy,,,5,,,,c,100,,29.3,,1.4,,8,,,1:30,
FIMS_38,Dry,2024,TS9,,Bay Anchovy,,,5,,,,c,100,,29.3,,1.4,,8,,,1:30,
FIMS_38,Dry,2024,TS9,,Bay Anchovy,,,5,,,,c,100,,29.3,,1.4,,8,,,1:30,
FIMS_38,Dry,2024,TS9,,Bay Anchovy,,,5,,,,c,100,,29.3,,1.4,,8,,,1:30,
FIMS_38,Dry,2024,TS9,,Bay Anchovy,,,5,,,,c,100,,29.3,,1.4,,8,,,1:30,
FIMS_38,Dry,2024,TS9,,Bay Anchovy,,,5,,,,c,100,,29.3,,1.4,,8,,,1:30,
FIMS_38,Dry,2024,TS9,,Bay Anchovy,,,5,,,,c,100,,29.3,,1.4,,8,,,1:30,
FIMS_38,Dry,2024,TS9,,Bay Anchovy,,,5,,,,c,100,,29.3,,1.4,,8,,,1:30,
FIMS_38,Dry,2024,TS9,,Bay Anchovy,,,5,,,,c,100,,29.3,,1.4,,8,,,1:30,
FIMS_38,Dry,2024,TS9,,Bay Anchovy,,,5,,,,c,100,,29.3,,1.4,,8,,,1:30,
FIMS_38,Dry,2024,TS9,,Bay Anchovy,,,5,,,,c,100,,29.3,,1.4,,8,,,1:30,
FIMS_38,Dry,2024,TS9,,Bay Anchovy,,,5,,,,c,100,,29.3,,1.4,,8,,,1:30,
FIMS_38,Dry,2024,TS9,,Bay Anchovy,,,5,,,,c,100,,29.3,,1.4,,8,,,1:30,
FIMS_38,Dry,2024,TS9,,Bay Anchovy,,,5,,,,c,100,,29.3,,1.4,,8,,,1:30,
FIMS_38,Dry,2024,TS9,,Bay Anchovy,,,5,,,,c,100,,29.3,,1.4,,8,,,1:30,
FIMS_38,Dry,2024,TS9,,Bay Anchovy,,,5,,,,c,100,,29.3,,1.4,,8,,,1:30,
FIMS_38,Dry,2024,TS9,,Bay Anchovy,,,5,,,,c,100,,29.3,,1.4,,8,,,1:30,
FIMS_38,Dry,2024,TS9,,Bay Anchovy,,,5,,,,c,100,,29.3,,1.4,,8,,,1:30,
FIMS_38,Dry,2024,TS9,,Bay Anchovy,,,5,,,,c,100,,29.3,,1.4,,8,,,1:30,
FIMS_38,Dry,2024,TS9,,Bay Anchovy,,,5,,,,c,100,,29.3,,1.4,,8,,,1:30,
FIMS_38,Dry,2024,TS9,,Bay Anchovy,,,5,,,,c,100,,29.3,,1.4,,8,,,1:30,
FIMS_38,Dry,2024,TS9,,Bay Anchovy,,,5,,,,c,100,,29.3,,1.4,,8,,,1:30,
FIMS_38,Dry,2024,TS9,,Bay Anchovy,,,5,,,,c,100,,29.3,,1.4,,8,,,1:30,
FIMS_38,Dry,2024,TS9,,Bay Anchovy,,,5,,,,c,100,,29.3,,1.4,,8,,,1:30,
FIMS_38,Dry,2024,TS9,,Bay Anchovy,,,5,,,,c,100,,29.3,,1.4,,8,,,1:30,
FIMS_38,Dry,2024,TS9,,Bay Anchovy,,,5,,,,c,100,,29.3,,1.4,,8,,,1:30,
FIMS_38,Dry,2024,TS9,,Bay Anchovy,,,5,,,,c,100,,29.3,,1.4,,8,,,1:30,
FIMS_38,Dry,2024,TS9,,Bay Anchovy,,,5,,,,c,100,,29.3,,1.4,,8,,,1:30,
FIMS_38,Dry,2024,TS9,,Bay Anchovy,,,5,,,,c,100,,29.3,,1.4,,8,,,1:30,
FIMS_38,Dry,2024,TS9,,Bay Anchovy,,,5,,,,c,100,,29.3,,1.4,,8,,,1:30,
FIMS_38,Dry,2024,TS9,,Bay Anchovy,,,5,,,,c,100,,29.3,,1.4,,8,,,1:30,
FIMS_38,Dry,2024,TS9,,Bay Anchovy,,,5,,,,c,100,,29.3,,1.4,,8,,,1:30,
FIMS_38,Dry,2024,TS9,,Bay Anchovy,,,5,,,,c,100,,29.3,,1.4,,8,,,1:30,
FIMS_38,Dry,2024,TS9,,Bay Anchovy,,,5,,,,c,100,,29.3,,1.4,,8,,,1:30,
FIMS_38,Dry,2024,TS9,,Bay Anchovy,,,5,,,,c,100,,29.3,,1.4,,8,,,1:30,
FIMS_38,Dry,2024,TS9,,Bay Anchovy,,,5,,,,c,100,,29.3,,1.4,,8,,,1:30,
FIMS_38,Dry,2024,TS9,,Bay Anchovy,,,5,,,,c,100,,29.3,,1.4,,8,,,1:30,
FIMS_38,Dry,2024,TS9,,Bay Anchovy,,,5,,,,c,100,,29.3,,1.4,,8,,,1:30,
FIMS_38,Dry,2024,TS9,,Bay Anchovy,,,5,,,,c,100,,29.3,,1.4,,8,,,1:30,
FIMS_38,Dry,2024,TS9,,Bay Anchovy,,,5,,,,c,100,,29.3,,1.4,,8,,,1:30,
FIMS_38,Dry,2024,TS9,,Bay Anchovy,,,5,,,,c,100,,29.3,,1.4,,8,,,1:30,
FIMS_38,Dry,2024,TS9,,Bay Anchovy,,,5,,,,c,100,,29.3,,1.4,,8,,,1:30,
FIMS_38,Dry,2024,TS9,,Bay Anchovy,,,5,,,,c,100,,29.3,,1.4,,8,,,1:30,
FIMS_38,Dry,2024,TS9,,Bay Anchovy,,,5,,,,c,100,,29.3,,1.4,,8,,,1:30,
FIMS_38,Dry,2024,TS9,,Bay Anchovy,,,5,,,,c,100,,29.3,,1.4,,8,,,1:30,
FIMS_38,Dry,2024,TS9,,Bay Anchovy,,,5,,,,c,100,,29.3,,1.4,,8,,,1:30,
FIMS_38,Dry,2024,TS9,,Bay Anchovy,,,5,,,,c,100,,29.3,,1.4,,8,,,1:30,
FIMS_38,Dry,2024,TS9,,Bay Anchovy,,,5,,,,c,100,,29.3,,1.4,,8,,,1:30,
FIMS_38,Dry,2024,TS9,,Bay Anchovy,,,5,,,,c,100,,29.3,,1.4,,8,,,1:30,
FIMS_38,Dry,2024,TS9,,Bay Anchovy,,,5,,,,c,100,,29.3,,1.4,,8,,,1:30,
FIMS_38,Dry,2024,TS9,,Bay Anchovy,,,5,,,,c,100,,29.3,,1.4,,8,,,1:30,
FIMS_38,Dry,2024,TS9,,Bay Anchovy,,,5,,,,c,100,,29.3,,1.4,,8,,,1:30,
FIMS_38,Dry,2024,TS9,,Bay Anchovy,,,5,,,,c,100,,29.3,,1.4,,8,,,1:30,
FIMS_38,Dry,2024,TS9,,Bay Anchovy,,,5,,,,c,100,,29.3,,1.4,,8,,,1:30,
FIMS_38,Dry,2024,TS9,,Bay Anchovy,,,5,,,,c,100,,29.3,,1.4,,8,,,1:30,
FIMS_38,Dry,2024,TS9,,Bay Anchovy,,,5,,,,c,100,,29.3,,1.4,,8,,,1:30,
FIMS_38,Dry,2024,TS9,,Bay Anchovy,,,5,,,,c,100,,29.3,,1.4,,8,,,1:30,
FIMS_38,Dry,2024,TS9,,Bay Anchovy,,,5,,,,c,100,,29.3,,1.4,,8,,,1:30,
FIMS_38,Dry,2024,TS9,,Bay Anchovy,,,5,,,,c,100,,29.3,,1.4,,8,,,1:30,
FIMS_38,Dry,2024,TS9,,Bay Anchovy,,,5,,,,c,100,,29.3,,1.4,,8,,,1:30,
FIMS_38,Dry,2024,TS9,,Bay Anchovy,,,5,,,,c,100,,29.3,,1.4,,8,,,1:30,
FIMS_38,Dry,2024,TS9,,Bay Anchovy,,,5,,,,c,100,,29.3,,1.4,,8,,,1:30,
FIMS_38,Dry,2024,TS9,,Bay Anchovy,,,5,,,,c,100,,29.3,,1.4,,8,,,1:30,
FIMS_38,Dry,2024,TS9,,Bay Anchovy,,,5,,,,c,100,,29.3,,1.4,,8,,,1:30,
FIMS_38,Dry,2024,TS9,,Bay Anchovy,,,5,,,,c,100,,29.3,,1.4,,8,,,1:30,
FIMS_38,Dry,2024,TS9,,Bay Anchovy,,,5,,,,c,100,,29.3,,1.4,,8,,,1:30,
FIMS_38,Dry,2024,TS9,,Bay Anchovy,,,5,,,,c,100,,29.3,,1.4,,8,,,1:30,
FIMS_38,Dry,2024,TS9,,Bay Anchovy,,,5,,,,c,100,,29.3,,1.4,,8,,,1:30,
FIMS_38,Dry,2024,TS9,,Bay Anchovy,,,5,,,,c,100,,29.3,,1.4,,8,,,1:30,
FIMS_38,Dry,2024,TS9,,Bay Anchovy,,,5,,,,c,100,,29.3,,1.4,,8,,,1:30,
FIMS_38,Dry,2024,TS9,,Bay Anchovy,,,5,,,,c,100,,29.3,,1.4,,8,,,1:30,
FIMS_38,Dry,2024,TS9,,Bay Anchovy,,,5,,,,c,100,,29.3,,1.4,,8,,,1:30,
FIMS_38,Dry,2024,TS9,,Bay Anchovy,,,5,,,,c,100,,29.3,,1.4,,8,,,1:30,
FIMS_38,Dry,2024,TS9,,Bay Anchovy,,,5,,,,c,100,,29.3,,1.4,,8,,,1:30,
FIMS_38,Dry,2024,TS9,,Bay Anchovy,,,5,,,,c,100,,29.3,,1.4,,8,,,1:30,
FIMS_38,Dry,2024,TS9,,Bay Anchovy,,,5,,,,c,100,,29.3,,1.4,,8,,,1:30,
FIMS_38,Dry,2024,TS9,,Bay Anchovy,,,5,,,,c,100,,29.3,,1.4,,8,,,1:30,
FIMS_38,Dry,2024,TS9,,Bay Anchovy,,,5,,,,c,100,,29.3,,1.4,,8,,,1:30,
FIMS_38,Dry,2024,TS9,,Bay Anchovy,,,5,,,,c,100,,29.3,,1.4,,8,,,1:30,
FIMS_38,Dry,2024,TS9,,Bay Anchovy,,,5,,,,c,100,,29.3,,1.4,,8,,,1:30,
FIMS_38,Dry,2024,TS9,,Bay Anchovy,,,5,,,,c,100,,29.3,,1.4,,8,,,1:30,
FIMS_38,Dry,2024,TS9,,Bay Anchovy,,,5,,,,c,100,,29.3,,1.4,,8,,,1:30,
FIMS_38,Dry,2024,TS9,,Bay Anchovy,,,5,,,,c,100,,29.3,,1.4,,8,,,1:30,
FIMS_38,Dry,2024,TS9,,Bay Anchovy,,,5,,,,c,100,,29.3,,1.4,,8,,,1:30,
FIMS_38,Dry,2024,TS9,,Bay Anchovy,,,5,,,,c,100,,29.3,,1.4,,8,,,1:30,
FIMS_38,Dry,2024,TS9,,Bay Anchovy,,,5,,,,c,100,,29.3,,1.4,,8,,,1:30,
FIMS_38,Dry,2024,TS9,,Bay Anchovy,,,5,,,,c,100,,29.3,,1.4,,8,,,1:30,
FIMS_38,Dry,2024,TS9,,Bay Anchovy,,,5,,,,c,100,,29.3,,1.4,,8,,,1:30,
FIMS_38,Dry,2024,TS9,,Bay Anchovy,,,5,,,,c,100,,29.3,,1.4,,8,,,1:30,
FIMS_38,Dry,2024,TS9,,Bay Anchovy,,,5,,,,c,100,,29.3,,1.4,,8,,,1:30,
FIMS_38,Dry,2024,TS9,,Bay Anchovy,,,5,,,,c,100,,29.3,,1.4,,8,,,1:30,
FIMS_38,Dry,2024,TS9,,Bay Anchovy,,,5,,,,c,100,,29.3,,1.4,,8,,,1:30,
FIMS_38,Dry,2024,TS9,,Bay Anchovy,,,5,,,,c,100,,29.3,,1.4,,8,,,1:30,
FIMS_38,Dry,2024,TS9,,Bay Anchovy,,,5,,,,c,100,,29.3,,1.4,,8,,,1:30,
FIMS_38,Dry,2024,TS9,,Bay Anchovy,,,5,,,,c,100,,29.3,,1.4,,8,,,1:30,
FIMS_38,Dry,2024,TS9,,Bay Anchovy,,,5,,,,c,100,,29.3,,1.4,,8,,,1:30,
FIMS_38,Dry,2024,TS9,,Bay Anchovy,,,5,,,,c,100,,29.3,,1.4,,8,,,1:30,
FIMS_38,Dry,2024,TS9,,Bay Anchovy,,,5,,,,c,100,,29.3,,1.4,,8,,,1:30,
FIMS_38,Dry,2024,TS9,,Bay Anchovy,,,5,,,,c,100,,29.3,,1.4,,8,,,1:30,
FIMS_38,Dry,2024,TS9,,Bay Anchovy,,,5,,,,c,100,,29.3,,1.4,,8,,,1:30,
FIMS_38,Dry,2024,TS9,,Bay Anchovy,,,5,,,,c,100,,29.3,,1.4,,8,,,1:30,
FIMS_38,Dry,2024,TS9,,Bay Anchovy,,,5,,,,c,100,,29.3,,1.4,,8,,,1:30,
FIMS_38,Dry,2024,TS9,,Bay Anchovy,,,5,,,,c,100,,29.3,,1.4,,8,,,1:30,
FIMS_38,Dry,2024,TS9,,Bay Anchovy,,,5,,,,c,100,,29.3,,1.4,,8,,,1:30,
FIMS_38,Dry,2024,TS9,,Bay Anchovy,,,5,,,,c,100,,29.3,,1.4,,8,,,1:30,
FIMS_38,Dry,2024,TS9,,Bay Anchovy,,,5,,,,c,100,,29.3,,1.4,,8,,,1:30,
FIMS_38,Dry,2024,TS9,,Bay Anchovy,,,5,,,,c,100,,29.3,,1.4,,8,,,1:30,
FIMS_38,Dry,2024,TS9,,Bay Anchovy,,,5,,,,c,100,,29.3,,1.4,,8,,,1:30,
FIMS_38,Dry,2024,TS9,,Bay Anchovy,,,5,,,,c,100,,29.3,,1.4,,8,,,1:30,
FIMS_38,Dry,2024,TS9,,Bay Anchovy,,,5,,,,c,100,,29.3,,1.4,,8,,,1:30,
FIMS_38,Dry,2024,TS9,,Bay Anchovy,,,5,,,,c,100,,29.3,,1.4,,8,,,1:30,
FIMS_38,Dry,2024,TS9,,Bay Anchovy,,,5,,,,c,100,,29.3,,1.4,,8,,,1:30,
FIMS_38,Dry,2024,TS9,,Bay Anchovy,,,5,,,,c,100,,29.3,,1.4,,8,,,1:30,
FIMS_38,Dry,2024,TS9,,Bay Anchovy,,,5,,,,c,100,,29.3,,1.4,,8,,,1:30,
FIMS_38,Dry,2024,TS9,,Bay Anchovy,,,5,,,,c,100,,29.3,,1.4,,8,,,1:30,
FIMS_38,Dry,2024,TS9,,Bay Anchovy,,,5,,,,c,100,,29.3,,1.4,,8,,,1:30,
FIMS_38,Dry,2024,TS9,,Bay Anchovy,,,5,,,,c,100,,29.3,,1.4,,8,,,1:30,
FIMS_38,Dry,2024,TS9,,Bay Anchovy,,,5,,,,c,100,,29.3,,1.4,,8,,,1:30,
FIMS_38,Dry,2024,TS9,,Bay Anchovy,,,5,,,,c,100,,29.3,,1.4,,8,,,1:30,
FIMS_38,Dry,2024,TS9,,Bay Anchovy,,,5,,,,c,100,,29.3,,1.4,,8,,,1:30,
FIMS_38,Dry,2024,TS9,,Bay Anchovy,,,5,,,,c,100,,29.3,,1.4,,8,,,1:30,
FIMS_38,Dry,2024,TS9,,Bay Anchovy,,,5,,,,c,100,,29.3,,1.4,,8,,,1:30,
FIMS_38,Dry,2024,TS9,,Bay Anchovy,,,5,,,,c,100,,29.3,,1.4,,8,,,1:30,
FIMS_38,Dry,2024,TS9,,Bay Anchovy,,,5,,,,c,100,,29.3,,1.4,,8,,,1:30,
FIMS_38,Dry,2024,TS9,,Bay Anchovy,,,5,,,,c,100,,29.3,,1.4,,8,,,1:30,
FIMS_38,Dry,2024,TS9,,Bay Anchovy,,,5,,,,c,100,,29.3,,1.4,,8,,,1:30,
FIMS_38,Dry,2024,TS9,,Bay Anchovy,,,5,,,,c,100,,29.3,,1.4,,8,,,1:30,
FIMS_38,Dry,2024,TS9,,Bay Anchovy,,,5,,,,c,100,,29.3,,1.4,,8,,,1:30,
FIMS_38,Dry,2024,TS9,,Bay Anchovy,,,5,,,,c,100,,29.3,,1.4,,8,,,1:30,
FIMS_38,Dry,2024,TS9,,Bay Anchovy,,,5,,,,c,100,,29.3,,1.4,,8,,,1:30,
FIMS_38,Dry,2024,TS9,,Bay Anchovy,,,5,,,,c,100,,29.3,,1.4,,8,,,1:30,
FIMS_38,Dry,2024,TS9,,Bay Anchovy,,,5,,,,c,100,,29.3,,1.4,,8,,,1:30,
FIMS_38,Dry,2024,TS9,,Bay Anchovy,,,5,,,,c,100,,29.3,,1.4,,8,,,1:30,
FIMS_38,Dry,2024,TS9,,Bay Anchovy,,,5,,,,c,100,,29.3,,1.4,,8,,,1:30,
FIMS_38,Dry,2024,TS9,,Bay Anchovy,,,5,,,,c,100,,29.3,,1.4,,8,,,1:30,
FIMS_38,Dry,2024,TS9,,Bay Anchovy,,,5,,,,c,100,,29.3,,1.4,,8,,,1:30,
FIMS_38,Dry,2024,TS9,,Bay Anchovy,,,5,,,,c,100,,29.3,,1.4,,8,,,1:30,
FIMS_38,Dry,2024,TS9,,Bay Anchovy,,,5,,,,c,100,,29.3,,1.4,,8,,,1:30,
FIMS_38,Dry,2024,TS9,,Bay Anchovy,,,5,,,,c,100,,29.3,,1.4,,8,,,1:30,
FIMS_38,Dry,2024,TS9,,Bay Anchovy,,,5,,,,c,100,,29.3,,1.4,,8,,,1:30,
FIMS_38,Dry,2024,TS9,,Bay Anchovy,,,5,,,,c,100,,29.3,,1.4,,8,,,1:30,
FIMS_38,Dry,2024,TS9,,Bay Anchovy,,,5,,,,c,100,,29.3,,1.4,,8,,,1:30,
FIMS_38,Dry,2024,TS9,,Bay Anchovy,,,5,,,,c,100,,29.3,,1.4,,8,,,1:30,
FIMS_38,Dry,2024,TS9,,Bay Anchovy,,,5,,,,c,100,,29.3,,1.4,,8,,,1:30,
FIMS_38,Dry,2024,TS9,,Bay Anchovy,,,5,,,,c,100,,29.3,,1.4,,8,,,1:30,
FIMS_38,Dry,2024,TS9,,Bay Anchovy,,,5,,,,c,100,,29.3,,1.4,,8,,,1:30,
FIMS_38,Dry,2024,TS9,,Bay Anchovy,,,5,,,,c,100,,29.3,,1.4,,8,,,1:30,
FIMS_38,Dry,2024,TS9,,Bay Anchovy,,,5,,,,c,100,,29.3,,1.4,,8,,,1:30,
FIMS_38,Dry,2024,TS9,,Bay Anchovy,,,5,,,,c,100,,29.3,,1.4,,8,,,1:30,
FIMS_38,Dry,2024,TS9,,Bay Anchovy,,,5,,,,c,100,,29.3,,1.4,,8,,,1:30,
FIMS_38,Dry,2024,TS9,,Bay Anchovy,,,5,,,,c,100,,29.3,,1.4,,8,,,1:30,
FIMS_38,Dry,2024,TS9,,Bay Anchovy,,,5,,,,c,100,,29.3,,1.4,,8,,,1:30,
FIMS_38,Dry,2024,TS9,,Bay Anchovy,,,5,,,,c,100,,29.3,,1.4,,8,,,1:30,
FIMS_38,Dry,2024,TS9,,Bay Anchovy,,,5,,,,c,100,,29.3,,1.4,,8,,,1:30,
FIMS_38,Dry,2024,TS9,,Bay Anchovy,,,5,,,,c,100,,29.3,,1.4,,8,,,1:30,
FIMS_38,Dry,2024,TS9,,Bay Anchovy,,,5,,,,c,100,,29.3,,1.4,,8,,,1:30,
FIMS_38,Dry,2024,TS9,,Bay Anchovy,,,5,,,,c,100,,29.3,,1.4,,8,,,1:30,
FIMS_38,Dry,2024,TS9,,Bay Anchovy,,,5,,,,c,100,,29.3,,1.4,,8,,,1:30,
FIMS_38,Dry,2024,TS9,,Bay Anchovy,,,5,,,,c,100,,29.3,,1.4,,8,,,1:30,
FIMS_38,Dry,2024,TS9,,Bay Anchovy,,,5,,,,c,100,,29.3,,1.4,,8,,,1:30,
FIMS_38,Dry,2024,TS9,,Bay Anchovy,,,5,,,,c,100,,29.3,,1.4,,8,,,1:30,
FIMS_38,Dry,2024,TS9,,Bay Anchovy,,,5,,,,c,100,,29.3,,1.4,,8,,,1:30,
FIMS_38,Dry,2024,TS9,,Bay Anchovy,,,5,,,,c,100,,29.3,,1.4,,8,,,1:30,
FIMS_38,Dry,2024,TS9,,Bay Anchovy,,,5,,,,c,100,,29.3,,1.4,,8,,,1:30,
FIMS_38,Dry,2024,TS9,,Bay Anchovy,,,5,,,,c,100,,29.3,,1.4,,8,,,1:30,
FIMS_38,Dry,2024,TS9,,Bay Anchovy,,,5,,,,c,100,,29.3,,1.4,,8,,,1:30,
FIMS_38,Dry,2024,TS9,,Bay Anchovy,,,5,,,,c,100,,29.3,,1.4,,8,,,1:30,
FIMS_38,Dry,2024,TS9,,Bay Anchovy,,,5,,,,c,100,,29.3,,1.4,,8,,,1:30,
FIMS_38,Dry,2024,TS9,,Bay Anchovy,,,5,,,,c,100,,29.3,,1.4,,8,,,1:30,
FIMS_38,Dry,2024,TS9,,Bay Anchovy,,,5,,,,c,100,,29.3,,1.4,,8,,,1:30,
FIMS_38,Dry,2024,TS9,,Bay Anchovy,,,5,,,,c,100,,29.3,,1.4,,8,,,1:30,
FIMS_38,Dry,2024,TS9,,Bay Anchovy,,,5,,,,c,100,,29.3,,1.4,,8,,,1:30,
FIMS_38,Dry,2024,TS9,,Bay Anchovy,,,5,,,,c,100,,29.3,,1.4,,8,,,1:30,
FIMS_38,Dry,2024,TS9,,Bay Anchovy,,,5,,,,c,100,,29.3,,1.4,,8,,,1:30,
FIMS_38,Dry,2024,TS9,,Bay Anchovy,,,5,,,,c,100,,29.3,,1.4,,8,,,1:30,
FIMS_38,Dry,2024,TS9,,Bay Anchovy,,,5,,,,c,100,,29.3,,1.4,,8,,,1:30,
FIMS_38,Dry,2024,TS9,,Bay Anchovy,,,5,,,,c,100,,29.3,,1.4,,8,,,1:30,
FIMS_38,Dry,2024,TS9,,Bay Anchovy,,,5,,,,c,100,,29.3,,1.4,,8,,,1:30,
FIMS_38,Dry,2024,TS9,,Bay Anchovy,,,5,,,,c,100,,29.3,,1.4,,8,,,1:30,
FIMS_38,Dry,2024,TS9,,Bay Anchovy,,,5,,,,c,100,,29.3,,1.4,,8,,,1:30,
FIMS_38,Dry,2024,TS9,,Bay Anchovy,,,5,,,,c,100,,29.3,,1.4,,8,,,1:30,
FIMS_38,Dry,2024,TS9,,Bay Anchovy,,,5,,,,c,100,,29.3,,1.4,,8,,,1:30,
FIMS_38,Dry,2024,TS9,,Bay Anchovy,,,5,,,,c,100,,29.3,,1.4,,8,,,1:30,
FIMS_38,Dry,2024,TS9,,Bay Anchovy,,,5,,,,c,100,,29.3,,1.4,,8,,,1:30,
FIMS_38,Dry,2024,TS9,,Bay Anchovy,,,5,,,,c,100,,29.3,,1.4,,8,,,1:30,
FIMS_38,Dry,2024,TS9,,Bay Anchovy,,,5,,,,c,100,,29.3,,1.4,,8,,,1:30,
FIMS_38,Dry,2024,TS9,,Bay Anchovy,,,5,,,,c,100,,29.3,,1.4,,8,,,1:30,
FIMS_38,Dry,2024,TS9,,Bay Anchovy,,,5,,,,c,100,,29.3,,1.4,,8,,,1:30,
FIMS_38,Dry,2024,TS9,,Bay Anchovy,,,5,,,,c,100,,29.3,,1.4,,8,,,1:30,
FIMS_38,Dry,2024,TS9,,Bay Anchovy,,,5,,,,c,100,,29.3,,1.4,,8,,,1:30,
FIMS_38,Dry,2024,TS9,,Bay Anchovy,,,5,,,,c,100,,29.3,,1.4,,8,,,1:30,
FIMS_38,Dry,2024,TS9,,Bay Anchovy,,,5,,,,c,100,,29.3,,1.4,,8,,,1:30,
FIMS_38,Dry,2024,TS9,,Bay Anchovy,,,5,,,,c,100,,29.3,,1.4,,8,,,1:30,
FIMS_38,Dry,2024,TS9,,Bay Anchovy,,,5,,,,c,100,,29.3,,1.4,,8,,,1:30,
FIMS_38,Dry,2024,TS9,,Bay Anchovy,,,5,,,,c,100,,29.3,,1.4,,8,,,1:30,
FIMS_38,Dry,2024,TS9,,Bay Anchovy,,,5,,,,c,100,,29.3,,1.4,,8,,,1:30,
FIMS_38,Dry,2024,TS9,,Bay Anchovy,,,5,,,,c,100,,29.3,,1.4,,8,,,1:30,
FIMS_38,Dry,2024,TS9,,Bay Anchovy,,,5,,,,c,100,,29.3,,1.4,,8,,,1:30,
FIMS_38,Dry,2024,TS9,,Bay Anchovy,,,5,,,,c,100,,29.3,,1.4,,8,,,1:30,
FIMS_38,Dry,2024,TS9,,Bay Anchovy,,,5,,,,c,100,,29.3,,1.4,,8,,,1:30,
FIMS_38,Dry,2024,TS9,,Bay Anchovy,,,5,,,,c,100,,29.3,,1.4,,8,,,1:30,
FIMS_38,Dry,2024,TS9,,Bay Anchovy,,,5,,,,c,100,,29.3,,1.4,,8,,,1:30,
FIMS_38,Dry,2024,TS9,,Bay Anchovy,,,5,,,,c,100,,29.3,,1.4,,8,,,1:30,
FIMS_38,Dry,2024,TS9,,Bay Anchovy,,,5,,,,c,100,,29.3,,1.4,,8,,,1:30,
FIMS_38,Dry,2024,TS9,,Bay Anchovy,,,5,,,,c,100,,29.3,,1.4,,8,,,1:30,
FIMS_38,Dry,2024,TS9,,Bay Anchovy,,,5,,,,c,100,,29.3,,1.4,,8,,,1:30,
FIMS_38,Dry,2024,TS9,,Bay Anchovy,,,5,,,,c,100,,29.3,,1.4,,8,,,1:30,
FIMS_38,Dry,2024,TS9,,Bay Anchovy,,,5,,,,c,100,,29.3,,1.4,,8,,,1:30,
FIMS_38,Dry,2024,TS9,,Bay Anchovy,,,5,,,,c,100,,29.3,,1.4,,8,,,1:30,
FIMS_38,Dry,2024,TS9,,Bay Anchovy,,,5,,,,c,100,,29.3,,1.4,,8,,,1:30,
FIMS_38,Dry,2024,TS9,,Bay Anchovy,,,5,,,,c,100,,29.3,,1.4,,8,,,1:30,
FIMS_38,Dry,2024,TS9,,Bay Anchovy,,,5,,,,c,100,,29.3,,1.4,,8,,,1:30,
FIMS_38,Dry,2024,TS9,,Bay Anchovy,,,5,,,,c,100,,29.3,,1.4,,8,,,1:30,
FIMS_38,Dry,2024,TS9,,Bay Anchovy,,,5,,,,c,100,,29.3,,1.4,,8,,,1:30,
FIMS_38,Dry,2024,TS9,,Bay Anchovy,,,5,,,,c,100,,29.3,,1.4,,8,,,1:30,
FIMS_38,Dry,2024,TS9,,Bay Anchovy,,,5,,,,c,100,,29.3,,1.4,,8,,,1:30,
FIMS_38,Dry,2024,TS9,,Bay Anchovy,,,5,,,,c,100,,29.3,,1.4,,8,,,1:30,
FIMS-51,Dry,2025,TS10,,Atlantic Blue Crab,,,,,8.58,45,,111,7.1,28.7,36.7,0.6,55423,3,,,9:49,10:05
FIMS-51,Dry,2025,TS10,,Ornate Blue Crab,,,,,5.34,10,,111,7.1,28.7,36.7,0.6,55423,3,,,9:49,10:05
FIMS-51,Dry,2025,TS10,,Gulf Pipefish,,,,,187.4,5,,111,7.1,28.7,36.7,0.6,55423,3,,,9:49,10:05
FIMS-51,Dry,2025,TS10,,Gulf Pipefish,,,,,9.3,0.73,,111,7.1,28.7,36.7,0.6,55423,3,,,9:49,10:05
FIMS-51,Dry,2025,TS10,,Spot Tailed Goby,,,,3.4,4.2,0.59,,111,7.1,28.7,36.7,0.6,55423,3,,,9:49,10:05
FIMS-51,Dry,2025,TS10,,Spot Tailed Goby,,,,1.4,1.8,0.11,,111,7.1,28.7,36.7,0.6,55423,3,,,9:49,10:05
FIMS-51,Dry,2025,TS10,,Spot Tailed Goby,,,,1.3,1.6,0.07,,111,7.1,28.7,36.7,0.6,55423,3,,,9:49,10:05
FIMS-51,Dry,2025,TS10,,Dwarf Seahorse,,,,,2.1,0.04,,111,7.1,28.7,36.7,0.6,55423,3,,,9:49,10:05
FIMS-51,Dry,2025,TS10,,Dwarf Seahorse,,,,,1.9,0.04,,111,7.1,28.7,36.7,0.6,55423,3,,,9:49,10:05
FIMS-51,Dry,2025,TS10,,Silver Jenny,,,,6.1,7.9,7.78,,111,7.1,28.7,36.7,0.6,55423,3,,,9:49,10:05
FIMS-51,Dry,2025,TS10,,Silver Jenny,,,,5.8,7.6,6.51,,111,7.1,28.7,36.7,0.6,55423,3,,,9:49,10:05
FIMS-51,Dry,2025,TS10,,Silver Jenny,,,,5.3,6.1,4.6,,111,7.1,28.7,36.7,0.6,55423,3,,,9:49,10:05
FIMS-51,Dry,2025,TS10,,Silver Jenny,,,,5.1,6.5,3.91,,111,7.1,28.7,36.7,0.6,55423,3,,,9:49,10:05
FIMS-51,Dry,2025,TS10,,Silver Jenny,,,,4.9,6.2,4.02,,111,7.1,28.7,36.7,0.6,55423,3,,,9:49,10:05
FIMS-51,Dry,2025,TS10,,Silver Jenny,,,,5.4,7.1,4.8,,111,7.1,28.7,36.7,0.6,55423,3,,,9:49,10:05
FIMS-51,Dry,2025,TS10,,Goldspotted Killifish,,,,2.5,3.3,0.82,,111,7.1,28.7,36.7,0.6,55423,3,,,9:49,10:05
FIMS-51,Dry,2025,TS10,,Goldspotted Killifish,,,,2.9,3.1,0.89,,111,7.1,28.7,36.7,0.6,55423,3,,,9:49,10:05
FIMS-51,Dry,2025,TS10,,Goldspotted Killifish,,,,2.1,2.6,0.38,,111,7.1,28.7,36.7,0.6,55423,3,,,9:49,10:05
FIMS-51,Dry,2025,TS10,,Goldspotted Killifish,,,,2.5,3.4,0.77,,111,7.1,28.7,36.7,0.6,55423,3,,,9:49,10:05
FIMS-51,Dry,2025,TS10,,Goldspotted Killifish,,,,2.3,2.8,0.52,,111,7.1,28.7,36.7,0.6,55423,3,,,9:49,10:05
FIMS-51,Dry,2025,TS10,,Goldspotted Killifish,,,,2,2.5,0.44,,111,7.1,28.7,36.7,0.6,55423,3,,,9:49,10:05
FIMS-51,Dry,2025,TS10,,Goldspotted Killifish,,,,2.3,2.9,0.54,,111,7.1,28.7,36.7,0.6,55423,3,,,9:49,10:05
FIMS-51,Dry,2025,TS10,,Goldspotted Killifish,,,,2,2.5,0.35,,111,7.1,28.7,36.7,0.6,55423,3,,,9:49,10:05
FIMS-51,Dry,2025,TS10,,Goldspotted Killifish,,,,2,2.5,0.42,,111,7.1,28.7,36.7,0.6,55423,3,,,9:49,10:05
FIMS-51,Dry,2025,TS10,,Goldspotted Killifish,,,,2.1,2.65,0.41,,111,7.1,28.7,36.7,0.6,55423,3,,,9:49,10:05
FIMS-51,Dry,2025,TS10,,Goldspotted Killifish,,,,2,2.5,0.4,,111,7.1,28.7,36.7,0.6,55423,3,,,9:49,10:05
FIMS-51,Dry,2025,TS10,,Goldspotted Killifish,,,,1.9,2.3,0.37,,111,7.1,28.7,36.7,0.6,55423,3,,,9:49,10:05
FIMS-51,Dry,2025,TS10,,Goldspotted Killifish,,,,2.1,2.7,0.41,,111,7.1,28.7,36.7,0.6,55423,3,,,9:49,10:05
FIMS-51,Dry,2025,TS10,,Goldspotted Killifish,,,,1.75,2.1,0.24,,111,7.1,28.7,36.7,0.6,55423,3,,,9:49,10:05
FIMS-51,Dry,2025,TS10,,Goldspotted Killifish,,,,1.6,2,0.18,,111,7.1,28.7,36.7,0.6,55423,3,,,9:49,10:05
FIMS-51,Dry,2025,TS10,,Goldspotted Killifish,,,,1.7,2.1,0.22,,111,7.1,28.7,36.7,0.6,55423,3,,,9:49,10:05
FIMS-51,Dry,2025,TS10,,Goldspotted Killifish,,,,1.9,2.5,0.27,,111,7.1,28.7,36.7,0.6,55423,3,,,9:49,10:05
FIMS-51,Dry,2025,TS10,,Goldspotted Killifish,,,,1.8,2.3,0.29,,111,7.1,28.7,36.7,0.6,55423,3,,,9:49,10:05
FIMS-51,Dry,2025,TS10,,Goldspotted Killifish,,,,1.2,1.9,0.13,,111,7.1,28.7,36.7,0.6,55423,3,,,9:49,10:05
FIMS-51,Dry,2025,TS10,,Pink Shrimp,,,,,3.3,0.32,,111,7.1,28.7,36.7,0.6,55423,3,,,9:49,10:05
FIMS-51,Dry,2025,TS10,,Pink Shrimp,,,,,3.3,0.29,,111,7.1,28.7,36.7,0.6,55423,3,,,9:49,10:05
FIMS-51,Dry,2025,TS10,,Eastern Grass Shrimp,,,,,1.3,0.001,,111,7.1,28.7,36.7,0.6,55423,3,,,9:49,10:05
FIMS-51,Dry,2025,TS10,,Eastern Grass Shrimp,,,,,1.3,0.02,,111,7.1,28.7,36.7,0.6,55423,3,,,9:49,10:05
FIMS-51,Dry,2025,TS10,,Eastern Grass Shrimp,,,,,1.5,0.05,,111,7.1,28.7,36.7,0.6,55423,3,,,9:49,10:05
FIMS-51,Dry,2025,TS10,,Eastern Grass Shrimp,,,,,1.4,0.05,,111,7.1,28.7,36.7,0.6,55423,3,,,9:49,10:05
FIMS-52,Dry,2025,TS10,,Northern Seahorse,,,,,2.9,0.11,,110,7,28.7,36.6,0.7,55390,2,,,9:07,9:24
FIMS-52,Dry,2025,TS10,,Northern Seahorse,,,,,2.8,0.13,,110,7,28.7,36.6,0.7,55390,2,,,9:07,9:24
FIMS-52,Dry,2025,TS10,,Northern Seahorse,,,,,2,0.03,,110,7,28.7,36.6,0.7,55390,2,,,9:07,9:24
FIMS-52,Dry,2025,TS10,,Dwarf Seahorse,,,,,2.4,0.04,,110,7,28.7,36.6,0.7,55390,2,,,9:07,9:24
FIMS-52,Dry,2025,TS10,,Dwarf Seahorse,,,,,2.1,0.04,,110,7,28.7,36.6,0.7,55390,2,,,9:07,9:24
FIMS-52,Dry,2025,TS10,,Dwarf Seahorse,,,,,2.2,0.06,,110,7,28.7,36.6,0.7,55390,2,,,9:07,9:24
FIMS-52,Dry,2025,TS10,,Dwarf Seahorse,,,,,1.7,0.02,,110,7,28.7,36.6,0.7,55390,2,,,9:07,9:24
FIMS-52,Dry,2025,TS10,,Dwarf Seahorse,,,,,2.4,0.04,,110,7,28.7,36.6,0.7,55390,2,,,9:07,9:24
FIMS-52,Dry,2025,TS10,,Silver Jenny,,,,5.5,7.1,4.71,,110,7,28.7,36.6,0.7,55390,2,,,9:07,9:24
FIMS-52,Dry,2025,TS10,,Silver Jenny,,,,3.6,4.9,1.4,,110,7,28.7,36.6,0.7,55390,2,,,9:07,9:24
FIMS-52,Dry,2025,TS10,,Silver Jenny,,,,5.5,7.4,4.94,,110,7,28.7,36.6,0.7,55390,2,,,9:07,9:24
FIMS-52,Dry,2025,TS10,,Silver Jenny,,,,4.8,6.2,3.49,,110,7,28.7,36.6,0.7,55390,2,,,9:07,9:24
FIMS-52,Dry,2025,TS10,,Silver Jenny,,,,4.8,6.4,3.2,,110,7,28.7,36.6,0.7,55390,2,,,9:07,9:24
FIMS-52,Dry,2025,TS10,,Silver Jenny,,,,4.7,6.2,3.28,,110,7,28.7,36.6,0.7,55390,2,,,9:07,9:24
FIMS-52,Dry,2025,TS10,,Silver Jenny,,,,4.4,5.6,2.28,,110,7,28.7,36.6,0.7,55390,2,,,9:07,9:24
FIMS-52,Dry,2025,TS10,,Silver Jenny,,,,4,5,1.48,,110,7,28.7,36.6,0.7,55390,2,,,9:07,9:24
FIMS-52,Dry,2025,TS10,,Silver Jenny,,,,4.5,5.2,1.97,,110,7,28.7,36.6,0.7,55390,2,,,9:07,9:24
FIMS-52,Dry,2025,TS10,,Clown Goby,,,,3.3,4.3,0.59,,110,7,28.7,36.6,0.7,55390,2,,,9:07,9:24
FIMS-52,Dry,2025,TS10,,Sargassum Swimming Crab,,,,,0.7,0.11,,110,7,28.7,36.6,0.7,55390,2,,,9:07,9:24
FIMS-52,Dry,2025,TS10,,Sargassum Swimming Crab,,,,,2.6,2.15,,110,7,28.7,36.6,0.7,55390,2,,,9:07,9:24
FIMS-52,Dry,2025,TS10,,Goldspotted Killifish,,,,2.4,3,0.59,,110,7,28.7,36.6,0.7,55390,2,,,9:07,9:24
FIMS-52,Dry,2025,TS10,,Goldspotted Killifish,,,,2.9,3.8,1.23,,110,7,28.7,36.6,0.7,55390,2,,,9:07,9:24
FIMS-52,Dry,2025,TS10,,Goldspotted Killifish,,,,2.7,3.9,1.2,,110,7,28.7,36.6,0.7,55390,2,,,9:07,9:24
FIMS-52,Dry,2025,TS10,,Goldspotted Killifish,,,,2.2,2.9,0.92,,110,7,28.7,36.6,0.7,55390,2,,,9:07,9:24
FIMS-52,Dry,2025,TS10,,Goldspotted Killifish,,,,1.9,2.2,0.35,,110,7,28.7,36.6,0.7,55390,2,,,9:07,9:24
FIMS-52,Dry,2025,TS10,,Goldspotted Killifish,,,,2,2.5,0.34,,110,7,28.7,36.6,0.7,55390,2,,,9:07,9:24
FIMS-52,Dry,2025,TS10,,Goldspotted Killifish,,,,1.9,2.4,0.3,,110,7,28.7,36.6,0.7,55390,2,,,9:07,9:24
FIMS-52,Dry,2025,TS10,,Goldspotted Killifish,,,,1.8,2.4,0.33,,110,7,28.7,36.6,0.7,55390,2,,,9:07,9:24
FIMS-52,Dry,2025,TS10,,Goldspotted Killifish,,,,1.9,2.4,0.39,,110,7,28.7,36.6,0.7,55390,2,,,9:07,9:24
FIMS-52,Dry,2025,TS10,,Goldspotted Killifish,,,,1.9,2.4,0.31,,110,7,28.7,36.6,0.7,55390,2,,,9:07,9:24
FIMS-52,Dry,2025,TS10,,Goldspotted Killifish,,,,2.1,2.5,0.42,,110,7,28.7,36.6,0.7,55390,2,,,9:07,9:24
FIMS-52,Dry,2025,TS10,,Goldspotted Killifish,,,,2.1,2.4,0.42,,110,7,28.7,36.6,0.7,55390,2,,,9:07,9:24
FIMS-52,Dry,2025,TS10,,Goldspotted Killifish,,,,1.8,2.3,0.27,,110,7,28.7,36.6,0.7,55390,2,,,9:07,9:24
FIMS-52,Dry,2025,TS10,,Goldspotted Killifish,,,,1.6,2.1,0.22,,110,7,28.7,36.6,0.7,55390,2,,,9:07,9:24
FIMS-52,Dry,2025,TS10,,Goldspotted Killifish,,,,1.7,2.2,0.23,,110,7,28.7,36.6,0.7,55390,2,,,9:07,9:24
FIMS-52,Dry,2025,TS10,,Goldspotted Killifish,,,,1.7,2.2,0.25,,110,7,28.7,36.6,0.7,55390,2,,,9:07,9:24
FIMS-52,Dry,2025,TS10,,Goldspotted Killifish,,,,1.7,2.3,0.26,,110,7,28.7,36.6,0.7,55390,2,,,9:07,9:24
FIMS-52,Dry,2025,TS10,,Goldspotted Killifish,,,,1.6,2.2,0.25,,110,7,28.7,36.6,0.7,55390,2,,,9:07,9:24
FIMS-52,Dry,2025,TS10,,Goldspotted Killifish,,,,1.6,1.8,0.23,,110,7,28.7,36.6,0.7,55390,2,,,9:07,9:24
FIMS-52,Dry,2025,TS10,,Goldspotted Killifish,,,,1.7,2.2,0.26,,110,7,28.7,36.6,0.7,55390,2,,,9:07,9:24
FIMS-52,Dry,2025,TS10,,Goldspotted Killifish,,,,1.7,2.2,0.23,,110,7,28.7,36.6,0.7,55390,2,,,9:07,9:24
FIMS-52,Dry,2025,TS10,,Goldspotted Killifish,,,,1.7,2.1,0.22,,110,7,28.7,36.6,0.7,55390,2,,,9:07,9:24
FIMS-52,Dry,2025,TS10,,Goldspotted Killifish,,,,1.7,2.1,0.17,,110,7,28.7,36.6,0.7,55390,2,,,9:07,9:24
FIMS-52,Dry,2025,TS10,,Goldspotted Killifish,,,,1.8,2.3,0.23,,110,7,28.7,36.6,0.7,55390,2,,,9:07,9:24
FIMS-52,Dry,2025,TS10,,Goldspotted Killifish,,,,1.7,2.1,0.2,,110,7,28.7,36.6,0.7,55390,2,,,9:07,9:24
FIMS-52,Dry,2025,TS10,,Goldspotted Killifish,,,,1.4,1.9,0.12,,110,7,28.7,36.6,0.7,55390,2,,,9:07,9:24
FIMS-52,Dry,2025,TS10,,Goldspotted Killifish,,,,1.5,1.8,0.11,,110,7,28.7,36.6,0.7,55390,2,,,9:07,9:24
FIMS-52,Dry,2025,TS10,,Goldspotted Killifish,,,,1.5,1.9,0.14,,110,7,28.7,36.6,0.7,55390,2,,,9:07,9:24
FIMS-52,Dry,2025,TS10,,Goldspotted Killifish,,,,1.5,1.9,0.15,,110,7,28.7,36.6,0.7,55390,2,,,9:07,9:24
FIMS-52,Dry,2025,TS10,,Goldspotted Killifish,,,,1.6,1.8,0.16,,110,7,28.7,36.6,0.7,55390,2,,,9:07,9:24
FIMS-52,Dry,2025,TS10,,Goldspotted Killifish,,,,1.4,1.9,0.11,,110,7,28.7,36.6,0.7,55390,2,,,9:07,9:24
FIMS-52,Dry,2025,TS10,,Goldspotted Killifish,,,,1.3,1.7,0.09,,110,7,28.7,36.6,0.7,55390,2,,,9:07,9:24
FIMS-52,Dry,2025,TS10,,Goldspotted Killifish,,,,1.3,1.7,0.1,,110,7,28.7,36.6,0.7,55390,2,,,9:07,9:24
FIMS-52,Dry,2025,TS10,,Eastern Grass Shrimp,,,,,7,2.58,,110,7,28.7,36.6,0.7,55390,2,,,9:07,9:24
FIMS-52,Dry,2025,TS10,,Eastern Grass Shrimp,,,,,4.4,0.62,,110,7,28.7,36.6,0.7,55390,2,,,9:07,9:24
FIMS-52,Dry,2025,TS10,,Eastern Grass Shrimp,,,,,3.95,0.56,,110,7,28.7,36.6,0.7,55390,2,,,9:07,9:24
FIMS-52,Dry,2025,TS10,,Eastern Grass Shrimp,,,,,4.9,0.99,,110,7,28.7,36.6,0.7,55390,2,,,9:07,9:24
FIMS-52,Dry,2025,TS10,,Eastern Grass Shrimp,,,,,4.4,0.57,,110,7,28.7,36.6,0.7,55390,2,,,9:07,9:24
FIMS-52,Dry,2025,TS10,,Eastern Grass Shrimp,,,,,2.9,0.22,,110,7,28.7,36.6,0.7,55390,2,,,9:07,9:24
FIMS-52,Dry,2025,TS10,,Eastern Grass Shrimp,,,,,2.9,0.19,,110,7,28.7,36.6,0.7,55390,2,,,9:07,9:24
FIMS-52,Dry,2025,TS10,,Eastern Grass Shrimp,,,,,3.6,0.32,,110,7,28.7,36.6,0.7,55390,2,,,9:07,9:24
FIMS-52,Dry,2025,TS10,,Eastern Grass Shrimp,,,,,3.4,0.36,,110,7,28.7,36.6,0.7,55390,2,,,9:07,9:24
FIMS-52,Dry,2025,TS10,,Gulf pipefish,,,,,12.3,0.41,,110,7,28.7,36.6,0.7,55390,2,,,9:07,9:24
FIMS-46,Dry,2025,TS10,,Ornate Crab,,,,,4.91,7.69,,132,8.2,29.1,36.6,0.7,55380,1,,,10:21,10:36
FIMS-46,Dry,2025,TS10,,Ornate Crab,,,,,6.66,19.02,,132,8.2,29.1,36.6,0.7,55380,1,,,10:21,10:36
FIMS-46,Dry,2025,TS10,,Ornate Crab,,,,,6.23,15.48,,132,8.2,29.1,36.6,0.7,55380,1,,,10:21,10:36
FIMS-46,Dry,2025,TS10,,Ornate Crab,,,,,6.54,20.89,,132,8.2,29.1,36.6,0.7,55380,1,,,10:21,10:36
FIMS-46,Dry,2025,TS10,,Hogchocker,,,,49,6.4,5.9,,132,8.2,29.1,36.6,0.7,55380,1,,,10:21,10:36
FIMS-46,Dry,2025,TS10,,Gray Snapper,,,,58.9,7.32,6.74,,132,8.2,29.1,36.6,0.7,55380,1,,,10:21,10:36
FIMS-46,Dry,2025,TS10,,Dwarf Seahorse,,,,,1.92,0.04,,132,8.2,29.1,36.6,0.7,55380,1,,,10:21,10:36
FIMS-46,Dry,2025,TS10,,Dwarf Seahorse,,,,,2.5,0.03,,132,8.2,29.1,36.6,0.7,55380,1,,,10:21,10:36
FIMS-46,Dry,2025,TS10,,Yellow Seahorse,,,,,4.4,0.55,,132,8.2,29.1,36.6,0.7,55380,1,,,10:21,10:36
FIMS-46,Dry,2025,TS10,,Northern Seahorse,,,,,3.6,0.27,,132,8.2,29.1,36.6,0.7,55380,1,,,10:21,10:36
FIMS-46,Dry,2025,TS10,,Northern Seahorse,,,,,3.7,0.18,,132,8.2,29.1,36.6,0.7,55380,1,,,10:21,10:36
FIMS-46,Dry,2025,TS10,,Northern Seahorse,,,,,3.3,0.29,,132,8.2,29.1,36.6,0.7,55380,1,,,10:21,10:36
FIMS-46,Dry,2025,TS10,,Northern Seahorse,,,,,3.3,0.22,,132,8.2,29.1,36.6,0.7,55380,1,,,10:21,10:36
FIMS-46,Dry,2025,TS10,,Northern Seahorse,,,,,3,0.14,,132,8.2,29.1,36.6,0.7,55380,1,,,10:21,10:36
FIMS-46,Dry,2025,TS10,,Northern Seahorse,,,,,2.6,0.1,,132,8.2,29.1,36.6,0.7,55380,1,,,10:21,10:36
FIMS-46,Dry,2025,TS10,,Silver Jenny,,,,7.8,9.8,14.53,,132,8.2,29.1,36.6,0.7,55380,1,,,10:21,10:36
FIMS-46,Dry,2025,TS10,,Silver Jenny,,,,5.3,7.1,5.21,,132,8.2,29.1,36.6,0.7,55380,1,,,10:21,10:36
FIMS-46,Dry,2025,TS10,,Silver Jenny,,,,6.9,8.2,10.5,,132,8.2,29.1,36.6,0.7,55380,1,,,10:21,10:36
FIMS-46,Dry,2025,TS10,,Silver Jenny,,,,6.4,8.5,8.78,,132,8.2,29.1,36.6,0.7,55380,1,,,10:21,10:36
FIMS-46,Dry,2025,TS10,,Silver Jenny,,,,6.7,8.3,7.38,,132,8.2,29.1,36.6,0.7,55380,1,,,10:21,10:36
FIMS-46,Dry,2025,TS10,,Silver Jenny,,,,5.4,7.1,4.75,,132,8.2,29.1,36.6,0.7,55380,1,,,10:21,10:36
FIMS-46,Dry,2025,TS10,,Silver Jenny,,,,5.5,7.3,5.03,,132,8.2,29.1,36.6,0.7,55380,1,,,10:21,10:36
FIMS-46,Dry,2025,TS10,,Silver Jenny,,,,6.4,8.1,7.58,,132,8.2,29.1,36.6,0.7,55380,1,,,10:21,10:36
FIMS-46,Dry,2025,TS10,,Silver Jenny,,,,5.8,7.6,6.61,,132,8.2,29.1,36.6,0.7,55380,1,,,10:21,10:36
FIMS-46,Dry,2025,TS10,,Silver Jenny,,,,5.8,7.2,5.5,,132,8.2,29.1,36.6,0.7,55380,1,,,10:21,10:36
FIMS-46,Dry,2025,TS10,,Silver Jenny,,,,5.5,7.1,5.17,,132,8.2,29.1,36.6,0.7,55380,1,,,10:21,10:36
FIMS-46,Dry,2025,TS10,,Silver Jenny,,,,5.1,6.5,4.13,,132,8.2,29.1,36.6,0.7,55380,1,,,10:21,10:36
FIMS-46,Dry,2025,TS10,,Silver Jenny,,,,4.9,6.6,4.01,,132,8.2,29.1,36.6,0.7,55380,1,,,10:21,10:36
FIMS-46,Dry,2025,TS10,,Silver Jenny,,,,4.6,6.1,3.45,,132,8.2,29.1,36.6,0.7,55380,1,,,10:21,10:36
FIMS-46,Dry,2025,TS10,,Silver Jenny,,,,5.4,7,4.24,,132,8.2,29.1,36.6,0.7,55380,1,,,10:21,10:36
FIMS-46,Dry,2025,TS10,,Silver Jenny,,,,5.3,6.7,4.73,,132,8.2,29.1,36.6,0.7,55380,1,,,10:21,10:36
FIMS-46,Dry,2025,TS10,,Silver Jenny,,,,4.4,5.7,2.72,,132,8.2,29.1,36.6,0.7,55380,1,,,10:21,10:36
FIMS-46,Dry,2025,TS10,,Silver Jenny,,,,4.6,5.8,2.95,,132,8.2,29.1,36.6,0.7,55380,1,,,10:21,10:36
FIMS-46,Dry,2025,TS10,,Silver Jenny,,,,4.7,6.1,3.5,,132,8.2,29.1,36.6,0.7,55380,1,,,10:21,10:36
FIMS-46,Dry,2025,TS10,,Silver Jenny,,,,5.1,6.8,4.4,,132,8.2,29.1,36.6,0.7,55380,1,,,10:21,10:36
FIMS-46,Dry,2025,TS10,,Silver Jenny,,,,4.1,5.2,2.17,,132,8.2,29.1,36.6,0.7,55380,1,,,10:21,10:36
FIMS-46,Dry,2025,TS10,,Silver Jenny,,,,1.4,1.8,0.1,,132,8.2,29.1,36.6,0.7,55380,1,,,10:21,10:36
FIMS-46,Dry,2025,TS10,,Atlantic Needlefish,,,,,6.5,0.37,,132,8.2,29.1,36.6,0.7,55380,1,,,10:21,10:36
FIMS-46,Dry,2025,TS10,,Gulf Pipefish,,,,,9.9,0.98,,132,8.2,29.1,36.6,0.7,55380,1,,,10:21,10:36
FIMS-46,Dry,2025,TS10,,Gulf Pipefish,,,,,10.9,1.4,,132,8.2,29.1,36.6,0.7,55380,1,,,10:21,10:36
FIMS-46,Dry,2025,TS10,,Gulf Pipefish,,,,,9.3,0.84,,132,8.2,29.1,36.6,0.7,55380,1,,,10:21,10:36
FIMS-46,Dry,2025,TS10,,Gulf Pipefish,,,,,7.2,0.33,,132,8.2,29.1,36.6,0.7,55380,1,,,10:21,10:36
FIMS-46,Dry,2025,TS10,,Gulf Pipefish,,,,,9.32,0.81,,132,8.2,29.1,36.6,0.7,55380,1,,,10:21,10:36
FIMS-46,Dry,2025,TS10,,Gulf Pipefish,,,,,6.8,0.37,,132,8.2,29.1,36.6,0.7,55380,1,,,10:21,10:36
FIMS-46,Dry,2025,TS10,,Gulf Pipefish,,,,,12.1,1.67,,132,8.2,29.1,36.6,0.7,55380,1,,,10:21,10:36
FIMS-46,Dry,2025,TS10,,Goldspotted Killifish,,,,2,2.4,0.3,,132,8.2,29.1,36.6,0.7,55380,1,,,10:21,10:36
FIMS-46,Dry,2025,TS10,,Goldspotted Killifish,,,,3,3.9,1.36,,132,8.2,29.1,36.6,0.7,55380,1,,,10:21,10:36
FIMS-46,Dry,2025,TS10,,Goldspotted Killifish,,,,3.5,4.6,2.06,,132,8.2,29.1,36.6,0.7,55380,1,,,10:21,10:36
FIMS-46,Dry,2025,TS10,,Goldspotted Killifish,,,,3.5,4.3,1.6,,132,8.2,29.1,36.6,0.7,55380,1,,,10:21,10:36
FIMS-46,Dry,2025,TS10,,Goldspotted Killifish,,,,3,3.7,1.15,,132,8.2,29.1,36.6,0.7,55380,1,,,10:21,10:36
FIMS-46,Dry,2025,TS10,,Goldspotted Killifish,,,,3,3.6,1.11,,132,8.2,29.1,36.6,0.7,55380,1,,,10:21,10:36
FIMS-46,Dry,2025,TS10,,Goldspotted Killifish,,,,3,3.6,1.24,,132,8.2,29.1,36.6,0.7,55380,1,,,10:21,10:36
FIMS-46,Dry,2025,TS10,,Goldspotted Killifish,,,,2.9,3.6,1.17,,132,8.2,29.1,36.6,0.7,55380,1,,,10:21,10:36
FIMS-46,Dry,2025,TS10,,Goldspotted Killifish,,,,2.8,3.7,1.09,,132,8.2,29.1,36.6,0.7,55380,1,,,10:21,10:36
FIMS-46,Dry,2025,TS10,,Goldspotted Killifish,,,,3,3.6,1.17,,132,8.2,29.1,36.6,0.7,55380,1,,,10:21,10:36
FIMS-46,Dry,2025,TS10,,Goldspotted Killifish,,,,2.7,3.4,1.01,,132,8.2,29.1,36.6,0.7,55380,1,,,10:21,10:36
FIMS-46,Dry,2025,TS10,,Goldspotted Killifish,,,,2.6,3.4,1.03,,132,8.2,29.1,36.6,0.7,55380,1,,,10:21,10:36
FIMS-46,Dry,2025,TS10,,Goldspotted Killifish,,,,2.5,3.4,0.84,,132,8.2,29.1,36.6,0.7,55380,1,,,10:21,10:36
FIMS-46,Dry,2025,TS10,,Goldspotted Killifish,,,,3,3.8,1.4,,132,8.2,29.1,36.6,0.7,55380,1,,,10:21,10:36
FIMS-46,Dry,2025,TS10,,Goldspotted Killifish,,,,2.3,3,0.64,,132,8.2,29.1,36.6,0.7,55380,1,,,10:21,10:36
FIMS-46,Dry,2025,TS10,,Goldspotted Killifish,,,,2.8,3.1,0.91,,132,8.2,29.1,36.6,0.7,55380,1,,,10:21,10:36
FIMS-46,Dry,2025,TS10,,Goldspotted Killifish,,,,2.3,3.1,0.68,,132,8.2,29.1,36.6,0.7,55380,1,,,10:21,10:36
FIMS-46,Dry,2025,TS10,,Goldspotted Killifish,,,,2.51,3.07,0.62,,132,8.2,29.1,36.6,0.7,55380,1,,,10:21,10:36
FIMS-46,Dry,2025,TS10,,Goldspotted Killifish,,,,2.72,3.38,0.67,,132,8.2,29.1,36.6,0.7,55380,1,,,10:21,10:36
FIMS-46,Dry,2025,TS10,,Goldspotted Killifish,,,,2.45,3.21,0.59,,132,8.2,29.1,36.6,0.7,55380,1,,,10:21,10:36
FIMS-46,Dry,2025,TS10,,Goldspotted Killifish,,,,2.58,3.04,0.49,,132,8.2,29.1,36.6,0.7,55380,1,,,10:21,10:36
FIMS-46,Dry,2025,TS10,,Goldspotted Killifish,,,,2.29,1.81,0.44,,132,8.2,29.1,36.6,0.7,55380,1,,,10:21,10:36
FIMS-46,Dry,2025,TS10,,Goldspotted Killifish,,,,2.68,3.34,0.77,,132,8.2,29.1,36.6,0.7,55380,1,,,10:21,10:36
FIMS-46,Dry,2025,TS10,,Goldspotted Killifish,,,,2.34,3,0.5,,132,8.2,29.1,36.6,0.7,55380,1,,,10:21,10:36
FIMS-46,Dry,2025,TS10,,Goldspotted Killifish,,,,2.71,3.5,0.82,,132,8.2,29.1,36.6,0.7,55380,1,,,10:21,10:36
FIMS-46,Dry,2025,TS10,,Goldspotted Killifish,,,,2.44,3.06,0.24,,132,8.2,29.1,36.6,0.7,55380,1,,,10:21,10:36
FIMS-46,Dry,2025,TS10,,Goldspotted Killifish,,,,2.02,2.49,0.27,,132,8.2,29.1,36.6,0.7,55380,1,,,10:21,10:36
FIMS-46,Dry,2025,TS10,,Goldspotted Killifish,,,,2.09,2.54,0.36,,132,8.2,29.1,36.6,0.7,55380,1,,,10:21,10:36
FIMS-46,Dry,2025,TS10,,Goldspotted Killifish,,,,2.1,2.52,0.36,,132,8.2,29.1,36.6,0.7,55380,1,,,10:21,10:36
FIMS-46,Dry,2025,TS10,,Goldspotted Killifish,,,,2.15,2.59,0.37,,132,8.2,29.1,36.6,0.7,55380,1,,,10:21,10:36
FIMS-46,Dry,2025,TS10,,Goldspotted Killifish,,,,2.59,3.03,0.61,,132,8.2,29.1,36.6,0.7,55380,1,,,10:21,10:36
FIMS-46,Dry,2025,TS10,,Goldspotted Killifish,,,,2.24,2.66,0.4,,132,8.2,29.1,36.6,0.7,55380,1,,,10:21,10:36
FIMS-46,Dry,2025,TS10,,Goldspotted Killifish,,,,1.93,2.09,0.22,,132,8.2,29.1,36.6,0.7,55380,1,,,10:21,10:36
FIMS-46,Dry,2025,TS10,,Goldspotted Killifish,,,,2.15,2.68,0.4,,132,8.2,29.1,36.6,0.7,55380,1,,,10:21,10:36
FIMS-46,Dry,2025,TS10,,Goldspotted Killifish,,,,1.69,2.12,0.19,,132,8.2,29.1,36.6,0.7,55380,1,,,10:21,10:36
FIMS-46,Dry,2025,TS10,,Goldspotted Killifish,,,,1.74,2.12,0.18,,132,8.2,29.1,36.6,0.7,55380,1,,,10:21,10:36
FIMS-46,Dry,2025,TS10,,Goldspotted Killifish,,,,1.59,1.96,0.12,,132,8.2,29.1,36.6,0.7,55380,1,,,10:21,10:36
FIMS-46,Dry,2025,TS10,,Goldspotted Killifish,,,,1.58,1.87,0.12,,132,8.2,29.1,36.6,0.7,55380,1,,,10:21,10:36
FIMS-46,Dry,2025,TS10,,Goldspotted Killifish,,,,2.37,2.87,0.47,,132,8.2,29.1,36.6,0.7,55380,1,,,10:21,10:36
FIMS-46,Dry,2025,TS10,,Goldspotted Killifish,,,,2.68,3.22,0.71,,132,8.2,29.1,36.6,0.7,55380,1,,,10:21,10:36
FIMS-46,Dry,2025,TS10,,Spotted Dragonett,,,,3.83,5.63,1.08,,132,8.2,29.1,36.6,0.7,55380,1,,,10:21,10:36
FIMS-46,Dry,2025,TS10,,Spotted Dragonett,,,,2.85,3.92,0.51,,132,8.2,29.1,36.6,0.7,55380,1,,,10:21,10:36
FIMS-46,Dry,2025,TS10,,Clown Goby,,,,3.31,3.93,0.34,,132,8.2,29.1,36.6,0.7,55380,1,,,10:21,10:36
FIMS-46,Dry,2025,TS10,,White Shrimp,,,,,6.2,1.63,,132,8.2,29.1,36.6,0.7,55380,1,,,10:21,10:36
FIMS-46,Dry,2025,TS10,,White Shrimp,,,,,3.58,0.23,,132,8.2,29.1,36.6,0.7,55380,1,,,10:21,10:36
FIMS-46,Dry,2025,TS10,,White Shrimp,,,,,3.4,0.27,,132,8.2,29.1,36.6,0.7,55380,1,,,10:21,10:36
FIMS-46,Dry,2025,TS10,,White Shrimp,,,,,3.85,0.45,,132,8.2,29.1,36.6,0.7,55380,1,,,10:21,10:36
FIMS-46,Dry,2025,TS10,,White Shrimp,,,,,3.28,0.24,,132,8.2,29.1,36.6,0.7,55380,1,,,10:21,10:36
FIMS-46,Dry,2025,TS10,,White Shrimp,,,,,4.23,0.48,,132,8.2,29.1,36.6,0.7,55380,1,,,10:21,10:36
FIMS-46,Dry,2025,TS10,,White Shrimp,,,,,3.7,0.35,,132,8.2,29.1,36.6,0.7,55380,1,,,10:21,10:36
FIMS-46,Dry,2025,TS10,,White Shrimp,,,,,2.6,0.09,,132,8.2,29.1,36.6,0.7,55380,1,,,10:21,10:36
FIMS-48,Dry,2025,TS11,,Scrawled Cowfish,,,,3.99,6.02,8.83,,,,,,,,,,,,
FIMS-48,Dry,2025,TS11,,Atlantic Needlefish ,,,,,7.39,0.63,,,,,,,,,,,,
FIMS-48,Dry,2025,TS11,,Bluestriped Grunt,,,,4.02,4.85,1.84,,,,,,,,,,,,
FIMS-18,Dry,2025,TS11,,Atlantic Needlefish,,,,,11.1,1.84,,98.2,6.1,29.6,38.1,1.1,55128,,,,10:11,10:20
FIMS-18,Dry,2025,TS11,,Atlantic Needlefish,,,,,10.9,2.03,,98.2,6.1,29.6,38.1,1.1,55128,,,,10:11,10:20
FIMS-18,Dry,2025,TS11,,Atlantic Needlefish,,,,,12.3,3.55,,98.2,6.1,29.6,38.1,1.1,55128,,,,10:11,10:20
FIMS-18,Dry,2025,TS11,,Atlantic Needlefish,,,,,12.3,3.68,,98.2,6.1,29.6,38.1,1.1,55128,,,,10:11,10:20
FIMS-18,Dry,2025,TS11,,Atlantic Needlefish,,,,,12.4,6.17,,98.2,6.1,29.6,38.1,1.1,55128,,,,10:11,10:20
FIMS-18,Dry,2025,TS11,,Atlantic Needlefish,,,,,6.35,0.56,,98.2,6.1,29.6,38.1,1.1,55128,,,,10:11,10:20
FIMS-18,Dry,2025,TS11,,Silver Jenny,,,,2.22,3.04,0.4,,98.2,6.1,29.6,38.1,1.1,55128,,,,10:11,10:20
FIMS-18,Dry,2025,TS11,,Silver Jenny,,,,2,2.17,0.21,,98.2,6.1,29.6,38.1,1.1,55128,,,,10:11,10:20
FIMS-18,Dry,2025,TS11,,Silver Jenny,,,,2.21,2.71,0.29,,98.2,6.1,29.6,38.1,1.1,55128,,,,10:11,10:20
FIMS-18,Dry,2025,TS11,,Silver Jenny,,,,2.46,3.16,0.37,,98.2,6.1,29.6,38.1,1.1,55128,,,,10:11,10:20
FIMS-18,Dry,2025,TS11,,Silver Jenny,,,,2.57,2.82,0.37,,98.2,6.1,29.6,38.1,1.1,55128,,,,10:11,10:20
FIMS-18,Dry,2025,TS11,,Silver Jenny,,,,2.33,2.97,0.34,,98.2,6.1,29.6,38.1,1.1,55128,,,,10:11,10:20
FIMS-19,Dry,2025,TS11,,Pinfish,,,,2.94,3.9,1.01,,103.5,6.4,29.5,36.9,1.1,55770,,,,9:51,10:03
FIMS-19,Dry,2025,TS11,,Silver Jenny,,,,2.25,2.5,0.23,,103.5,6.4,29.5,36.9,1.1,55770,,,,9:51,10:03
FIMS-19,Dry,2025,TS11,,Silver Jenny,,,,2.13,2.36,0.22,,103.5,6.4,29.5,36.9,1.1,55770,,,,9:51,10:03
FIMS-19,Dry,2025,TS11,,Atlantic Needlefish,,,,,10.4,1.52,,103.5,6.4,29.5,36.9,1.1,55770,,,,9:51,10:03
FIMS-19,Dry,2025,TS11,,Atlantic Needlefish,,,,,9.64,1.05,,103.5,6.4,29.5,36.9,1.1,55770,,,,9:51,10:03
FIMS-19,Dry,2025,TS11,,Atlantic Needlefish,,,,,8.68,0.9,,103.5,6.4,29.5,36.9,1.1,55770,,,,9:51,10:03
FIMS-19,Dry,2025,TS11,,Atlantic Needlefish,,,,,7.75,0.61,,103.5,6.4,29.5,36.9,1.1,55770,,,,9:51,10:03
FIMS-19,Dry,2025,TS11,,Atlantic Needlefish,,,,,7.31,0.44,,103.5,6.4,29.5,36.9,1.1,55770,,,,9:51,10:03
FIMS-19,Dry,2025,TS11,,Atlantic Needlefish,,,,,8.3,0.65,,103.5,6.4,29.5,36.9,1.1,55770,,,,9:51,10:03
FIMS-19,Dry,2025,TS11,,Atlantic Needlefish,,,,,7.67,0.5,,103.5,6.4,29.5,36.9,1.1,55770,,,,9:51,10:03
FIMS-19,Dry,2025,TS11,,Atlantic Needlefish,,,,,11.8,2.19,,103.5,6.4,29.5,36.9,1.1,55770,,,,9:51,10:03
FIMS-19,Dry,2025,TS11,,Atlantic Needlefish,,,,,7.71,0.83,,103.5,6.4,29.5,36.9,1.1,55770,,,,9:51,10:03
FIMS-19,Dry,2025,TS11,,Atlantic Needlefish,,,,,10.6,1.39,,103.5,6.4,29.5,36.9,1.1,55770,,,,9:51,10:03
FIMS-19,Dry,2025,TS11,,Atlantic Needlefish,,,,,7.35,0.52,,103.5,6.4,29.5,36.9,1.1,55770,,,,9:51,10:03
FIMS-19,Dry,2025,TS11,,Atlantic Needlefish,,,,,7.96,0.69,,103.5,6.4,29.5,36.9,1.1,55770,,,,9:51,10:03
FMS-20,Dry,2025,TS11,,Silver Jenny,,,,2.25,2.97,0.33,,93.8,5.6,29.6,39.2,1.2,55471,,,,10:28,10:37
FMS-20,Dry,2025,TS11,,Silver Jenny,,,,2.67,3.26,0.54,,93.8,5.6,29.6,39.2,1.2,55471,,,,10:28,10:37
FMS-20,Dry,2025,TS11,,Silver Jenny,,,,2.24,2.72,0.31,,93.8,5.6,29.6,39.2,1.2,55471,,,,10:28,10:37
FMS-20,Dry,2025,TS11,,Silver Jenny,,,,2.24,27.3,0.27,,93.8,5.6,29.6,39.2,1.2,55471,,,,10:28,10:37
FMS-20,Dry,2025,TS11,,Silver Jenny,,,,2.74,2.88,0.55,,93.8,5.6,29.6,39.2,1.2,55471,,,,10:28,10:37
FMS-20,Dry,2025,TS11,,Atlantic Needlefish,,,,,10.9,1.24,,93.8,5.6,29.6,39.2,1.2,55471,,,,10:28,10:37
FMS-20,Dry,2025,TS11,,Atlantic Needlefish,,,,,10.3,2.09,,93.8,5.6,29.6,39.2,1.2,55471,,,,10:28,10:37
FMS-20,Dry,2025,TS11,,Atlantic Needlefish,,,,,14.8,4.48,,93.8,5.6,29.6,39.2,1.2,55471,,,,10:28,10:37
FMS-20,Dry,2025,TS11,,Atlantic Needlefish,,,,,13.01,3.09,,93.8,5.6,29.6,39.2,1.2,55471,,,,10:28,10:37
FMS-20,Dry,2025,TS11,,Atlantic Needlefish,,,,,15.2,4.68,,93.8,5.6,29.6,39.2,1.2,55471,,,,10:28,10:37
FMS-20,Dry,2025,TS11,,Atlantic Needlefish,,,,,14.6,3.99,,93.8,5.6,29.6,39.2,1.2,55471,,,,10:28,10:37
FMS-20,Dry,2025,TS11,,Atlantic Needlefish,,,,,11.9,2.23,,93.8,5.6,29.6,39.2,1.2,55471,,,,10:28,10:37
FMS-20,Dry,2025,TS11,,Atlantic Needlefish,,,,,13.1,2.99,,93.8,5.6,29.6,39.2,1.2,55471,,,,10:28,10:37
FMS-20,Dry,2025,TS11,,Atlantic Needlefish,,,,,13.3,3.09,,93.8,5.6,29.6,39.2,1.2,55471,,,,10:28,10:37
FMS-20,Dry,2025,TS11,,Atlantic Needlefish,,,,,12.6,2.6,,93.8,5.6,29.6,39.2,1.2,55471,,,,10:28,10:37
FMS-20,Dry,2025,TS11,,Atlantic Needlefish,,,,,11.3,1.96,,93.8,5.6,29.6,39.2,1.2,55471,,,,10:28,10:37
FMS-20,Dry,2025,TS11,,Atlantic Needlefish,,,,,14.4,3.75,,93.8,5.6,29.6,39.2,1.2,55471,,,,10:28,10:37
FMS-20,Dry,2025,TS11,,Atlantic Needlefish,,,,,12.9,2.66,,93.8,5.6,29.6,39.2,1.2,55471,,,,10:28,10:37
FMS-20,Dry,2025,TS11,,Atlantic Needlefish,,,,,13.5,3.02,,93.8,5.6,29.6,39.2,1.2,55471,,,,10:28,10:37
FMS-20,Dry,2025,TS11,,Atlantic Needlefish,,,,,13.3,3.14,,93.8,5.6,29.6,39.2,1.2,55471,,,,10:28,10:37
FMS-20,Dry,2025,TS11,,Atlantic Needlefish,,,,,11.8,2.02,,93.8,5.6,29.6,39.2,1.2,55471,,,,10:28,10:37
FMS-20,Dry,2025,TS11,,Atlantic Needlefish,,,,,8.77,0.84,,93.8,5.6,29.6,39.2,1.2,55471,,,,10:28,10:37
FMS-17,Dry,2025,TS11,,Schoolmaster Snapper,,,,8.18,10.48,18.35,,93,5.6,29.8,39.2,1.2,55109,,,,10:48,10:59
FMS-17,Dry,2025,TS11,,Pinfish,,,,4.91,6.41,5.04,,93,5.6,29.8,39.2,1.2,55109,,,,10:48,10:59
FMS-17,Dry,2025,TS11,,Bluestriped Grunt,,,,3.81,4.7,1.54,,93,5.6,29.8,39.2,1.2,55109,,,,10:48,10:59
FMS-17,Dry,2025,TS11,,Silver Jenny,,,,2.34,2.91,0.35,,93,5.6,29.8,39.2,1.2,55109,,,,10:48,10:59
FMS-17,Dry,2025,TS11,,Silver Jenny,,,,2.65,3.33,0.52,,93,5.6,29.8,39.2,1.2,55109,,,,10:48,10:59
FMS-17,Dry,2025,TS11,,Silver Jenny,,,,2.15,2.94,0.32,,93,5.6,29.8,39.2,1.2,55109,,,,10:48,10:59
FMS-17,Dry,2025,TS11,,Silver Jenny,,,,2.14,2.86,0.29,,93,5.6,29.8,39.2,1.2,55109,,,,10:48,10:59
FMS-17,Dry,2025,TS11,,Silver Jenny,,,,2.3,2.95,0.32,,93,5.6,29.8,39.2,1.2,55109,,,,10:48,10:59
FMS-17,Dry,2025,TS11,,Silver Jenny,,,,2.45,2.85,0.38,,93,5.6,29.8,39.2,1.2,55109,,,,10:48,10:59
FMS-17,Dry,2025,TS11,,Silver Jenny,,,,2.22,2.78,0.28,,93,5.6,29.8,39.2,1.2,55109,,,,10:48,10:59
FMS-17,Dry,2025,TS11,,Silver Jenny,,,,2.29,2.8,0.32,,93,5.6,29.8,39.2,1.2,55109,,,,10:48,10:59
FMS-17,Dry,2025,TS11,,Silver Jenny,,,,2.35,2.95,0.34,,93,5.6,29.8,39.2,1.2,55109,,,,10:48,10:59
FMS-17,Dry,2025,TS11,,Silver Jenny,,,,1.89,2.56,0.22,,93,5.6,29.8,39.2,1.2,55109,,,,10:48,10:59
FMS-17,Dry,2025,TS11,,Silver Jenny,,,,2.22,2.93,0.32,,93,5.6,29.8,39.2,1.2,55109,,,,10:48,10:59
FMS-17,Dry,2025,TS11,,Arrow Shrimp,,,,,4.48,0.19,,93,5.6,29.8,39.2,1.2,55109,,,,10:48,10:59
FMS-17,Dry,2025,TS11,,Atlantic Needlefish,,,,,11.03,1.73,,93,5.6,29.8,39.2,1.2,55109,,,,10:48,10:59
FMS-17,Dry,2025,TS11,,Atlantic Needlefish,,,,,10.03,1.33,,93,5.6,29.8,39.2,1.2,55109,,,,10:48,10:59
FMS-17,Dry,2025,TS11,,Atlantic Needlefish,,,,,13.84,3.54,,93,5.6,29.8,39.2,1.2,55109,,,,10:48,10:59
FMS-17,Dry,2025,TS11,,Atlantic Needlefish,,,,,14.78,4.43,,93,5.6,29.8,39.2,1.2,55109,,,,10:48,10:59
FMS-17,Dry,2025,TS11,,Atlantic Needlefish,,,,,18.57,2.44,,93,5.6,29.8,39.2,1.2,55109,,,,10:48,10:59
FMS-17,Dry,2025,TS11,,Atlantic Needlefish,,,,,14.33,3.87,,93,5.6,29.8,39.2,1.2,55109,,,,10:48,10:59
FMS-17,Dry,2025,TS11,,Atlantic Needlefish,,,,,13.3,3.78,,93,5.6,29.8,39.2,1.2,55109,,,,10:48,10:59
FMS-17,Dry,2025,TS11,,Atlantic Needlefish,,,,,16.26,5.66,,93,5.6,29.8,39.2,1.2,55109,,,,10:48,10:59
FMS-17,Dry,2025,TS11,,Atlantic Needlefish,,,,,15.86,5.55,,93,5.6,29.8,39.2,1.2,55109,,,,10:48,10:59
FMS-17,Dry,2025,TS11,,Atlantic Needlefish,,,,,7.84,0.62,,93,5.6,29.8,39.2,1.2,55109,,,,10:48,10:59
FMS-17,Dry,2025,TS11,,Atlantic Needlefish,,,,,11.53,2.11,,93,5.6,29.8,39.2,1.2,55109,,,,10:48,10:59
FMS-17,Dry,2025,TS11,,Atlantic Needlefish,,,,,12.4,2.45,,93,5.6,29.8,39.2,1.2,55109,,,,10:48,10:59
FMS-17,Dry,2025,TS11,,Atlantic Needlefish,,,,,13.9,4.72,,93,5.6,29.8,39.2,1.2,55109,,,,10:48,10:59
FMS-17,Dry,2025,TS11,,Atlantic Needlefish,,,,,12.1,2.08,,93,5.6,29.8,39.2,1.2,55109,,,,10:48,10:59
FMS-17,Dry,2025,TS11,,Atlantic Needlefish,,,,,11.6,1.85,,93,5.6,29.8,39.2,1.2,55109,,,,10:48,10:59
FMS-17,Dry,2025,TS11,,Atlantic Needlefish,,,,,11.4,1.88,,93,5.6,29.8,39.2,1.2,55109,,,,10:48,10:59
FMS-17,Dry,2025,TS11,,Atlantic Needlefish,,,,,12.8,2.66,,93,5.6,29.8,39.2,1.2,55109,,,,10:48,10:59
FMS-17,Dry,2025,TS11,,Atlantic Needlefish,,,,,12.2,2.16,,93,5.6,29.8,39.2,1.2,55109,,,,10:48,10:59
FMS-17,Dry,2025,TS11,,Atlantic Needlefish,,,,,13.7,3.44,,93,5.6,29.8,39.2,1.2,55109,,,,10:48,10:59
FMS-17,Dry,2025,TS11,,Atlantic Needlefish,,,,,10.54,1.49,,93,5.6,29.8,39.2,1.2,55109,,,,10:48,10:59
FMS-17,Dry,2025,TS11,,Atlantic Needlefish,,,,,12.1,2.41,,93,5.6,29.8,39.2,1.2,55109,,,,10:48,10:59
FMS-17,Dry,2025,TS11,,Atlantic Needlefish,,,,,12.54,2.71,,93,5.6,29.8,39.2,1.2,55109,,,,10:48,10:59
FMS-17,Dry,2025,TS11,,Atlantic Needlefish,,,,,13.1,3.22,,93,5.6,29.8,39.2,1.2,55109,,,,10:48,10:59
FMS-17,Dry,2025,TS11,,Atlantic Needlefish,,,,,8.55,0.8,,93,5.6,29.8,39.2,1.2,55109,,,,10:48,10:59
FMS-17,Dry,2025,TS11,,Atlantic Needlefish,,,,,7.91,0.56,,93,5.6,29.8,39.2,1.2,55109,,,,10:48,10:59
FMS-17,Dry,2025,TS11,,Atlantic Needlefish,,,,,10.84,1.59,,93,5.6,29.8,39.2,1.2,55109,,,,10:48,10:59
FMS-17,Dry,2025,TS11,,Atlantic Needlefish,,,,,11.8,2.38,,93,5.6,29.8,39.2,1.2,55109,,,,10:48,10:59
FMS-17,Dry,2025,TS11,,Atlantic Needlefish,,,,,11.3,2.06,,93,5.6,29.8,39.2,1.2,55109,,,,10:48,10:59
FMS-17,Dry,2025,TS11,,Atlantic Needlefish,,,,,13.8,3.21,,93,5.6,29.8,39.2,1.2,55109,,,,10:48,10:59
FMS-17,Dry,2025,TS11,,Atlantic Needlefish,,,,,9.5,1.38,,93,5.6,29.8,39.2,1.2,55109,,,,10:48,10:59
FMS-17,Dry,2025,TS11,,Atlantic Needlefish,,,,,12.9,2.94,,93,5.6,29.8,39.2,1.2,55109,,,,10:48,10:59
FMS-17,Dry,2025,TS11,,Atlantic Needlefish,,,,,11.88,2.44,,93,5.6,29.8,39.2,1.2,55109,,,,10:48,10:59
FMS-17,Dry,2025,TS11,,Atlantic Needlefish,,,,,14.99,4.82,,93,5.6,29.8,39.2,1.2,55109,,,,10:48,10:59
FMS-17,Dry,2025,TS11,,Atlantic Needlefish,,,,,13.9,3.41,,93,5.6,29.8,39.2,1.2,55109,,,,10:48,10:59
FMS-17,Dry,2025,TS11,,Atlantic Needlefish,,,,,11.6,1.94,,93,5.6,29.8,39.2,1.2,55109,,,,10:48,10:59
FMS-17,Dry,2025,TS11,,Atlantic Needlefish,,,,,12.8,3.12,,93,5.6,29.8,39.2,1.2,55109,,,,10:48,10:59
FMS-17,Dry,2025,TS11,,Atlantic Needlefish,,,,,9.38,1.03,,93,5.6,29.8,39.2,1.2,55109,,,,10:48,10:59
FMS-17,Dry,2025,TS11,,Atlantic Needlefish,,,,,7.83,0.94,,93,5.6,29.8,39.2,1.2,55109,,,,10:48,10:59
FMS-17,Dry,2025,TS11,,Atlantic Needlefish,,,,,9.9,1.38,,93,5.6,29.8,39.2,1.2,55109,,,,10:48,10:59
FMS-17,Dry,2025,TS11,,Atlantic Needlefish,,,,,9.75,1.68,,93,5.6,29.8,39.2,1.2,55109,,,,10:48,10:59
FIMS-62,Dry,2025,TS9,,Silver Jenny,,,,7.1,8.9,10,,118,7.5,30.8,32,1.5,49176,10,,,10:30,10:32
FIMS-62,Dry,2025,TS9,,Silver Jenny,,,,6.9,8.2,8,,118,7.5,30.8,32,1.5,49176,10,,,10:30,10:32
FIMS-62,Dry,2025,TS9,,Silver Jenny,,,,1.8,2.3,0.11,,118,7.5,30.8,32,1.5,49176,10,,,10:30,10:32
FIMS-62,Dry,2025,TS9,,Rainwater Killifish,,,,2.6,3.2,0.42,,118,7.5,30.8,32,1.5,49176,10,,,10:30,10:32
FIMS-62,Dry,2025,TS9,,Rainwater Killifish,,,,1.8,2.3,0.13,,118,7.5,30.8,32,1.5,49176,10,,,10:30,10:32
FIMS-62,Dry,2025,TS9,,Gulf Pipefish,,,,,9.1,0.45,,118,7.5,30.8,32,1.5,49176,10,,,10:30,10:32
FIMS-62,Dry,2025,TS9,,Dwarf Seahorse,,,,,2.9,0.1,,118,7.5,30.8,32,1.5,49176,10,,,10:30,10:32
FIMS-62,Dry,2025,TS9,,Brown Grass Shrimp,,,,,1.6,0.04,,118,7.5,30.8,32,1.5,49176,10,,,10:30,10:32
FIMS-62,Dry,2025,TS9,,Eastern Grass Shrimp,,,,,1.6,0.05,,118,7.5,30.8,32,1.5,49176,10,,,10:30,10:32
FIMS-61,Dry,2025,TS9,,Elegant Brittle Star,,,,,1.4,2,,112,7.2,30.3,31.9,1.5,49000,5,,,9:57,10:09
FIMS-61,Dry,2025,TS9,,Atlantic Needlefish,,,,3.6,4.2,0.3,,112,7.2,30.3,31.9,1.5,49000,5,,,9:57,10:09
FIMS-61,Dry,2025,TS9,,Sheepshead Minnow,,,,2,2.6,0.33,,112,7.2,30.3,31.9,1.5,49000,5,,,9:57,10:09
FIMS-61,Dry,2025,TS9,,Sheepshead Minnow,,,,1.6,1.9,0.1,,112,7.2,30.3,31.9,1.5,49000,5,,,9:57,10:09
FIMS-61,Dry,2025,TS9,,Rainwater Killifish,,,,1.9,2.3,0.15,,112,7.2,30.3,31.9,1.5,49000,5,,,9:57,10:09
FIMS-61,Dry,2025,TS9,,Rainwater Killifish,,,,2,2.6,0.28,,112,7.2,30.3,31.9,1.5,49000,5,,,9:57,10:09
FIMS-61,Dry,2025,TS9,,Rainwater Killifish,,,,1.6,2.1,0.13,,112,7.2,30.3,31.9,1.5,49000,5,,,9:57,10:09
FIMS-61,Dry,2025,TS9,,Rainwater Killifish,,,,1.6,2.1,0.11,,112,7.2,30.3,31.9,1.5,49000,5,,,9:57,10:09
FIMS-61,Dry,2025,TS9,,Rainwater Killifish,,,,2.1,2.4,0.21,,112,7.2,30.3,31.9,1.5,49000,5,,,9:57,10:09
FIMS-61,Dry,2025,TS9,,Rainwater Killifish,,,,1.7,2.3,0.12,,112,7.2,30.3,31.9,1.5,49000,5,,,9:57,10:09
FIMS-61,Dry,2025,TS9,,Rainwater Killifish,,,,1.9,2.3,0.13,,112,7.2,30.3,31.9,1.5,49000,5,,,9:57,10:09
FIMS-61,Dry,2025,TS9,,Rainwater Killifish,,,,1.7,1.9,0.14,,112,7.2,30.3,31.9,1.5,49000,5,,,9:57,10:09
FIMS-61,Dry,2025,TS9,,Rainwater Killifish,,,,1.9,2.2,0.15,,112,7.2,30.3,31.9,1.5,49000,5,,,9:57,10:09
FIMS-61,Dry,2025,TS9,,Silver Jenny,,,,3.4,4.3,0.91,,112,7.2,30.3,31.9,1.5,49000,5,,,9:57,10:09
FIMS-61,Dry,2025,TS9,,Silver Jenny,,,,4.2,4.8,1.51,,112,7.2,30.3,31.9,1.5,49000,5,,,9:57,10:09
FIMS-61,Dry,2025,TS9,,Silver Jenny,,,,4.3,6.1,3.14,,112,7.2,30.3,31.9,1.5,49000,5,,,9:57,10:09
FIMS-61,Dry,2025,TS9,,Silver Jenny,,,,5.1,6.4,3.79,,112,7.2,30.3,31.9,1.5,49000,5,,,9:57,10:09
FIMS-61,Dry,2025,TS9,,Silver Jenny,,,,5.5,6.9,4.64,,112,7.2,30.3,31.9,1.5,49000,5,,,9:57,10:09
FIMS-61,Dry,2025,TS9,,Silver Jenny,,,,4.8,6.2,3.29,,112,7.2,30.3,31.9,1.5,49000,5,,,9:57,10:09
FIMS-61,Dry,2025,TS9,,Silver Jenny,,,,5,6.3,3.56,,112,7.2,30.3,31.9,1.5,49000,5,,,9:57,10:09
FIMS-61,Dry,2025,TS9,,Silver Jenny,,,,4.9,6.2,3.6,,112,7.2,30.3,31.9,1.5,49000,5,,,9:57,10:09
FIMS-61,Dry,2025,TS9,,Silver Jenny,,,,5.9,7.8,7.02,,112,7.2,30.3,31.9,1.5,49000,5,,,9:57,10:09
FIMS-61,Dry,2025,TS9,,Silver Jenny,,,,5.4,7.2,5.56,,112,7.2,30.3,31.9,1.5,49000,5,,,9:57,10:09
FIMS-61,Dry,2025,TS9,,Silver Jenny,,,,7.4,9.1,11.35,,112,7.2,30.3,31.9,1.5,49000,5,,,9:57,10:09
FIMS-61,Dry,2025,TS9,,Silver Jenny,,,,7.1,9.8,12.67,,112,7.2,30.3,31.9,1.5,49000,5,,,9:57,10:09
FIMS-61,Dry,2025,TS9,,Hermit Crab (without shell),,,,,2.4,0.26,,112,7.2,30.3,31.9,1.5,49000,5,,,9:57,10:09
FIMS-61,Dry,2025,TS9,,Eastern Grass Shrimp,,,,,1.5,0.04,,112,7.2,30.3,31.9,1.5,49000,5,,,9:57,10:09
FIMS-61,Dry,2025,TS9,,Eastern Grass Shrimp,,,,,1.3,0.03,,112,7.2,30.3,31.9,1.5,49000,5,,,9:57,10:09
FIMS-61,Dry,2025,TS9,,Eastern Grass Shrimp,,,,,1.5,0.05,,112,7.2,30.3,31.9,1.5,49000,5,,,9:57,10:09
FIMS-61,Dry,2025,TS9,,Eastern Grass Shrimp,,,,,1.3,0.03,,112,7.2,30.3,31.9,1.5,49000,5,,,9:57,10:09
FIMS-61,Dry,2025,TS9,,Eastern Grass Shrimp,,,,,1.1,0.02,,112,7.2,30.3,31.9,1.5,49000,5,,,9:57,10:09
FIMS-61,Dry,2025,TS9,,Gastropod SP.,Snail,,,,1.1,0.64,,112,7.2,30.3,31.9,1.5,49000,5,,,9:57,10:09
FIMS-61,Dry,2025,TS9,,Gastropod SP.,Snail,,,,2.2,1.27,,112,7.2,30.3,31.9,1.5,49000,5,,,9:57,10:09
FIMS-64,Dry,2025,TS9,,Clown Goby,,,,1.9,2,0.11,,130,8.3,31.1,32.1,,49430,,,,11:47,
FIMS-64,Dry,2025,TS9,,Clown Goby,,,,2,2.1,0.17,,130,8.3,31.1,32.1,,49430,,,,11:47,
FIMS-64,Dry,2025,TS9,,Clown Goby,,,,2.4,2.8,0.27,,130,8.3,31.1,32.1,,49430,,,,11:47,
FIMS-64,Dry,2025,TS9,,Clown Goby,,,,2.3,2.8,0.18,,130,8.3,31.1,32.1,,49430,,,,11:47,
FIMS-64,Dry,2025,TS9,,Sheepshead Minnow,,,,1.8,2.2,0.18,,130,8.3,31.1,32.1,,49430,,,,11:47,
FIMS-64,Dry,2025,TS9,,Sheepshead Minnow,,,,1.9,2.1,0.23,,130,8.3,31.1,32.1,,49430,,,,11:47,
FIMS-64,Dry,2025,TS9,,Sheepshead Minnow,,,,2,2.1,0.26,,130,8.3,31.1,32.1,,49430,,,,11:47,
FIMS-64,Dry,2025,TS9,,Sheepshead Minnow,,,,1,2,0.12,,130,8.3,31.1,32.1,,49430,,,,11:47,
FIMS-64,Dry,2025,TS9,,Sheepshead Minnow,,,,1.5,2,0.14,,130,8.3,31.1,32.1,,49430,,,,11:47,
FIMS-64,Dry,2025,TS9,,Dwarf Seahorse,,,,,1.7,0.02,,130,8.3,31.1,32.1,,49430,,,,11:47,
Fims-64,Dry,2025,TS9,,Dwarf Seahorse,,,,,3,0.12,,130,8.3,31.1,32.1,,49430,,,,11:47,
FIMS-64,Dry,2025,TS9,,Northern Seahorse,,,,,3.8,0.25,,130,8.3,31.1,32.1,,49430,,,,11:47,
FIMS-64,Dry,2025,TS9,,Eastern Grass Shrimp,,,,,1.2,0.02,,130,8.3,31.1,32.1,,49430,,,,11:47,
FIMS-64,Dry,2025,TS9,,Eastern Grass Shrimp,,,,,1,0.03,,130,8.3,31.1,32.1,,49430,,,,11:47,
FIMS-63,Dry,2025,TS9,,Inland  Silverside,,,,4.4,5.1,1.29,,118,7.5,30.8,32,1.5,49176,10,,,,
FIMS-63,Dry,2025,TS9,,Inland  Silverside,,,,3.7,4.2,0.73,,118,7.5,30.8,32,1.5,49176,10,,,,
FIMS-63,Dry,2025,TS9,,Inland  Silverside,,,,3,3.7,0.41,,118,7.5,30.8,32,1.5,49176,10,,,,
FIMS-63,Dry,2025,TS9,,Atlantic Needlefish,,,,26,46,44,,118,7.5,30.8,32,1.5,49176,10,,,,
FIMS-63,Dry,2025,TS9,,Great Barracuda,,,,15.3,18.6,143,,118,7.5,30.8,32,1.5,49176,10,,,,
FIMS-63,Dry,2025,TS9,,Great Barracuda,,,,21.8,25,29,,118,7.5,30.8,32,1.5,49176,10,,,,
FIMS-63,Dry,2025,TS9,,Silver Jenny,,,,5.6,7.4,5.43,,118,7.5,30.8,32,1.5,49176,10,,,,
FIMS-63,Dry,2025,TS9,,Silver Jenny,,,,7.5,9.9,16.27,,118,7.5,30.8,32,1.5,49176,10,,,,
FIMS-56,Dry,2025,TS7,,Striped Mojarra,,,,12.9,17.5,75.61,,69,4.5,28.9,31.9,0.6,49057,,,,9:34,9:49
FIMS-56,Dry,2025,TS7,,Striped Mojarra,,,,19.1,27,215,,69,4.5,28.9,31.9,0.6,49057,,,,9:34,9:49
FIMS-56,Dry,2025,TS7,,Striped Mojarra,,,,20.1,26.2,230,,69,4.5,28.9,31.9,0.6,49057,,,,9:34,9:49
FIMS-56,Dry,2025,TS7,,Atlantic Blue Crab,,,,,6.2,16.49,,69,4.5,28.9,31.9,0.6,49057,,,,9:34,9:49
FIMS-56,Dry,2025,TS7,,Striped Mojarra,,,,14,15.7,119.28,,69,4.5,28.9,31.9,0.6,49057,,,,9:34,9:49
FIMS-56,Dry,2025,TS7,,Striped Mojarra,,,,16.9,22.9,188.84,,69,4.5,28.9,31.9,0.6,49057,,,,9:34,9:49
FIMS-55,Dry,2025,TS7,,Goldspotted Killifish,,,,2.5,3.2,0.5,,127,8.2,29.6,29.7,0.7,45945,,,,9:59,9:12
FIMS-55,Dry,2025,TS7,,Goldspotted Killifish,,,,1.9,2.3,0.2,,127,8.2,29.6,29.7,0.7,45945,,,,9:59,9:12
FIMS-55,Dry,2025,TS7,,Goldspotted Killifish,,,,1.9,2.4,0.2,,127,8.2,29.6,29.7,0.7,45945,,,,9:59,9:12
FIMS-59,Dry,2025,TS7,,Clown Goby,,,,2.8,3.9,0.4,,121,7.8,31,29.1,1,45290,,,,12:30,
FIMS-59,Dry,2025,TS7,,Clown Goby,,,,3.5,4,0.3,,121,7.8,31,29.1,1,45290,,,,12:30,
FIMS-59,Dry,2025,TS7,,Clown Goby,,,,2.7,3.4,0.3,,121,7.8,31,29.1,1,45290,,,,12:30,
FIMS-59,Dry,2025,TS7,,Clown Goby,,,,2.8,3.8,0.3,,121,7.8,31,29.1,1,45290,,,,12:30,
FIMS-59,Dry,2025,TS7,,Clown Goby,,,,2.8,3.4,0.2,,121,7.8,31,29.1,1,45290,,,,12:30,
FIMS-59,Dry,2025,TS7,,Clown Goby,,,,2.9,3.5,0.2,,121,7.8,31,29.1,1,45290,,,,12:30,
FIMS-59,Dry,2025,TS7,,Clown Goby,,,,2.7,3,0.2,,121,7.8,31,29.1,1,45290,,,,12:30,
FIMS-59,Dry,2025,TS7,,Clown Goby,,,,3.2,3.6,0.4,,121,7.8,31,29.1,1,45290,,,,12:30,
FIMS-59,Dry,2025,TS7,,Clown Goby,,,,3.4,4.4,0.6,,121,7.8,31,29.1,1,45290,,,,12:30,
FIMS-59,Dry,2025,TS7,,Clown Goby,,,,3.5,4.4,0.5,,121,7.8,31,29.1,1,45290,,,,12:30,
FIMS-59,Dry,2025,TS7,,Clown Goby,,,,3.2,4.2,0.2,,121,7.8,31,29.1,1,45290,,,,12:30,
FIMS-59,Dry,2025,TS7,,Clown Goby,,,,2.7,3.2,0.2,,121,7.8,31,29.1,1,45290,,,,12:30,
FIMS-59,Dry,2025,TS7,,Clown Goby,,,,2.8,3.5,0.2,,121,7.8,31,29.1,1,45290,,,,12:30,
FIMS-59,Dry,2025,TS7,,Clown Goby,,,,2.4,2.9,0.2,,121,7.8,31,29.1,1,45290,,,,12:30,
FIMS-59,Dry,2025,TS7,,Clown Goby,,,,2.7,3.4,0.3,,121,7.8,31,29.1,1,45290,,,,12:30,
FIMS-59,Dry,2025,TS7,,Clown Goby,,,,3.1,4,0.4,,121,7.8,31,29.1,1,45290,,,,12:30,
FIMS-59,Dry,2025,TS7,,Clown Goby,,,,2.6,3,0.2,,121,7.8,31,29.1,1,45290,,,,12:30,
FIMS-59,Dry,2025,TS7,,Clown Goby,,,,1.8,2.1,0.1,,121,7.8,31,29.1,1,45290,,,,12:30,
FIMS-59,Dry,2025,TS7,,Clown Goby,,,,2.3,2.8,0.1,,121,7.8,31,29.1,1,45290,,,,12:30,
FIMS-59,Dry,2025,TS7,,Clown Goby,,,,2.5,3.2,0.3,,121,7.8,31,29.1,1,45290,,,,12:30,
FIMS-59,Dry,2025,TS7,,Clown Goby,,,,2.8,3.4,0.3,,121,7.8,31,29.1,1,45290,,,,12:30,
FIMS-59,Dry,2025,TS7,,Clown Goby,,,,1.8,2.1,0.1,,121,7.8,31,29.1,1,45290,,,,12:30,
FIMS-59,Dry,2025,TS7,,Clown Goby,,,,1.5,1.6,0.1,,121,7.8,31,29.1,1,45290,,,,12:30,
FIMS-59,Dry,2025,TS7,,Clown Goby,,,,1.8,2.1,0.1,,121,7.8,31,29.1,1,45290,,,,12:30,
FIMS-59,Dry,2025,TS7,,Clown Goby,,,,1.6,2,0.1,,121,7.8,31,29.1,1,45290,,,,12:30,
FIMS-59,Dry,2025,TS7,,Clown Goby,,,,2.3,2.9,0.1,,121,7.8,31,29.1,1,45290,,,,12:30,
FIMS-59,Dry,2025,TS7,,Clown Goby,,,,1.7,2,0.1,,121,7.8,31,29.1,1,45290,,,,12:30,
FIMS-59,Dry,2025,TS7,,Clown Goby,,,,2,2.3,0.1,,121,7.8,31,29.1,1,45290,,,,12:30,
FIMS-59,Dry,2025,TS7,,Tidewater Mojarra,,,,"4,8",6.1,2.79,,121,7.8,31,29.1,1,45290,,,,12:30,
FIMS-59,Dry,2025,TS7,,Tidewater Mojarra,,,,6.8,8.7,4.97,,121,7.8,31,29.1,1,45290,,,,12:30,
FIMS-59,Dry,2025,TS7,,Gulf Pipefish,,,,,8.5,0.3,,121,7.8,31,29.1,1,45290,,,,12:30,
FIMS-59,Dry,2025,TS7,,Gulf Pipefish,,,,,7.4,0.15,,121,7.8,31,29.1,1,45290,,,,12:30,
FIMS-59,Dry,2025,TS7,,Gulf Pipefish,,,,,7.3,0.15,,121,7.8,31,29.1,1,45290,,,,12:30,
FIMS-59,Dry,2025,TS7,,Gulf Pipefish,,,,,7.5,0.23,,121,7.8,31,29.1,1,45290,,,,12:30,
FIMS-59,Dry,2025,TS7,,Gulf Pipefish,,,,,8,0.24,,121,7.8,31,29.1,1,45290,,,,12:30,
FIMS-59,Dry,2025,TS7,,Gulf Pipefish,,,,,8.4,0.33,,121,7.8,31,29.1,1,45290,,,,12:30,
FIMS-59,Dry,2025,TS7,,Hogchoker,,,,2.8,3.5,0.47,,121,7.8,31,29.1,1,45290,,,,12:30,
FIMS-59,Dry,2025,TS7,,Bay Anchovy,,,,4.5,5.5,0.71,,121,7.8,31,29.1,1,45290,,,,12:30,
FIMS-59,Dry,2025,TS7,,Bay Anchovy,,,,2.4,3.1,0.09,,121,7.8,31,29.1,1,45290,,,,12:30,
FIMS-59,Dry,2025,TS7,,Bay Anchovy,,,,3.6,4.2,0.32,,121,7.8,31,29.1,1,45290,,,,12:30,
FIMS-59,Dry,2025,TS7,,Bay Anchovy,,,,3.8,4.5,0.47,,121,7.8,31,29.1,1,45290,,,,12:30,
FIMS-59,Dry,2025,TS7,,Bay Anchovy,,,,3.3,4.2,0.35,,121,7.8,31,29.1,1,45290,,,,12:30,
FIMS-59,Dry,2025,TS7,,Bay Anchovy,,,,4,5.6,0.8,,121,7.8,31,29.1,1,45290,,,,12:30,
FIMS-59,Dry,2025,TS7,,Bay Anchovy,,,,3.3,3.9,0.3,,121,7.8,31,29.1,1,45290,,,,12:30,
FIMS-59,Dry,2025,TS7,,Bay Anchovy,,,,2.5,3.1,0.1,,121,7.8,31,29.1,1,45290,,,,12:30,
FIMS-59,Dry,2025,TS7,,Estuarine Mud Crab,,,,,0.8,0.1,,121,7.8,31,29.1,1,45290,,,,12:30,
FIMS-59,Dry,2025,TS7,,Estuarine Mud Crab,,,,,0.2,0.1,,121,7.8,31,29.1,1,45290,,,,12:30,
FIMS-59,Dry,2025,TS7,,Goldspotted Killifish,,,,0.9,1.8,0.1,,121,7.8,31,29.1,1,45290,,,,12:30,
FIMS-59,Dry,2025,TS7,,Goldspotted Killifish,,,,1.5,1.7,0.1,,121,7.8,31,29.1,1,45290,,,,12:30,
FIMS-59,Dry,2025,TS7,,Goldspotted Killifish,,,,1.6,2,0.1,,121,7.8,31,29.1,1,45290,,,,12:30,
FIMS-59,Dry,2025,TS7,,Goldspotted Killifish,,,,1.4,1.8,0.1,,121,7.8,31,29.1,1,45290,,,,12:30,
FIMS-59,Dry,2025,TS7,,Goldspotted Killifish,,,,1.4,1.9,0.1,,121,7.8,31,29.1,1,45290,,,,12:30,
FIMS-59,Dry,2025,TS7,,Goldspotted Killifish,,,,1.7,2.4,0.2,,121,7.8,31,29.1,1,45290,,,,12:30,
FIMS-59,Dry,2025,TS7,,Goldspotted Killifish,,,,1.5,2,0.1,,121,7.8,31,29.1,1,45290,,,,12:30,
FIMS-59,Dry,2025,TS7,,Goldspotted Killifish,,,,1.3,1.6,0.1,,121,7.8,31,29.1,1,45290,,,,12:30,
FIMS-59,Dry,2025,TS7,,Goldspotted Killifish,,,,1.4,1.7,0.1,,121,7.8,31,29.1,1,45290,,,,12:30,
FIMS-59,Dry,2025,TS7,,Goldspotted Killifish,,,,1.5,1.7,0.1,,121,7.8,31,29.1,1,45290,,,,12:30,
FIMS-59,Dry,2025,TS7,,Goldspotted Killifish,,,,1.4,1.6,0.1,,121,7.8,31,29.1,1,45290,,,,12:30,
FIMS-59,Dry,2025,TS7,,Goldspotted Killifish,,,,1.8,2.3,0.2,,121,7.8,31,29.1,1,45290,,,,12:30,
FIMS-59,Dry,2025,TS7,,Goldspotted Killifish,,,,1.7,2.2,0.2,,121,7.8,31,29.1,1,45290,,,,12:30,
FIMS-59,Dry,2025,TS7,,Goldspotted Killifish,,,,1.5,2,0.1,,121,7.8,31,29.1,1,45290,,,,12:30,
FIMS-59,Dry,2025,TS7,,Goldspotted Killifish,,,,1.6,2.2,0.1,,121,7.8,31,29.1,1,45290,,,,12:30,
FIMS-59,Dry,2025,TS7,,Goldspotted Killifish,,,,1.6,1.8,0.1,,121,7.8,31,29.1,1,45290,,,,12:30,
FIMS-59,Dry,2025,TS7,,Goldspotted Killifish,,,,1.7,2.1,0.1,,121,7.8,31,29.1,1,45290,,,,12:30,
FIMS-59,Dry,2025,TS7,,Goldspotted Killifish,,,,1.7,2.1,0.1,,121,7.8,31,29.1,1,45290,,,,12:30,
FIMS-59,Dry,2025,TS7,,Goldspotted Killifish,,,,1.4,1.7,0.1,,121,7.8,31,29.1,1,45290,,,,12:30,
FIMS-59,Dry,2025,TS7,,Goldspotted Killifish,,,,1.4,1.6,0.1,,121,7.8,31,29.1,1,45290,,,,12:30,
FIMS-59,Dry,2025,TS7,,Goldspotted Killifish,,,,1.7,2,0.1,,121,7.8,31,29.1,1,45290,,,,12:30,
FIMS-59,Dry,2025,TS7,,Goldspotted Killifish,,,,1.4,1.7,0.1,,121,7.8,31,29.1,1,45290,,,,12:30,
FIMS-59,Dry,2025,TS7,,Goldspotted Killifish,,,,1.6,1.8,0.1,,121,7.8,31,29.1,1,45290,,,,12:30,
FIMS-59,Dry,2025,TS7,,Goldspotted Killifish,,,,1.3,1.5,0.1,,121,7.8,31,29.1,1,45290,,,,12:30,
FIMS-59,Dry,2025,TS7,,Goldspotted Killifish,,,,1.4,1.7,0.1,,121,7.8,31,29.1,1,45290,,,,12:30,
FIMS-59,Dry,2025,TS7,,Goldspotted Killifish,,,,1.5,1.8,0.1,,121,7.8,31,29.1,1,45290,,,,12:30,
FIMS-59,Dry,2025,TS7,,Goldspotted Killifish,,,,1.6,1.9,0.1,,121,7.8,31,29.1,1,45290,,,,12:30,
FIMS-59,Dry,2025,TS7,,Goldspotted Killifish,,,,1.8,2.3,0.1,,121,7.8,31,29.1,1,45290,,,,12:30,
FIMS-59,Dry,2025,TS7,,Goldspotted Killifish,,,,1.5,1.8,0.1,,121,7.8,31,29.1,1,45290,,,,12:30,
FIMS-59,Dry,2025,TS7,,Goldspotted Killifish,,,,1.8,2.3,0.2,,121,7.8,31,29.1,1,45290,,,,12:30,
FIMS-59,Dry,2025,TS7,,Goldspotted Killifish,,,,1.9,2.5,0.3,,121,7.8,31,29.1,1,45290,,,,12:30,
FIMS-59,Dry,2025,TS7,,Goldspotted Killifish,,,,1.4,1.8,0.1,,121,7.8,31,29.1,1,45290,,,,12:30,
FIMS-59,Dry,2025,TS7,,Goldspotted Killifish,,,,1.4,1.6,0.1,,121,7.8,31,29.1,1,45290,,,,12:30,
FIMS-59,Dry,2025,TS7,,Goldspotted Killifish,,,,1.5,1.7,0.1,,121,7.8,31,29.1,1,45290,,,,12:30,
FIMS-59,Dry,2025,TS7,,Goldspotted Killifish,,,,1.9,2.4,0.2,,121,7.8,31,29.1,1,45290,,,,12:30,
FIMS-59,Dry,2025,TS7,,Goldspotted Killifish,,,,1.5,1.7,0.1,,121,7.8,31,29.1,1,45290,,,,12:30,
FIMS-59,Dry,2025,TS7,,Goldspotted Killifish,,,,1.8,2.4,0.2,,121,7.8,31,29.1,1,45290,,,,12:30,
FIMS-59,Dry,2025,TS7,,Goldspotted Killifish,,,,1.5,1.9,0.1,,121,7.8,31,29.1,1,45290,,,,12:30,
FIMS-59,Dry,2025,TS7,,Goldspotted Killifish,,,,1.3,1.6,0.1,,121,7.8,31,29.1,1,45290,,,,12:30,
FIMS-59,Dry,2025,TS7,,Goldspotted Killifish,,,,1.5,1.7,0.1,,121,7.8,31,29.1,1,45290,,,,12:30,
FIMS-59,Dry,2025,TS7,,Goldspotted Killifish,,,,1.4,1.7,0.1,,121,7.8,31,29.1,1,45290,,,,12:30,
FIMS-59,Dry,2025,TS7,,Goldspotted Killifish,,,,2.8,3.3,0.2,,121,7.8,31,29.1,1,45290,,,,12:30,
FIMS-59,Dry,2025,TS7,,Goldspotted Killifish,,,,2.6,3,0.1,,121,7.8,31,29.1,1,45290,,,,12:30,
FIMS-57,Dry,2025,TS7,,Scaled Sardine,,,,2.5,2.8,0.1,,98,6.4,30.1,28.9,1.1,44900,,,,10:38,10:50
FIMS-57,Dry,2025,TS7,,Scaled Sardine,,,,2.7,3.3,0.13,,98,6.4,30.1,28.9,1.1,44900,,,,10:38,10:50
FIMS-57,Dry,2025,TS7,,Scaled Sardine,,,,2.7,3,0.15,,98,6.4,30.1,28.9,1.1,44900,,,,10:38,10:50
FIMS-57,Dry,2025,TS7,,Scaled Sardine,,,,2.4,3.1,0.1,,98,6.4,30.1,28.9,1.1,44900,,,,10:38,10:50
FIMS-57,Dry,2025,TS7,,Scaled Sardine,,,,2.6,3,0.1,,98,6.4,30.1,28.9,1.1,44900,,,,10:38,10:50
FIMS-57,Dry,2025,TS7,,Scaled Sardine,,,,2.7,3.4,0.15,,98,6.4,30.1,28.9,1.1,44900,,,,10:38,10:50
FIMS-57,Dry,2025,TS7,,Scaled Sardine,,,,3.5,4.2,0.3,,98,6.4,30.1,28.9,1.1,44900,,,,10:38,10:50
FIMS-57,Dry,2025,TS7,,Scaled Sardine,,,,2.9,3.4,0.21,,98,6.4,30.1,28.9,1.1,44900,,,,10:38,10:50
FIMS-57,Dry,2025,TS7,,Scaled Sardine,,,,2.9,3.6,0.2,,98,6.4,30.1,28.9,1.1,44900,,,,10:38,10:50
FIMS-57,Dry,2025,TS7,,Scaled Sardine,,,,2.4,2.8,0.1,,98,6.4,30.1,28.9,1.1,44900,,,,10:38,10:50
FIMS-57,Dry,2025,TS7,,Scaled Sardine,,,,2.8,3.2,0.2,,98,6.4,30.1,28.9,1.1,44900,,,,10:38,10:50
FIMS-57,Dry,2025,TS7,,Scaled Sardine,,,,3.3,3.7,0.3,,98,6.4,30.1,28.9,1.1,44900,,,,10:38,10:50
FIMS-57,Dry,2025,TS7,,Scaled Sardine,,,,2.8,3.6,0.2,,98,6.4,30.1,28.9,1.1,44900,,,,10:38,10:50
FIMS-57,Dry,2025,TS7,,Scaled Sardine,,,,1.8,2.5,0.1,,98,6.4,30.1,28.9,1.1,44900,,,,10:38,10:50
FIMS-57,Dry,2025,TS7,,Scaled Sardine,,,,2.4,2.9,0.2,,98,6.4,30.1,28.9,1.1,44900,,,,10:38,10:50
FIMS-57,Dry,2025,TS7,,Scaled Sardine,,,,2.7,3.4,0.2,,98,6.4,30.1,28.9,1.1,44900,,,,10:38,10:50
FIMS-57,Dry,2025,TS7,,Scaled Sardine,,,,2.6,3.3,0.2,,98,6.4,30.1,28.9,1.1,44900,,,,10:38,10:50
FIMS-57,Dry,2025,TS7,,Scaled Sardine,,,,1.9,2.5,0.1,,98,6.4,30.1,28.9,1.1,44900,,,,10:38,10:50
FIMS-57,Dry,2025,TS7,,Scaled Sardine,,,,2.7,3.4,0.2,,98,6.4,30.1,28.9,1.1,44900,,,,10:38,10:50
FIMS-57,Dry,2025,TS7,,Scaled Sardine,,,,2.4,3.1,0.2,,98,6.4,30.1,28.9,1.1,44900,,,,10:38,10:50
FIMS-57,Dry,2025,TS7,,Scaled Sardine,,,,2,2.5,0.1,,98,6.4,30.1,28.9,1.1,44900,,,,10:38,10:50
FIMS-57,Dry,2025,TS7,,Scaled Sardine,,,,2,2.5,0.1,,98,6.4,30.1,28.9,1.1,44900,,,,10:38,10:50
FIMS-57,Dry,2025,TS7,,Scaled Sardine,,,,2.7,3.5,0.3,,98,6.4,30.1,28.9,1.1,44900,,,,10:38,10:50
FIMS-57,Dry,2025,TS7,,Scaled Sardine,,,,2.5,3.3,0.2,,98,6.4,30.1,28.9,1.1,44900,,,,10:38,10:50
FIMS-57,Dry,2025,TS7,,Scaled Sardine,,,,2.7,3.5,0.2,,98,6.4,30.1,28.9,1.1,44900,,,,10:38,10:50
FIMS-57,Dry,2025,TS7,,Scaled Sardine,,,,3.1,3.8,0.3,,98,6.4,30.1,28.9,1.1,44900,,,,10:38,10:50
FIMS-57,Dry,2025,TS7,,Scaled Sardine,,,,2.8,3.2,0.2,,98,6.4,30.1,28.9,1.1,44900,,,,10:38,10:50
FIMS-57,Dry,2025,TS7,,Scaled Sardine,,,,2.8,3.5,0.3,,98,6.4,30.1,28.9,1.1,44900,,,,10:38,10:50
FIMS-57,Dry,2025,TS7,,Clown Goby,,,,3.6,4.1,0.2,,98,6.4,30.1,28.9,1.1,44900,,,,10:38,10:50
FIMS-57,Dry,2025,TS7,,Unknown Goby,,,,2.2,2.6,0.1,,98,6.4,30.1,28.9,1.1,44900,,,,10:38,10:50
FIMS-58,Dry,2025,TS7,,Goldspotted Killifish,,,,1.6,1.9,0.1,,118,7.6,30.9,31.1,1.1,47969,,,,11:41,
FIMS-58,Dry,2025,TS7,,Goldspotted Killifish,,,,1.8,2.3,0.1,,118,7.6,30.9,31.1,1.1,47969,,,,11:41,
FIMS-58,Dry,2025,TS7,,Goldspotted Killifish,,,,1.7,2,0.1,,118,7.6,30.9,31.1,1.1,47969,,,,11:41,
FIMS-58,Dry,2025,TS7,,Goldspotted Killifish,,,,2.6,2.9,0.35,,118,7.6,30.9,31.1,1.1,47969,,,,11:41,
FIMS-58,Dry,2025,TS7,,Goldspotted Killifish,,,,1.7,2,0.1,,118,7.6,30.9,31.1,1.1,47969,,,,11:41,
FIMS-58,Dry,2025,TS7,,Goldspotted Killifish,,,,1.5,1.8,0.1,,118,7.6,30.9,31.1,1.1,47969,,,,11:41,
FIMS-58,Dry,2025,TS7,,Goldspotted Killifish,,,,1.5,1.8,0.1,,118,7.6,30.9,31.1,1.1,47969,,,,11:41,
FIMS-58,Dry,2025,TS7,,Goldspotted Killifish,,,,2.4,2.7,0.38,,118,7.6,30.9,31.1,1.1,47969,,,,11:41,
FIMS-58,Dry,2025,TS7,,Goldspotted Killifish,,,,1.4,1.7,0.1,,118,7.6,30.9,31.1,1.1,47969,,,,11:41,
FIMS-58,Dry,2025,TS7,,Goldspotted Killifish,,,,1.6,1.9,0.1,,118,7.6,30.9,31.1,1.1,47969,,,,11:41,
FIMS-58,Dry,2025,TS7,,Goldspotted Killifish,,,,2,2.4,0.2,,118,7.6,30.9,31.1,1.1,47969,,,,11:41,
FIMS-58,Dry,2025,TS7,,Goldspotted Killifish,,,,1.8,2.2,0.1,,118,7.6,30.9,31.1,1.1,47969,,,,11:41,
FIMS-58,Dry,2025,TS7,,Goldspotted Killifish,,,,1.7,2,0.1,,118,7.6,30.9,31.1,1.1,47969,,,,11:41,
FIMS-58,Dry,2025,TS7,,Goldspotted Killifish,,,,1.6,2.1,0.1,,118,7.6,30.9,31.1,1.1,47969,,,,11:41,
FIMS-58,Dry,2025,TS7,,Goldspotted Killifish,,,,1.7,2.1,0.1,,118,7.6,30.9,31.1,1.1,47969,,,,11:41,
FIMS-58,Dry,2025,TS7,,Goldspotted Killifish,,,,1.7,1.9,0.1,,118,7.6,30.9,31.1,1.1,47969,,,,11:41,
FIMS-58,Dry,2025,TS7,,Goldspotted Killifish,,,,1.8,2.2,0.1,,118,7.6,30.9,31.1,1.1,47969,,,,11:41,
FIMS-58,Dry,2025,TS7,,Goldspotted Killifish,,,,1.6,1.9,0.1,,118,7.6,30.9,31.1,1.1,47969,,,,11:41,
FIMS-58,Dry,2025,TS7,,Goldspotted Killifish,,,,1.5,1.7,0.1,,118,7.6,30.9,31.1,1.1,47969,,,,11:41,
FIMS-58,Dry,2025,TS7,,Goldspotted Killifish,,,,1.6,2.1,0.1,,118,7.6,30.9,31.1,1.1,47969,,,,11:41,
FIMS-58,Dry,2025,TS7,,Estuarine Mud Crab,,,,,0.6,total= 1.5g,,118,7.6,30.9,31.1,1.1,47969,,,,11:41,
FIMS-58,Dry,2025,TS7,,Estuarine Mud Crab,,,,,0.8,,,118,7.6,30.9,31.1,1.1,47969,,,,11:41,
FIMS-58,Dry,2025,TS7,,Estuarine Mud Crab,,,,,0.5,,,118,7.6,30.9,31.1,1.1,47969,,,,11:41,
FIMS-58,Dry,2025,TS7,,Estuarine Mud Crab,,,,,0.6,,,118,7.6,30.9,31.1,1.1,47969,,,,11:41,
FIMS-58,Dry,2025,TS7,,Estuarine Mud Crab,,,,,0.5,,,118,7.6,30.9,31.1,1.1,47969,,,,11:41,
FIMS-58,Dry,2025,TS7,,Estuarine Mud Crab,,,,,0.5,,,118,7.6,30.9,31.1,1.1,47969,,,,11:41,
FIMS-58,Dry,2025,TS7,,Estuarine Mud Crab,,,,,0.3,,,118,7.6,30.9,31.1,1.1,47969,,,,11:41,
FIMS-58,Dry,2025,TS7,,Estuarine Mud Crab,,,,,1.2,,,118,7.6,30.9,31.1,1.1,47969,,,,11:41,
FIMS-58,Dry,2025,TS7,,Estuarine Mud Crab,,,,,0.9,,,118,7.6,30.9,31.1,1.1,47969,,,,11:41,
FIMS-58,Dry,2025,TS7,,Estuarine Mud Crab,,,,,0.8,,,118,7.6,30.9,31.1,1.1,47969,,,,11:41,
FIMS-58,Dry,2025,TS7,,Estuarine Mud Crab,,,,,1.1,,,118,7.6,30.9,31.1,1.1,47969,,,,11:41,
FIMS-58,Dry,2025,TS7,,Dwarf Seahorse,,,,,1.9,0.1,,118,7.6,30.9,31.1,1.1,47969,,,,11:41,
FIMS-58,Dry,2025,TS7,,Dwarf Seahorse,,,,,1.6,0.1,,118,7.6,30.9,31.1,1.1,47969,,,,11:41,
FIMS-58,Dry,2025,TS7,,Dwarf Seahorse,,,,,1.1,0.1,,118,7.6,30.9,31.1,1.1,47969,,,,11:41,
FIMS-60,Dry,2025,TS7,,Redfin Needlefish,need to process (about 10),,,,,,,109,6.9,30.4,31.9,1.4,49096,5,,,9:25,9:36
FIMS-60,Dry,2025,TS7,,Bay Anchovy,need to process (about 15),,,,,,,109,6.9,30.4,31.9,1.4,49096,5,,,9:25,9:36
FIMS_806,Dry,2026,TS9,,Gulf Pipefish,,,,,11.7,0.5,c,67,,,,,,,,,,
FIMS_806,Dry,2026,TS9,,Dwarf Seahorse,,,,,1.5,0.05,c,67,4.2,28.2,36.9,,55758,6,25.17997,-80.48994,8:57,9:04
FIMS_806,Dry,2026,TS9,,Dwarf Seahorse,,,,,1.9,0.05,c,67,4.2,28.2,36.9,1.2,55758,6,25.17997,-80.48994,8:57,9:04
FIMS_806,Dry,2026,TS9,,Inland Silverside,,,,,7.7,1.6,c,67,4.2,28.2,36.9,1.2,55758,6,25.17997,-80.48994,8:57,9:04
FIMS_806,Dry,2026,TS9,,Inland Silverside,,,,,8.1,2,c,67,4.2,28.2,36.9,1.2,55758,6,25.17997,-80.48994,8:57,9:04
FIMS_806,Dry,2026,TS9,,Inland Silverside,,,,,8,2,c,67,4.2,28.2,36.9,1.2,55758,6,25.17997,-80.48994,8:57,9:04
FIMS_806,Dry,2026,TS9,,Inland Silverside,,,,,6.7,1.1,c,67,4.2,28.2,36.9,1.2,55758,6,25.17997,-80.48994,8:57,9:04
FIMS_806,Dry,2026,TS9,,Inland Silverside,,,,,3.8,0.4,c,67,4.2,28.2,36.9,1.2,55758,6,25.17997,-80.48994,8:57,9:04
FIMS_806,Dry,2026,TS9,,Inland Silverside,,,,,4,0.3,c,67,4.2,28.2,36.9,1.2,55758,6,25.17997,-80.48994,8:57,9:04
FIMS_806,Dry,2026,TS9,,Inland Silverside,,,,,3.5,0.5,c,67,4.2,28.2,36.9,1.2,55758,6,25.17997,-80.48994,8:57,9:04
FIMS_806,Dry,2026,TS9,,Inland Silverside,,,,,7.5,1.5,c,67,4.2,28.2,36.9,1.2,55758,6,25.17997,-80.48994,8:57,9:04
FIMS_806,Dry,2026,TS9,,Inland Silverside,,,,,8.2,2.3,c,67,4.2,28.2,36.9,1.2,55758,6,25.17997,-80.48994,8:57,9:04
FIMS_806,Dry,2026,TS9,,Clown Goby,,,,,2.8,0.3,c,67,4.2,28.2,36.9,1.2,55758,6,25.17997,-80.48994,8:57,9:04
FIMS_806,Dry,2026,TS9,,Clown Goby,,,,,2.5,0.1,c,67,4.2,28.2,36.9,1.2,55758,6,25.17997,-80.48994,8:57,9:04
FIMS_806,Dry,2026,TS9,,Clown Goby,,,,,2.8,0.3,c,67,4.2,28.2,36.9,1.2,55758,6,25.17997,-80.48994,8:57,9:04
FIMS_806,Dry,2026,TS9,,Code Goby,,,,,2.5,0.2,c,67,4.2,28.2,36.9,1.2,55758,6,25.17997,-80.48994,8:57,9:04
FIMS_806,Dry,2026,TS9,,Rainwater Killifish,,,,,3.4,0.5,c,67,4.2,28.2,36.9,1.2,55758,6,25.17997,-80.48994,8:57,9:04
FIMS_806,Dry,2026,TS9,,Rainwater Killifish,,,,,2.6,0.4,c,67,4.2,28.2,36.9,1.2,55758,6,25.17997,-80.48994,8:57,9:04
FIMS_806,Dry,2026,TS9,,Rainwater Killifish,,,,,2.5,0.3,c,67,4.2,28.2,36.9,1.2,55758,6,25.17997,-80.48994,8:57,9:04
FIMS_806,Dry,2026,TS9,,Rainwater Killifish,,,,,3.3,0.4,c,67,4.2,28.2,36.9,1.2,55758,6,25.17997,-80.48994,8:57,9:04
FIMS_806,Dry,2026,TS9,,Sheepshead Minnow,,,,,2.8,0.5,c,67,4.2,28.2,36.9,1.2,55758,6,25.17997,-80.48994,8:57,9:04
FIMS_806,Dry,2026,TS9,,Sheepshead Minnow,,,,,2,0.2,c,67,4.2,28.2,36.9,1.2,55758,6,25.17997,-80.48994,8:57,9:04
FIMS_806,Dry,2026,TS9,,Silver Jenny,,,,,7.7,5.8,c,67,4.2,28.2,36.9,1.2,55758,6,25.17997,-80.48994,8:57,9:04
FIMS_806,Dry,2026,TS9,,Silver Jenny,,,,,7,3.8,c,67,4.2,28.2,36.9,1.2,55758,6,25.17997,-80.48994,8:57,9:04
FIMS_806,Dry,2026,TS9,,Silver Jenny,,,,,8.9,7.9,c,67,4.2,28.2,36.9,1.2,55758,6,25.17997,-80.48994,8:57,9:04
FIMS_806,Dry,2026,TS9,,Silver Jenny,,,,,9.9,11.6,c,67,4.2,28.2,36.9,1.2,55758,6,25.17997,-80.48994,8:57,9:04
FIMS_806,Dry,2026,TS9,,Silver Jenny,,,,,8.1,5.6,c,67,4.2,28.2,36.9,1.2,55758,6,25.17997,-80.48994,8:57,9:04
FIMS_806,Dry,2026,TS9,,Tidewater Mojarra,,,,,7.3,4.2,c,67,4.2,28.2,36.9,1.2,55758,6,25.17997,-80.48994,8:57,9:04
FIMS_806,Dry,2026,TS9,,Tidewater Mojarra,,,,,8,5.3,c,67,4.2,28.2,36.9,1.2,55758,6,25.17997,-80.48994,8:57,9:04
FIMS_806,Dry,2026,TS9,,Tidewater Mojarra,,,,,4,0.6,c,67,4.2,28.2,36.9,1.2,55758,6,25.17997,-80.48994,8:57,9:04
FIMS_806,Dry,2026,TS9,,Tidewater Mojarra,,,,,3.3,0.5,c,67,4.2,28.2,36.9,1.2,55758,6,25.17997,-80.48994,8:57,9:04
FIMS_806,Dry,2026,TS9,,Tidewater Mojarra,,,,,3.8,0.5,c,67,4.2,28.2,36.9,1.2,55758,6,25.17997,-80.48994,8:57,9:04
FIMS_806,Dry,2026,TS9,,Tidewater Mojarra,,,,,3,0.4,c,67,4.2,28.2,36.9,1.2,55758,6,25.17997,-80.48994,8:57,9:04
FIMS_806,Dry,2026,TS9,,Tidewater Mojarra,,,,,3,0.3,c,67,4.2,28.2,36.9,1.2,55758,6,25.17997,-80.48994,8:57,9:04
FIMS_806,Dry,2026,TS9,,Tidewater Mojarra,,,,,3.2,0.5,c,67,4.2,28.2,36.9,1.2,55758,6,25.17997,-80.48994,8:57,9:04
FIMS_806,Dry,2026,TS9,,Tidewater Mojarra,,,,,3.7,0.5,c,67,4.2,28.2,36.9,1.2,55758,6,25.17997,-80.48994,8:57,9:04
FIMS_806,Dry,2026,TS9,,Tidewater Mojarra,,,,,3.2,0.35,c,67,4.2,28.2,36.9,1.2,55758,6,25.17997,-80.48994,8:57,9:04
FIMS_806,Dry,2026,TS9,,Tidewater Mojarra,,,,,2.9,0.21,c,67,4.2,28.2,36.9,1.2,55758,6,25.17997,-80.48994,8:57,9:04
FIMS_806,Dry,2026,TS9,,Tidewater Mojarra,,,,,3.1,0.34,c,67,4.2,28.2,36.9,1.2,55758,6,25.17997,-80.48994,8:57,9:04
FIMS_806,Dry,2026,TS9,,Tidewater Mojarra,,,,,3.2,0.32,c,67,4.2,28.2,36.9,1.2,55758,6,25.17997,-80.48994,8:57,9:04
FIMS_806,Dry,2026,TS9,,Tidewater Mojarra,,,,,3.7,0.47,c,67,4.2,28.2,36.9,1.2,55758,6,25.17997,-80.48994,8:57,9:04
FIMS_806,Dry,2026,TS9,,Tidewater Mojarra,,,,,3.7,0.48,c,67,4.2,28.2,36.9,1.2,55758,6,25.17997,-80.48994,8:57,9:04
FIMS_806,Dry,2026,TS9,,Tidewater Mojarra,,,,,3.8,0.52,c,67,4.2,28.2,36.9,1.2,55758,6,25.17997,-80.48994,8:57,9:04
FIMS_806,Dry,2026,TS9,,Tidewater Mojarra,,,,,3.9,0.5,c,67,4.2,28.2,36.9,1.2,55758,6,25.17997,-80.48994,8:57,9:04
FIMS_806,Dry,2026,TS9,,Tidewater Mojarra,,,,,3.7,0.4,c,67,4.2,28.2,36.9,1.2,55758,6,25.17997,-80.48994,8:57,9:04
FIMS_806,Dry,2026,TS9,,Bay Anchovy,,,,,5.3,1.05,c,67,4.2,28.2,36.9,1.2,55758,6,25.17997,-80.48994,8:57,9:04
FIMS_806,Dry,2026,TS9,,Bay Anchovy,,,,,4.6,0.76,c,67,4.2,28.2,36.9,1.2,55758,6,25.17997,-80.48994,8:57,9:04
FIMS_806,Dry,2026,TS9,,Grass Shrimp,,,,,1.1,0.01,c,67,4.2,28.2,36.9,1.2,55758,6,25.17997,-80.48994,8:57,9:04
FIMS_806,Dry,2026,TS9,,Grass Shrimp,,,,,1.2,0.01,c,67,4.2,28.2,36.9,1.2,55758,6,25.17997,-80.48994,8:57,9:04
FIMS_806,Dry,2026,TS9,,Grass Shrimp,,,,,1.3,0.01,c,67,4.2,28.2,36.9,1.2,55758,6,25.17997,-80.48994,8:57,9:04
FIMS_806,Dry,2026,TS9,,Grass Shrimp,,,,,1.5,0.01,c,67,4.2,28.2,36.9,1.2,55758,6,25.17997,-80.48994,8:57,9:04
FIMS_806,Dry,2026,TS9,,Grass Shrimp,,,,,1.1,0.01,c,67,4.2,28.2,36.9,1.2,55758,6,25.17997,-80.48994,8:57,9:04
FIMS_806,Dry,2026,TS9,,Grass Shrimp,,,,,1.5,0.01,c,67,4.2,28.2,36.9,1.2,55758,6,25.17997,-80.48994,8:57,9:04
FIMS_807,Dry,2026,TS9,,Clown Goby,,,,,2.1,0.04,c,76,4.2,28.2,36.9,1.2,55758,6,25.17997,-80.48994,8:57,9:04
FIMS_807,Dry,2026,TS9,,Clown Goby,,,,,3.6,0.27,c,76,4.9,28.3,36.9,1.5,55771,3,25.18046,-80.49004,9:53,9:59
FIMS_807,Dry,2026,TS9,,Clown Goby,,,,,3.4,0.18,c,76,4.9,28.3,36.9,1.5,55771,3,25.18046,-80.49004,9:53,9:59
FIMS_807,Dry,2026,TS9,,Clown Goby,,,,,3,0.15,c,76,4.9,28.3,36.9,1.5,55771,3,25.18046,-80.49004,9:53,9:59
FIMS_807,Dry,2026,TS9,,Clown Goby,,,,,4,0.31,c,76,4.9,28.3,36.9,1.5,55771,3,25.18046,-80.49004,9:53,9:59
FIMS_807,Dry,2026,TS9,,Redfin Needlefish,,,,,9.5,1.35,c,76,4.9,28.3,36.9,1.5,55771,3,25.18046,-80.49004,9:53,9:59
FIMS_807,Dry,2026,TS9,,Sheepshead Minnow,,,,,2.6,0.21,c,76,4.9,28.3,36.9,1.5,55771,3,25.18046,-80.49004,9:53,9:59
FIMS_807,Dry,2026,TS9,,Sheepshead Minnow,,,,,2.7,0.26,c,76,4.9,28.3,36.9,1.5,55771,3,25.18046,-80.49004,9:53,9:59
FIMS_807,Dry,2026,TS9,,Sheepshead Minnow,,,,,2.1,0.12,c,76,4.9,28.3,36.9,1.5,55771,3,25.18046,-80.49004,9:53,9:59
FIMS_807,Dry,2026,TS9,,Sheepshead Minnow,,,,,1.7,0.04,c,76,4.9,28.3,36.9,1.5,55771,3,25.18046,-80.49004,9:53,9:59
FIMS_807,Dry,2026,TS9,,Sheepshead Minnow,,,,,2.6,0.22,c,76,4.9,28.3,36.9,1.5,55771,3,25.18046,-80.49004,9:53,9:59
FIMS_807,Dry,2026,TS9,,Tidewater Mojarra,,,,,5.7,1.86,c,76,4.9,28.3,36.9,1.5,55771,3,25.18046,-80.49004,9:53,9:59
FIMS_807,Dry,2026,TS9,,Tidewater Mojarra,,,,,4,0.64,c,76,4.9,28.3,36.9,1.5,55771,3,25.18046,-80.49004,9:53,9:59
FIMS_807,Dry,2026,TS9,,Tidewater Mojarra,,,,,2.2,0.66,c,76,4.9,28.3,36.9,1.5,55771,3,25.18046,-80.49004,9:53,9:59
FIMS_807,Dry,2026,TS9,,Tidewater Mojarra,,,,,6.1,2.13,c,76,4.9,28.3,36.9,1.5,55771,3,25.18046,-80.49004,9:53,9:59
FIMS_807,Dry,2026,TS9,,Tidewater Mojarra,,,,,6.1,2.26,c,76,4.9,28.3,36.9,1.5,55771,3,25.18046,-80.49004,9:53,9:59
FIMS_807,Dry,2026,TS9,,Tidewater Mojarra,,,,,5.8,1.91,c,76,4.9,28.3,36.9,1.5,55771,3,25.18046,-80.49004,9:53,9:59
FIMS_807,Dry,2026,TS9,,Tidewater Mojarra,,,,,7.8,4.77,c,76,4.9,28.3,36.9,1.5,55771,3,25.18046,-80.49004,9:53,9:59
FIMS_807,Dry,2026,TS9,,Silver Jenny,,,,,11,18,c,76,4.9,28.3,36.9,1.5,55771,3,25.18046,-80.49004,9:53,9:59
FIMS_807,Dry,2026,TS9,,Silver Jenny,,,,,11.4,20.8,c,76,4.9,28.3,36.9,1.5,55771,3,25.18046,-80.49004,9:53,9:59
FIMS_807,Dry,2026,TS9,,Silver Jenny,,,,,10.7,17.27,c,76,4.9,28.3,36.9,1.5,55771,3,25.18046,-80.49004,9:53,9:59
FIMS_807,Dry,2026,TS9,,Silver Jenny,,,,,8.3,7.05,c,76,4.9,28.3,36.9,1.5,55771,3,25.18046,-80.49004,9:53,9:59
FIMS_807,Dry,2026,TS9,,Silver Jenny,,,,,9.9,12.43,c,76,4.9,28.3,36.9,1.5,55771,3,25.18046,-80.49004,9:53,9:59
FIMS_807,Dry,2026,TS9,,Silver Jenny,,,,,10.2,14.13,c,76,4.9,28.3,36.9,1.5,55771,3,25.18046,-80.49004,9:53,9:59
FIMS_807,Dry,2026,TS9,,Silver Jenny,,,,,10.1,14.31,c,76,4.9,28.3,36.9,1.5,55771,3,25.18046,-80.49004,9:53,9:59
FIMS_807,Dry,2026,TS9,,Silver Jenny,,,,,10,13.07,c,76,4.9,28.3,36.9,1.5,55771,3,25.18046,-80.49004,9:53,9:59
FIMS_807,Dry,2026,TS9,,Silver Jenny,,,,,8.3,7.54,c,76,4.9,28.3,36.9,1.5,55771,3,25.18046,-80.49004,9:53,9:59
FIMS_807,Dry,2026,TS9,,Silver Jenny,,,,,8,6.84,c,76,4.9,28.3,36.9,1.5,55771,3,25.18046,-80.49004,9:53,9:59
FIMS_807,Dry,2026,TS9,,Silver Jenny,,,,,9.7,12.03,c,76,4.9,28.3,36.9,1.5,55771,3,25.18046,-80.49004,9:53,9:59
FIMS_807,Dry,2026,TS9,,Silver Jenny,,,,,9.9,11.74,c,76,4.9,28.3,36.9,1.5,55771,3,25.18046,-80.49004,9:53,9:59
FIMS_807,Dry,2026,TS9,,Silver Jenny,,,,,9.7,11.94,c,76,4.9,28.3,36.9,1.5,55771,3,25.18046,-80.49004,9:53,9:59
FIMS_807,Dry,2026,TS9,,Silver Jenny,,,,,8.6,7.95,c,76,4.9,28.3,36.9,1.5,55771,3,25.18046,-80.49004,9:53,9:59
FIMS_807,Dry,2026,TS9,,Silver Jenny,,,,,8.3,7.27,c,76,4.9,28.3,36.9,1.5,55771,3,25.18046,-80.49004,9:53,9:59
FIMS_807,Dry,2026,TS9,,Silver Jenny,,,,,8,6.51,c,76,4.9,28.3,36.9,1.5,55771,3,25.18046,-80.49004,9:53,9:59
FIMS_807,Dry,2026,TS9,,Silver Jenny,,,,,7.5,5.21,c,76,4.9,28.3,36.9,1.5,55771,3,25.18046,-80.49004,9:53,9:59
FIMS_807,Dry,2026,TS9,,Silver Jenny,,,,,6.8,3.95,c,76,4.9,28.3,36.9,1.5,55771,3,25.18046,-80.49004,9:53,9:59
FIMS_807,Dry,2026,TS9,,Silver Jenny,,,,,5.7,2.39,c,76,4.9,28.3,36.9,1.5,55771,3,25.18046,-80.49004,9:53,9:59
FIMS_807,Dry,2026,TS9,,Silver Jenny,,,,,6.1,2.66,c,76,4.9,28.3,36.9,1.5,55771,3,25.18046,-80.49004,9:53,9:59
FIMS_807,Dry,2026,TS9,,Silver Jenny,,,,,6.3,3.1,c,76,4.9,28.3,36.9,1.5,55771,3,25.18046,-80.49004,9:53,9:59
FIMS_807,Dry,2026,TS9,,Sheepshead Minnow,,,,,2.5,0.2,c,76,4.9,28.3,36.9,1.5,55771,3,25.18046,-80.49004,9:53,9:59
FIMS_807,Dry,2026,TS9,,Pipefish,,,,,3,0.01,c,76,4.9,28.3,36.9,1.5,55771,3,25.18046,-80.49004,9:53,9:59
FIMS_807,Dry,2026,TS9,,Pipefish,,,,,5.5,0.04,c,76,4.9,28.3,36.9,1.5,55771,3,25.18046,-80.49004,9:53,9:59
FIMS_807,Dry,2026,TS9,,Grass Shrimp,,,,,0.8,0.1,c,76,4.9,28.3,36.9,1.5,55771,3,25.18046,-80.49004,9:53,9:59
FIMS_807,Dry,2026,TS9,,Grass Shrimp,,,,,1,0.1,c,76,4.9,28.3,36.9,1.5,55771,3,25.18046,-80.49004,9:53,9:59
FIMS_807,Dry,2026,TS9,,Grass Shrimp,,,,,1.3,0.1,c,76,4.9,28.3,36.9,1.5,55771,3,25.18046,-80.49004,9:53,9:59
FIMS_807,Dry,2026,TS9,,Grass Shrimp,,,,,0.7,0.1,c,76,4.9,28.3,36.9,1.5,55771,3,25.18046,-80.49004,9:53,9:59
FIMS_807,Dry,2026,TS9,,Grass Shrimp,,,,,0.9,0.1,c,76,4.9,28.3,36.9,1.5,55771,3,25.18046,-80.49004,9:53,9:59
FIMS_807,Dry,2026,TS9,,Grass Shrimp,,,,,1.5,0.1,c,76,4.9,28.3,36.9,1.5,55771,3,25.18046,-80.49004,9:53,9:59
FIMS_807,Dry,2026,TS9,,Grass Shrimp,,,,,1.1,0.1,c,76,4.9,28.3,36.9,1.5,55771,3,25.18046,-80.49004,9:53,9:59
FIMS_807,Dry,2026,TS9,,Grass Shrimp,,,,,1.3,0.1,c,76,4.9,28.3,36.9,1.5,55771,3,25.18046,-80.49004,9:53,9:59
FIMS_807,Dry,2026,TS9,,Grass Shrimp,,,,,1.1,0.1,c,76,4.9,28.3,36.9,1.5,55771,3,25.18046,-80.49004,9:53,9:59
FIMS_807,Dry,2026,TS9,,Clown Goby,,,,,2.9,0.12,c,76,4.9,28.3,36.9,1.5,55771,3,25.18046,-80.49004,9:53,9:59
FIMS_807,Dry,2026,TS9,,Blenny spp.,,,,,3.3,0.34,c,76,4.9,28.3,36.9,1.5,55771,3,25.18046,-80.49004,9:53,9:59
FIMS_807,Dry,2026,TS9,,Sheepshead Minnow,,,,,1.7,0.07,c,76,4.9,28.3,36.9,1.5,55771,3,25.18046,-80.49004,9:53,9:59
FIMS_807,Dry,2026,TS9,,Sheepshead Minnow,,,,,2.4,0.19,c,76,4.9,28.3,36.9,1.5,55771,3,25.18046,-80.49004,9:53,9:59
FIMS_807,Dry,2026,TS9,,Sheepshead Minnow,,,,,2.4,0.18,c,76,4.9,28.3,36.9,1.5,55771,3,25.18046,-80.49004,9:53,9:59
FIMS_807,Dry,2026,TS9,,Sheepshead Minnow,,,,,2.7,0.32,c,76,4.9,28.3,36.9,1.5,55771,3,25.18046,-80.49004,9:53,9:59
FIMS_807,Dry,2026,TS9,,Sheepshead Minnow,,,,,2.7,0.3,c,76,4.9,28.3,36.9,1.5,55771,3,25.18046,-80.49004,9:53,9:59
FIMS_807,Dry,2026,TS9,,Sheepshead Minnow,,,,,2.7,0.29,c,76,4.9,28.3,36.9,1.5,55771,3,25.18046,-80.49004,9:53,9:59
FIMS_807,Dry,2026,TS9,,Hardhead Silverside,,,,,5.8,1.55,c,76,4.9,28.3,36.9,1.5,55771,3,25.18046,-80.49004,9:53,9:59
FIMS_807,Dry,2026,TS9,,Hardhead Silverside,,,,,4.3,0.58,c,76,4.9,28.3,36.9,1.5,55771,3,25.18046,-80.49004,9:53,9:59
FIMS_807,Dry,2026,TS9,,Hardhead Silverside,,,,,5.6,1.43,c,76,4.9,28.3,36.9,1.5,55771,3,25.18046,-80.49004,9:53,9:59
FIMS_807,Dry,2026,TS9,,Hardhead Silverside,,,,,4.8,0.91,c,76,4.9,28.3,36.9,1.5,55771,3,25.18046,-80.49004,9:53,9:59
FIMS_807,Dry,2026,TS9,,Hardhead Silverside,,,,,6,1.88,c,76,4.9,28.3,36.9,1.5,55771,3,25.18046,-80.49004,9:53,9:59
FIMS_807,Dry,2026,TS9,,Hardhead Silverside,,,,,5.7,1.61,c,76,4.9,28.3,36.9,1.5,55771,3,25.18046,-80.49004,9:53,9:59
FIMS_807,Dry,2026,TS9,,Hardhead Silverside,,,,,5,1.04,c,76,4.9,28.3,36.9,1.5,55771,3,25.18046,-80.49004,9:53,9:59
FIMS_807,Dry,2026,TS9,,Hardhead Silverside,,,,,5.9,1.69,c,76,4.9,28.3,36.9,1.5,55771,3,25.18046,-80.49004,9:53,9:59
FIMS_807,Dry,2026,TS9,,Hardhead Silverside,,,,,5.5,1.19,c,76,4.9,28.3,36.9,1.5,55771,3,25.18046,-80.49004,9:53,9:59
FIMS_807,Dry,2026,TS9,,Hardhead Silverside,,,,,5.8,1.57,c,76,4.9,28.3,36.9,1.5,55771,3,25.18046,-80.49004,9:53,9:59
FIMS_807,Dry,2026,TS9,,Hardhead Silverside,,,,,5.8,1.69,c,76,4.9,28.3,36.9,1.5,55771,3,25.18046,-80.49004,9:53,9:59
FIMS_807,Dry,2026,TS9,,Hardhead Silverside,,,,,5.1,1.08,c,76,4.9,28.3,36.9,1.5,55771,3,25.18046,-80.49004,9:53,9:59
FIMS_807,Dry,2026,TS9,,Hardhead Silverside,,,,,5.5,1.37,c,76,4.9,28.3,36.9,1.5,55771,3,25.18046,-80.49004,9:53,9:59
FIMS_807,Dry,2026,TS9,,Hardhead Silverside,,,,,5.5,1.42,c,76,4.9,28.3,36.9,1.5,55771,3,25.18046,-80.49004,9:53,9:59
FIMS_807,Dry,2026,TS9,,Hardhead Silverside,,,,,5.6,1.41,c,76,4.9,28.3,36.9,1.5,55771,3,25.18046,-80.49004,9:53,9:59
FIMS_807,Dry,2026,TS9,,Hardhead Silverside,,,,,5.6,1.46,c,76,4.9,28.3,36.9,1.5,55771,3,25.18046,-80.49004,9:53,9:59
FIMS_807,Dry,2026,TS9,,Hardhead Silverside,,,,,4.9,0.9,c,76,4.9,28.3,36.9,1.5,55771,3,25.18046,-80.49004,9:53,9:59
FIMS_807,Dry,2026,TS9,,Hardhead Silverside,,,,,5.5,1.52,c,76,4.9,28.3,36.9,1.5,55771,3,25.18046,-80.49004,9:53,9:59
FIMS_807,Dry,2026,TS9,,Hardhead Silverside,,,,,5.1,1.1,c,76,4.9,28.3,36.9,1.5,55771,3,25.18046,-80.49004,9:53,9:59
FIMS_807,Dry,2026,TS9,,Hardhead Silverside,,,,,5.2,1.19,c,76,4.9,28.3,36.9,1.5,55771,3,25.18046,-80.49004,9:53,9:59
FIMS_807,Dry,2026,TS9,,Hardhead Silverside,,,,,5.8,1.8,c,76,4.9,28.3,36.9,1.5,55771,3,25.18046,-80.49004,9:53,9:59
FIMS_807,Dry,2026,TS9,,Hardhead Silverside,,,,,5.8,1.63,c,76,4.9,28.3,36.9,1.5,55771,3,25.18046,-80.49004,9:53,9:59
FIMS_807,Dry,2026,TS9,,Hardhead Silverside,,,,,5,1.02,c,76,4.9,28.3,36.9,1.5,55771,3,25.18046,-80.49004,9:53,9:59
FIMS_807,Dry,2026,TS9,,Hardhead Silverside,,,,,4.8,0.93,c,76,4.9,28.3,36.9,1.5,55771,3,25.18046,-80.49004,9:53,9:59
FIMS_807,Dry,2026,TS9,,Hardhead Silverside,,,,,5.4,1.24,c,76,4.9,28.3,36.9,1.5,55771,3,25.18046,-80.49004,9:53,9:59
FIMS_807,Dry,2026,TS9,,Hardhead Silverside,,,,,5.7,1.47,c,76,4.9,28.3,36.9,1.5,55771,3,25.18046,-80.49004,9:53,9:59
FIMS_807,Dry,2026,TS9,,Hardhead Silverside,,,,,4.9,0.9,c,76,4.9,28.3,36.9,1.5,55771,3,25.18046,-80.49004,9:53,9:59
FIMS_807,Dry,2026,TS9,,Hardhead Silverside,,,,,5.6,1.42,c,76,4.9,28.3,36.9,1.5,55771,3,25.18046,-80.49004,9:53,9:59
FIMS_807,Dry,2026,TS9,,Hardhead Silverside,,,,,4.5,0.66,c,76,4.9,28.3,36.9,1.5,55771,3,25.18046,-80.49004,9:53,9:59
FIMS_807,Dry,2026,TS9,,Hardhead Silverside,,,,,5.5,1.35,c,76,4.9,28.3,36.9,1.5,55771,3,25.18046,-80.49004,9:53,9:59
FIMS_807,Dry,2026,TS9,,Hardhead Silverside,,,,,5.2,1.19,c,76,4.9,28.3,36.9,1.5,55771,3,25.18046,-80.49004,9:53,9:59
FIMS_807,Dry,2026,TS9,,Hardhead Silverside,,,,,5.9,1.63,c,76,4.9,28.3,36.9,1.5,55771,3,25.18046,-80.49004,9:53,9:59
FIMS_807,Dry,2026,TS9,,Hardhead Silverside,,,,,6.2,2,c,76,4.9,28.3,36.9,1.5,55771,3,25.18046,-80.49004,9:53,9:59
FIMS_807,Dry,2026,TS9,,Hardhead Silverside,,,,,4.8,0.84,c,76,4.9,28.3,36.9,1.5,55771,3,25.18046,-80.49004,9:53,9:59
FIMS_807,Dry,2026,TS9,,Hardhead Silverside,,,,,5,0.97,c,76,4.9,28.3,36.9,1.5,55771,3,25.18046,-80.49004,9:53,9:59
FIMS_807,Dry,2026,TS9,,Hardhead Silverside,,,,,5.5,1.34,c,76,4.9,28.3,36.9,1.5,55771,3,25.18046,-80.49004,9:53,9:59
FIMS_807,Dry,2026,TS9,,Hardhead Silverside,,,,,5.2,1.09,c,76,4.9,28.3,36.9,1.5,55771,3,25.18046,-80.49004,9:53,9:59
FIMS_807,Dry,2026,TS9,,Hardhead Silverside,,,,,5.8,1.43,c,76,4.9,28.3,36.9,1.5,55771,3,25.18046,-80.49004,9:53,9:59
FIMS_807,Dry,2026,TS9,,Hardhead Silverside,,,,,5.2,1.18,c,76,4.9,28.3,36.9,1.5,55771,3,25.18046,-80.49004,9:53,9:59
FIMS_807,Dry,2026,TS9,,Hardhead Silverside,,,,,6.1,2.16,c,76,4.9,28.3,36.9,1.5,55771,3,25.18046,-80.49004,9:53,9:59
FIMS_807,Dry,2026,TS9,,Snapping Shrimp,,,,,2.3,0.13,c,76,4.9,28.3,36.9,1.5,55771,3,25.18046,-80.49004,9:53,9:59
FIMS_807,Dry,2026,TS9,,Grass Shrimp,,,,,1.5,0.04,c,76,4.9,28.3,36.9,1.5,55771,3,25.18046,-80.49004,9:53,9:59
FIMS_807,Dry,2026,TS9,,Grass Shrimp,,,,,1.5,0.03,c,76,4.9,28.3,36.9,1.5,55771,3,25.18046,-80.49004,9:53,9:59
FIMS_807,Dry,2026,TS9,,Grass Shrimp,,,,,1.5,0.04,c,76,4.9,28.3,36.9,1.5,55771,3,25.18046,-80.49004,9:53,9:59
FIMS_807,Dry,2026,TS9,,Clown Goby,,,,,4.3,0.42,c,76,4.9,28.3,36.9,1.5,55771,3,25.18046,-80.49004,9:53,9:59
FIMS_807,Dry,2026,TS9,,Clown Goby,,,,,3,0.14,c,76,4.9,28.3,36.9,1.5,55771,3,25.18046,-80.49004,9:53,9:59
FIMS_807,Dry,2026,TS9,,Clown Goby,,,,,2.5,0.1,c,76,4.9,28.3,36.9,1.5,55771,3,25.18046,-80.49004,9:53,9:59
FIMS_807,Dry,2026,TS9,,Sheepshead Minnow,,,,,2.9,0.4,c,76,4.9,28.3,36.9,1.5,55771,3,25.18046,-80.49004,9:53,9:59
FIMS_807,Dry,2026,TS9,,Sheepshead Minnow,,,,,2,0.11,c,76,4.9,28.3,36.9,1.5,55771,3,25.18046,-80.49004,9:53,9:59
FIMS_807,Dry,2026,TS9,,Sheepshead Minnow,,,,,2.1,0.1,c,76,4.9,28.3,36.9,1.5,55771,3,25.18046,-80.49004,9:53,9:59
FIMS_807,Dry,2026,TS9,,Sheepshead Minnow,,,,,2.5,0.25,c,76,4.9,28.3,36.9,1.5,55771,3,25.18046,-80.49004,9:53,9:59
FIMS_807,Dry,2026,TS9,,Tidewater Mojarra,,,,,4,0.59,c,76,4.9,28.3,36.9,1.5,55771,3,25.18046,-80.49004,9:53,9:59
FIMS_807,Dry,2026,TS9,,Tidewater Mojarra,,,,,2.8,0.15,c,76,4.9,28.3,36.9,1.5,55771,3,25.18046,-80.49004,9:53,9:59
FIMS_807,Dry,2026,TS9,,Tidewater Mojarra,,,,,2.7,0.19,c,76,4.9,28.3,36.9,1.5,55771,3,25.18046,-80.49004,9:53,9:59
FIMS_807,Dry,2026,TS9,,Hardhead Silverside (n=1752), including the n=40 listed,,,,,,c,76,4.9,28.3,36.9,1.5,55771,3,25.18046,-80.49004,9:53,9:59
FIMS_808,Dry,2026,TS9,,Redfin Needlefish,,,,,16.1,5.03,c,72,4.9,28.3,36.9,1.5,55771,3,25.18046,-80.49004,9:53,9:59
FIMS_808,Dry,2026,TS9,,Redfin Needlefish,,,,,14.2,3.54,c,72,4.6,28.4,37,1,55812,6,25.18052,-80.48879,10:45,10:51
FIMS_808,Dry,2026,TS9,,Gulf Toadfish,,,,,5.7,2.62,c,72,4.6,28.4,37,1,55812,6,25.18052,-80.48879,10:45,10:51
FIMS_808,Dry,2026,TS9,,Gulf Toadfish,,,,,1.5,0.04,c,72,4.6,28.4,37,1,55812,6,25.18052,-80.48879,10:45,10:51
FIMS_808,Dry,2026,TS9,,Blenny spp.,,,,,5,1.21,c,72,4.6,28.4,37,1,55812,6,25.18052,-80.48879,10:45,10:51
FIMS_808,Dry,2026,TS9,,Sheepshead Minnow,,,,,2.4,0.21,c,72,4.6,28.4,37,1,55812,6,25.18052,-80.48879,10:45,10:51
FIMS_808,Dry,2026,TS9,,Dwarf Seahorse,,,,,2,0.03,c,72,4.6,28.4,37,1,55812,6,25.18052,-80.48879,10:45,10:51
FIMS_808,Dry,2026,TS9,,Dwarf Seahorse,,,,,2,0.04,c,72,4.6,28.4,37,1,55812,6,25.18052,-80.48879,10:45,10:51
FIMS_808,Dry,2026,TS9,,Dwarf Seahorse,,,,,2.3,0.05,c,72,4.6,28.4,37,1,55812,6,25.18052,-80.48879,10:45,10:51
FIMS_808,Dry,2026,TS9,,Gulf Pipefish,,,,,8,0.23,c,72,4.6,28.4,37,1,55812,6,25.18052,-80.48879,10:45,10:51
FIMS_808,Dry,2026,TS9,,Gulf Pipefish,,,,,7.9,0.21,c,72,4.6,28.4,37,1,55812,6,25.18052,-80.48879,10:45,10:51
FIMS_808,Dry,2026,TS9,,Gulf Pipefish,,,,,5.3,0.07,c,72,4.6,28.4,37,1,55812,6,25.18052,-80.48879,10:45,10:51
FIMS_808,Dry,2026,TS9,,Gulf Pipefish,,,,,3.8,0.02,c,72,4.6,28.4,37,1,55812,6,25.18052,-80.48879,10:45,10:51
FIMS_808,Dry,2026,TS9,,Mud Crab,,,,,1.5,1.26,c,72,4.6,28.4,37,1,55812,6,25.18052,-80.48879,10:45,10:51
FIMS_808,Dry,2026,TS9,,Mud Crab (w/ eggs),,,,,1,0.37,c,72,4.6,28.4,37,1,55812,6,25.18052,-80.48879,10:45,10:51
FIMS_808,Dry,2026,TS9,,Mud Crab,,,,,0.8,0.15,c,72,4.6,28.4,37,1,55812,6,25.18052,-80.48879,10:45,10:51
FIMS_808,Dry,2026,TS9,,Rainwater Killifish,,,,,4.5,1.14,c,72,4.6,28.4,37,1,55812,6,25.18052,-80.48879,10:45,10:51
FIMS_808,Dry,2026,TS9,,Rainwater Killifish,,,,,3.2,0.43,c,72,4.6,28.4,37,1,55812,6,25.18052,-80.48879,10:45,10:51
FIMS_808,Dry,2026,TS9,,Rainwater Killifish,,,,,3,0.32,c,72,4.6,28.4,37,1,55812,6,25.18052,-80.48879,10:45,10:51
FIMS_808,Dry,2026,TS9,,Rainwater Killifish,,,,,2.6,0.18,c,72,4.6,28.4,37,1,55812,6,25.18052,-80.48879,10:45,10:51
FIMS_808,Dry,2026,TS9,,Rainwater Killifish,,,,,1,0.01,c,72,4.6,28.4,37,1,55812,6,25.18052,-80.48879,10:45,10:51
FIMS_808,Dry,2026,TS9,,Code Goby,,,,,3,0.35,c,72,4.6,28.4,37,1,55812,6,25.18052,-80.48879,10:45,10:51
FIMS_808,Dry,2026,TS9,,Code Goby,,,,,2.4,0.14,c,72,4.6,28.4,37,1,55812,6,25.18052,-80.48879,10:45,10:51
FIMS_808,Dry,2026,TS9,,Hardhead Silverside,  ,,,,5.1,1.08,c,72,4.6,28.4,37,1,55812,6,25.18052,-80.48879,10:45,10:51
FIMS_808,Dry,2026,TS9,,Hardhead Silverside,,,,,5.2,1.03,c,72,4.6,28.4,37,1,55812,6,25.18052,-80.48879,10:45,10:51
FIMS_808,Dry,2026,TS9,,Hardhead Silverside,,,,,5.3,1.15,c,72,4.6,28.4,37,1,55812,6,25.18052,-80.48879,10:45,10:51
FIMS_808,Dry,2026,TS9,,Hardhead Silverside,,,,,5.4,1.21,c,72,4.6,28.4,37,1,55812,6,25.18052,-80.48879,10:45,10:51
FIMS_808,Dry,2026,TS9,,Hardhead Silverside,,,,,5.5,1.26,c,72,4.6,28.4,37,1,55812,6,25.18052,-80.48879,10:45,10:51
FIMS_808,Dry,2026,TS9,,Hardhead Silverside,,,,,4.2,0.55,c,72,4.6,28.4,37,1,55812,6,25.18052,-80.48879,10:45,10:51
FIMS_808,Dry,2026,TS9,,Hardhead Silverside,,,,,5,1.04,c,72,4.6,28.4,37,1,55812,6,25.18052,-80.48879,10:45,10:51
FIMS_808,Dry,2026,TS9,,Hardhead Silverside,,,,,4.8,0.81,c,72,4.6,28.4,37,1,55812,6,25.18052,-80.48879,10:45,10:51
FIMS_808,Dry,2026,TS9,,Hardhead Silverside,,,,,5.5,1.3,c,72,4.6,28.4,37,1,55812,6,25.18052,-80.48879,10:45,10:51
FIMS_808,Dry,2026,TS9,,Hardhead Silverside,,,,,5,1,c,72,4.6,28.4,37,1,55812,6,25.18052,-80.48879,10:45,10:51
FIMS_808,Dry,2026,TS9,,Hardhead Silverside,,,,,5.3,1.2,c,72,4.6,28.4,37,1,55812,6,25.18052,-80.48879,10:45,10:51
FIMS_808,Dry,2026,TS9,,Hardhead Silverside,,,,,5.4,1.2,c,72,4.6,28.4,37,1,55812,6,25.18052,-80.48879,10:45,10:51
FIMS_808,Dry,2026,TS9,,Hardhead Silverside,,,,,5.7,1.54,c,72,4.6,28.4,37,1,55812,6,25.18052,-80.48879,10:45,10:51
FIMS_808,Dry,2026,TS9,,Hardhead Silverside,,,,,4.9,0.93,c,72,4.6,28.4,37,1,55812,6,25.18052,-80.48879,10:45,10:51
FIMS_808,Dry,2026,TS9,,Hardhead Silverside,,,,,5,0.96,c,72,4.6,28.4,37,1,55812,6,25.18052,-80.48879,10:45,10:51
FIMS_808,Dry,2026,TS9,,Hardhead Silverside,,,,,4.9,0.85,c,72,4.6,28.4,37,1,55812,6,25.18052,-80.48879,10:45,10:51
FIMS_808,Dry,2026,TS9,,Hardhead Silverside,,,,,5.3,1.06,c,72,4.6,28.4,37,1,55812,6,25.18052,-80.48879,10:45,10:51
FIMS_808,Dry,2026,TS9,,Hardhead Silverside,,,,,5.7,1.43,c,72,4.6,28.4,37,1,55812,6,25.18052,-80.48879,10:45,10:51
FIMS_808,Dry,2026,TS9,,Hardhead Silverside,,,,,5.1,1.08,c,72,4.6,28.4,37,1,55812,6,25.18052,-80.48879,10:45,10:51
FIMS_808,Dry,2026,TS9,,Hardhead Silverside,,,,,5.1,1.1,c,72,4.6,28.4,37,1,55812,6,25.18052,-80.48879,10:45,10:51
FIMS_808,Dry,2026,TS9,,Hardhead Silverside,,,,,5.7,1.45,c,72,4.6,28.4,37,1,55812,6,25.18052,-80.48879,10:45,10:51
FIMS_808,Dry,2026,TS9,,Hardhead Silverside,,,,,5.5,1.38,c,72,4.6,28.4,37,1,55812,6,25.18052,-80.48879,10:45,10:51
FIMS_808,Dry,2026,TS9,,Hardhead Silverside,,,,,5.2,1.12,c,72,4.6,28.4,37,1,55812,6,25.18052,-80.48879,10:45,10:51
FIMS_808,Dry,2026,TS9,,Hardhead Silverside,,,,,5,0.95,c,72,4.6,28.4,37,1,55812,6,25.18052,-80.48879,10:45,10:51
FIMS_808,Dry,2026,TS9,,Hardhead Silverside,,,,,5.2,1.24,c,72,4.6,28.4,37,1,55812,6,25.18052,-80.48879,10:45,10:51
FIMS_808,Dry,2026,TS9,,Hardhead Silverside,,,,,4.7,0.73,c,72,4.6,28.4,37,1,55812,6,25.18052,-80.48879,10:45,10:51
FIMS_808,Dry,2026,TS9,,Hardhead Silverside,,,,,5.6,1.4,c,72,4.6,28.4,37,1,55812,6,25.18052,-80.48879,10:45,10:51
FIMS_808,Dry,2026,TS9,,Hardhead Silverside,,,,,4.6,0.73,c,72,4.6,28.4,37,1,55812,6,25.18052,-80.48879,10:45,10:51
FIMS_808,Dry,2026,TS9,,Hardhead Silverside,,,,,5.2,0.99,c,72,4.6,28.4,37,1,55812,6,25.18052,-80.48879,10:45,10:51
FIMS_808,Dry,2026,TS9,,Hardhead Silverside,,,,,5.3,1.02,c,72,4.6,28.4,37,1,55812,6,25.18052,-80.48879,10:45,10:51
FIMS_808,Dry,2026,TS9,,Hardhead Silverside,,,,,5.6,1.43,c,72,4.6,28.4,37,1,55812,6,25.18052,-80.48879,10:45,10:51
FIMS_808,Dry,2026,TS9,,Hardhead Silverside,,,,,5,0.92,c,72,4.6,28.4,37,1,55812,6,25.18052,-80.48879,10:45,10:51
FIMS_808,Dry,2026,TS9,,Hardhead Silverside,,,,,5.4,1.2,c,72,4.6,28.4,37,1,55812,6,25.18052,-80.48879,10:45,10:51
FIMS_808,Dry,2026,TS9,,Hardhead Silverside,,,,,5.1,1.04,c,72,4.6,28.4,37,1,55812,6,25.18052,-80.48879,10:45,10:51
FIMS_808,Dry,2026,TS9,,Hardhead Silverside,,,,,5.3,1.16,c,72,4.6,28.4,37,1,55812,6,25.18052,-80.48879,10:45,10:51
FIMS_808,Dry,2026,TS9,,Hardhead Silverside,,,,,5.2,1.1,c,72,4.6,28.4,37,1,55812,6,25.18052,-80.48879,10:45,10:51
FIMS_808,Dry,2026,TS9,,Hardhead Silverside,,,,,5.4,1.33,c,72,4.6,28.4,37,1,55812,6,25.18052,-80.48879,10:45,10:51
FIMS_808,Dry,2026,TS9,,Hardhead Silverside,,,,,5.4,1.19,c,72,4.6,28.4,37,1,55812,6,25.18052,-80.48879,10:45,10:51
FIMS_808,Dry,2026,TS9,,Hardhead Silverside,,,,,5.2,1.06,c,72,4.6,28.4,37,1,55812,6,25.18052,-80.48879,10:45,10:51
FIMS_808,Dry,2026,TS9,,Hardhead Silverside,,,,,4.8,0.86,c,72,4.6,28.4,37,1,55812,6,25.18052,-80.48879,10:45,10:51
FIMS_808,Dry,2026,TS9,,Hardhead Silverside (n=566), including the n=40 listed,,,,,,c,72,4.6,28.4,37,1,55812,6,25.18052,-80.48879,10:45,10:51
FIMS_808,Dry,2026,TS9,,Inland Silverside,,,,,8,2.08,c,72,4.6,28.4,37,1,55812,6,25.18052,-80.48879,10:45,10:51
FIMS_808,Dry,2026,TS9,,Inland Silverside,,,,,8.7,3.13,c,72,4.6,28.4,37,1,55812,6,25.18052,-80.48879,10:45,10:51
FIMS_808,Dry,2026,TS9,,Inland Silverside,,,,,8.6,2.6,c,72,4.6,28.4,37,1,55812,6,25.18052,-80.48879,10:45,10:51
FIMS_808,Dry,2026,TS9,,Inland Silverside,,,,,8.3,2.37,c,72,4.6,28.4,37,1,55812,6,25.18052,-80.48879,10:45,10:51
FIMS_808,Dry,2026,TS9,,Inland Silverside,,,,,7.8,2.16,c,72,4.6,28.4,37,1,55812,6,25.18052,-80.48879,10:45,10:51
FIMS_808,Dry,2026,TS9,,Inland Silverside,,,,,8.5,2.58,c,72,4.6,28.4,37,1,55812,6,25.18052,-80.48879,10:45,10:51
FIMS_808,Dry,2026,TS9,,Inland Silverside,,,,,8.4,2.41,c,72,4.6,28.4,37,1,55812,6,25.18052,-80.48879,10:45,10:51
FIMS_808,Dry,2026,TS9,,Inland Silverside,,,,,8.3,2.47,c,72,4.6,28.4,37,1,55812,6,25.18052,-80.48879,10:45,10:51
FIMS_808,Dry,2026,TS9,,Inland Silverside,,,,,7.9,2.05,c,72,4.6,28.4,37,1,55812,6,25.18052,-80.48879,10:45,10:51
FIMS_808,Dry,2026,TS9,,Inland Silverside,,,,,8.3,2.47,c,72,4.6,28.4,37,1,55812,6,25.18052,-80.48879,10:45,10:51
FIMS_808,Dry,2026,TS9,,Inland Silverside,,,,,7.7,1.88,c,72,4.6,28.4,37,1,55812,6,25.18052,-80.48879,10:45,10:51
FIMS_808,Dry,2026,TS9,,Inland Silverside,,,,,8.3,2.25,c,72,4.6,28.4,37,1,55812,6,25.18052,-80.48879,10:45,10:51
FIMS_808,Dry,2026,TS9,,Tidewater Mojarra,,,,,7.2,4.5,c,72,4.6,28.4,37,1,55812,6,25.18052,-80.48879,10:45,10:51
FIMS_808,Dry,2026,TS9,,Tidewater Mojarra,,,,,7,4.13,c,72,4.6,28.4,37,1,55812,6,25.18052,-80.48879,10:45,10:51
FIMS_808,Dry,2026,TS9,,Tidewater Mojarra,,,,,5.9,2.12,c,72,4.6,28.4,37,1,55812,6,25.18052,-80.48879,10:45,10:51
FIMS_808,Dry,2026,TS9,,Tidewater Mojarra,,,,,5.5,1.59,c,72,4.6,28.4,37,1,55812,6,25.18052,-80.48879,10:45,10:51
FIMS_808,Dry,2026,TS9,,Tidewater Mojarra,,,,,10.2,13.64,c,72,4.6,28.4,37,1,55812,6,25.18052,-80.48879,10:45,10:51
FIMS_808,Dry,2026,TS9,,Tidewater Mojarra,,,,,10.1,13.1,c,72,4.6,28.4,37,1,55812,6,25.18052,-80.48879,10:45,10:51
FIMS_808,Dry,2026,TS9,,Tidewater Mojarra,,,,,10.3,13.67,c,72,4.6,28.4,37,1,55812,6,25.18052,-80.48879,10:45,10:51
FIMS_808,Dry,2026,TS9,,Tidewater Mojarra,,,,,10,13.34,c,72,4.6,28.4,37,1,55812,6,25.18052,-80.48879,10:45,10:51
FIMS_808,Dry,2026,TS9,,Tidewater Mojarra,,,,,11,18.49,c,72,4.6,28.4,37,1,55812,6,25.18052,-80.48879,10:45,10:51
FIMS_808,Dry,2026,TS9,,Tidewater Mojarra,,,,,9.5,10.7,c,72,4.6,28.4,37,1,55812,6,25.18052,-80.48879,10:45,10:51
FIMS_808,Dry,2026,TS9,,Tidewater Mojarra,,,,,10.3,13.62,c,72,4.6,28.4,37,1,55812,6,25.18052,-80.48879,10:45,10:51
FIMS_808,Dry,2026,TS9,,Tidewater Mojarra,,,,,9.5,11.42,c,72,4.6,28.4,37,1,55812,6,25.18052,-80.48879,10:45,10:51
FIMS_808,Dry,2026,TS9,,Tidewater Mojarra,,,,,8.7,9.22,c,72,4.6,28.4,37,1,55812,6,25.18052,-80.48879,10:45,10:51
FIMS_808,Dry,2026,TS9,,Tidewater Mojarra,,,,,10.6,14.45,c,72,4.6,28.4,37,1,55812,6,25.18052,-80.48879,10:45,10:51
FIMS_808,Dry,2026,TS9,,Tidewater Mojarra,,,,,9.2,10.5,c,72,4.6,28.4,37,1,55812,6,25.18052,-80.48879,10:45,10:51
FIMS_808,Dry,2026,TS9,,Tidewater Mojarra,,,,,9,9.79,c,72,4.6,28.4,37,1,55812,6,25.18052,-80.48879,10:45,10:51
FIMS_808,Dry,2026,TS9,,Tidewater Mojarra,,,,,8.5,7.33,c,72,4.6,28.4,37,1,55812,6,25.18052,-80.48879,10:45,10:51
FIMS_808,Dry,2026,TS9,,Tidewater Mojarra,,,,,8.2,6.46,c,72,4.6,28.4,37,1,55812,6,25.18052,-80.48879,10:45,10:51
FIMS_808,Dry,2026,TS9,,Tidewater Mojarra,,,,,8.6,7.53,c,72,4.6,28.4,37,1,55812,6,25.18052,-80.48879,10:45,10:51
FIMS_808,Dry,2026,TS9,,Tidewater Mojarra,,,,,8.3,6.87,c,72,4.6,28.4,37,1,55812,6,25.18052,-80.48879,10:45,10:51
FIMS_808,Dry,2026,TS9,,Tidewater Mojarra,,,,,9.1,10.34,c,72,4.6,28.4,37,1,55812,6,25.18052,-80.48879,10:45,10:51
FIMS_808,Dry,2026,TS9,,Tidewater Mojarra,,,,,8.2,7.13,c,72,4.6,28.4,37,1,55812,6,25.18052,-80.48879,10:45,10:51
FIMS_808,Dry,2026,TS9,,Tidewater Mojarra,,,,,6.7,3.81,c,72,4.6,28.4,37,1,55812,6,25.18052,-80.48879,10:45,10:51
FIMS_808,Dry,2026,TS9,,Tidewater Mojarra,,,,,7.7,5.5,c,72,4.6,28.4,37,1,55812,6,25.18052,-80.48879,10:45,10:51
FIMS_808,Dry,2026,TS9,,Grass Shrimp,,,,,1.5,0.04,c,72,4.6,28.4,37,1,55812,6,25.18052,-80.48879,10:45,10:51
FIMS_808,Dry,2026,TS9,,Grass Shrimp,,,,,1.4,0.04,c,72,4.6,28.4,37,1,55812,6,25.18052,-80.48879,10:45,10:51
FIMS_808,Dry,2026,TS9,,Grass Shrimp,,,,,1.5,0.04,c,72,4.6,28.4,37,1,55812,6,25.18052,-80.48879,10:45,10:51
FIMS_808,Dry,2026,TS9,,Grass Shrimp,,,,,1.4,0.03,c,72,4.6,28.4,37,1,55812,6,25.18052,-80.48879,10:45,10:51
FIMS_808,Dry,2026,TS9,,Grass Shrimp,,,,,1.3,0.02,c,72,4.6,28.4,37,1,55812,6,25.18052,-80.48879,10:45,10:51
FIMS_808,Dry,2026,TS9,,Grass Shrimp,,,,,1.5,0.03,c,72,4.6,28.4,37,1,55812,6,25.18052,-80.48879,10:45,10:51
FIMS_808,Dry,2026,TS9,,Grass Shrimp,,,,,1.6,0.06,c,72,4.6,28.4,37,1,55812,6,25.18052,-80.48879,10:45,10:51
FIMS_808,Dry,2026,TS9,,Grass Shrimp,,,,,1.4,0.03,c,72,4.6,28.4,37,1,55812,6,25.18052,-80.48879,10:45,10:51
FIMS_808,Dry,2026,TS9,,Grass Shrimp,,,,,1.6,0.05,c,72,4.6,28.4,37,1,55812,6,25.18052,-80.48879,10:45,10:51
FIMS_808,Dry,2026,TS9,,Grass Shrimp,,,,,1.7,0.06,c,72,4.6,28.4,37,1,55812,6,25.18052,-80.48879,10:45,10:51
FIMS_808,Dry,2026,TS9,,Grass Shrimp,,,,,1.3,0.02,c,72,4.6,28.4,37,1,55812,6,25.18052,-80.48879,10:45,10:51
FIMS_808,Dry,2026,TS9,,Grass Shrimp,,,,,1.5,0.04,c,72,4.6,28.4,37,1,55812,6,25.18052,-80.48879,10:45,10:51
FIMS_808,Dry,2026,TS9,,Grass Shrimp,,,,,1.5,0.05,c,72,4.6,28.4,37,1,55812,6,25.18052,-80.48879,10:45,10:51
FIMS_808,Dry,2026,TS9,,Grass Shrimp,,,,,1.5,0.05,c,72,4.6,28.4,37,1,55812,6,25.18052,-80.48879,10:45,10:51
FIMS_808,Dry,2026,TS9,,Grass Shrimp,,,,,1.5,0.05,c,72,4.6,28.4,37,1,55812,6,25.18052,-80.48879,10:45,10:51
FIMS_808,Dry,2026,TS9,,Grass Shrimp,,,,,1.4,0.02,c,72,4.6,28.4,37,1,55812,6,25.18052,-80.48879,10:45,10:51
FIMS_808,Dry,2026,TS9,,Grass Shrimp,,,,,1.4,0.03,c,72,4.6,28.4,37,1,55812,6,25.18052,-80.48879,10:45,10:51
FIMS_808,Dry,2026,TS9,,Grass Shrimp,,,,,1.5,0.05,c,72,4.6,28.4,37,1,55812,6,25.18052,-80.48879,10:45,10:51
FIMS_808,Dry,2026,TS9,,Grass Shrimp,,,,,1.1,0.01,c,72,4.6,28.4,37,1,55812,6,25.18052,-80.48879,10:45,10:51
FIMS_808,Dry,2026,TS9,,Grass Shrimp,,,,,1.3,0.03,c,72,4.6,28.4,37,1,55812,6,25.18052,-80.48879,10:45,10:51
FIMS_808,Dry,2026,TS9,,Grass Shrimp,,,,,1.5,0.04,c,72,4.6,28.4,37,1,55812,6,25.18052,-80.48879,10:45,10:51
FIMS_808,Dry,2026,TS9,,Grass Shrimp,,,,,1.4,0.2,c,72,4.6,28.4,37,1,55812,6,25.18052,-80.48879,10:45,10:51
FIMS_808,Dry,2026,TS9,,Grass Shrimp,,,,,1.4,0.04,c,72,4.6,28.4,37,1,55812,6,25.18052,-80.48879,10:45,10:51
FIMS_808,Dry,2026,TS9,,Grass Shrimp,,,,,1.5,0.03,c,72,4.6,28.4,37,1,55812,6,25.18052,-80.48879,10:45,10:51
FIMS_808,Dry,2026,TS9,,Grass Shrimp,,,,,1.4,0.03,c,72,4.6,28.4,37,1,55812,6,25.18052,-80.48879,10:45,10:51
FIMS_808,Dry,2026,TS9,,Grass Shrimp,,,,,1.5,0.03,c,72,4.6,28.4,37,1,55812,6,25.18052,-80.48879,10:45,10:51
FIMS_808,Dry,2026,TS9,,Grass Shrimp,,,,,1.4,0.03,c,72,4.6,28.4,37,1,55812,6,25.18052,-80.48879,10:45,10:51
FIMS_808,Dry,2026,TS9,,Grass Shrimp,,,,,1.2,0.02,c,72,4.6,28.4,37,1,55812,6,25.18052,-80.48879,10:45,10:51
FIMS_808,Dry,2026,TS9,,Grass Shrimp,,,,,1.4,0.04,c,72,4.6,28.4,37,1,55812,6,25.18052,-80.48879,10:45,10:51
FIMS_808,Dry,2026,TS9,,Grass Shrimp,,,,,1.4,0.06,c,72,4.6,28.4,37,1,55812,6,25.18052,-80.48879,10:45,10:51
FIMS_808,Dry,2026,TS9,,Grass Shrimp,,,,,1.5,0.04,c,72,4.6,28.4,37,1,55812,6,25.18052,-80.48879,10:45,10:51
FIMS_808,Dry,2026,TS9,,Grass Shrimp,,,,,1.4,0.02,c,72,4.6,28.4,37,1,55812,6,25.18052,-80.48879,10:45,10:51
FIMS_808,Dry,2026,TS9,,Grass Shrimp,,,,,1.3,0.03,c,72,4.6,28.4,37,1,55812,6,25.18052,-80.48879,10:45,10:51
FIMS_808,Dry,2026,TS9,,Grass Shrimp,,,,,1.3,0.03,c,72,4.6,28.4,37,1,55812,6,25.18052,-80.48879,10:45,10:51
FIMS_808,Dry,2026,TS9,,Grass Shrimp,,,,,0.9,0.01,c,72,4.6,28.4,37,1,55812,6,25.18052,-80.48879,10:45,10:51
FIMS_808,Dry,2026,TS9,,Grass Shrimp,,,,,1.3,0.04,c,72,4.6,28.4,37,1,55812,6,25.18052,-80.48879,10:45,10:51
FIMS_808,Dry,2026,TS9,,Grass Shrimp,,,,,1.5,0.04,c,72,4.6,28.4,37,1,55812,6,25.18052,-80.48879,10:45,10:51
FIMS_808,Dry,2026,TS9,,Grass Shrimp,,,,,1.4,0.03,c,72,4.6,28.4,37,1,55812,6,25.18052,-80.48879,10:45,10:51
FIMS_808,Dry,2026,TS9,,Grass Shrimp,,,,,1,0.01,c,72,4.6,28.4,37,1,55812,6,25.18052,-80.48879,10:45,10:51
FIMS_808,Dry,2026,TS9,,Grass Shrimp,,,,,1.2,0.02,c,72,4.6,28.4,37,1,55812,6,25.18052,-80.48879,10:45,10:51
FIMS_808,Dry,2026,TS9,,Grass Shrimp (n=112),includes the n=40 listed,,,,,,c,72,4.6,28.4,37,1,55812,6,25.18052,-80.48879,10:45,10:51
FIMS_810,Dry,2026,TS9,,Redfin Needlefish,,,,,7,0.53,c,93,4.6,28.4,37,1,55812,6,25.18052,-80.48879,10:45,10:51
FIMS_810,Dry,2026,TS9,,Gulf Pipefish,,,,,7.1,0.15,c,93,5.9,28.8,37,0.6,55868,6,25.17861,-80.48908,11:51,11:55
FIMS_810,Dry,2026,TS9,,Gulf Pipefish,,,,,6.2,0.14,c,93,5.9,28.8,37,0.6,55868,6,25.17861,-80.48908,11:51,11:55
FIMS_810,Dry,2026,TS9,,Gulf Pipefish,,,,,6.2,0.1,c,93,5.9,28.8,37,0.6,55868,6,25.17861,-80.48908,11:51,11:55
FIMS_810,Dry,2026,TS9,,Dwarf Seahorse,,,,,2.9,0.08,c,93,5.9,28.8,37,0.6,55868,6,25.17861,-80.48908,11:51,11:55
FIMS_810,Dry,2026,TS9,,Dwarf Seahorse,,,,,2.2,0.02,c,93,5.9,28.8,37,0.6,55868,6,25.17861,-80.48908,11:51,11:55
FIMS_810,Dry,2026,TS9,,Rainwater Killifish,,,,,2.2,0.12,c,93,5.9,28.8,37,0.6,55868,6,25.17861,-80.48908,11:51,11:55
FIMS_810,Dry,2026,TS9,,Rainwater Killifish,,,,,2.2,0.11,c,93,5.9,28.8,37,0.6,55868,6,25.17861,-80.48908,11:51,11:55
FIMS_810,Dry,2026,TS9,,Rainwater Killifish,,,,,2.5,0.18,c,93,5.9,28.8,37,0.6,55868,6,25.17861,-80.48908,11:51,11:55
FIMS_810,Dry,2026,TS9,,Goldspotted Killifish,,,,,3.2,0.56,c,93,5.9,28.8,37,0.6,55868,6,25.17861,-80.48908,11:51,11:55
FIMS_810,Dry,2026,TS9,,Tidewater Mojarra,,,,,3.2,0.34,c,93,5.9,28.8,37,0.6,55868,6,25.17861,-80.48908,11:51,11:55
FIMS_810,Dry,2026,TS9,,Tidewater Mojarra,,,,,3.8,0.56,c,93,5.9,28.8,37,0.6,55868,6,25.17861,-80.48908,11:51,11:55
FIMS_810,Dry,2026,TS9,,Tidewater Mojarra,,,,,4,0.64,c,93,5.9,28.8,37,0.6,55868,6,25.17861,-80.48908,11:51,11:55
FIMS_810,Dry,2026,TS9,,Tidewater Mojarra,,,,,4,0.65,c,93,5.9,28.8,37,0.6,55868,6,25.17861,-80.48908,11:51,11:55
FIMS_810,Dry,2026,TS9,,Tidewater Mojarra,,,,,3.5,0.44,c,93,5.9,28.8,37,0.6,55868,6,25.17861,-80.48908,11:51,11:55
FIMS_810,Dry,2026,TS9,,Tidewater Mojarra,,,,,3,0.34,c,93,5.9,28.8,37,0.6,55868,6,25.17861,-80.48908,11:51,11:55
FIMS_810,Dry,2026,TS9,,Tidewater Mojarra,,,,,3.2,0.35,c,93,5.9,28.8,37,0.6,55868,6,25.17861,-80.48908,11:51,11:55
FIMS_810,Dry,2026,TS9,,Tidewater Mojarra,,,,,2.9,0.27,c,93,5.9,28.8,37,0.6,55868,6,25.17861,-80.48908,11:51,11:55
FIMS_810,Dry,2026,TS9,,Tidewater Mojarra,,,,,3.5,0.39,c,93,5.9,28.8,37,0.6,55868,6,25.17861,-80.48908,11:51,11:55
FIMS_810,Dry,2026,TS9,,Grass Shrimp,,,,,1.2,0.02,c,93,5.9,28.8,37,0.6,55868,6,25.17861,-80.48908,11:51,11:55
FIMS_810,Dry,2026,TS9,,Grass Shrimp,,,,,1.5,0.05,c,93,5.9,28.8,37,0.6,55868,6,25.17861,-80.48908,11:51,11:55
FIMS_810,Dry,2026,TS9,,Grass Shrimp,,,,,2,0.08,c,93,5.9,28.8,37,0.6,55868,6,25.17861,-80.48908,11:51,11:55
FIMS_810,Dry,2026,TS9,,Grass Shrimp,,,,,1.6,0.05,c,93,5.9,28.8,37,0.6,55868,6,25.17861,-80.48908,11:51,11:55
FIMS_810,Dry,2026,TS9,,Grass Shrimp,,,,,1.5,0.05,c,93,5.9,28.8,37,0.6,55868,6,25.17861,-80.48908,11:51,11:55
FIMS_810,Dry,2026,TS9,,Grass Shrimp,,,,,1.4,0.05,c,93,5.9,28.8,37,0.6,55868,6,25.17861,-80.48908,11:51,11:55
FIMS_810,Dry,2026,TS9,,Grass Shrimp,,,,,1.8,0.06,c,93,5.9,28.8,37,0.6,55868,6,25.17861,-80.48908,11:51,11:55
FIMS_810,Dry,2026,TS9,,Grass Shrimp,,,,,1.5,0.05,c,93,5.9,28.8,37,0.6,55868,6,25.17861,-80.48908,11:51,11:55
FIMS_810,Dry,2026,TS9,,Grass Shrimp,,,,,1.5,0.05,c,93,5.9,28.8,37,0.6,55868,6,25.17861,-80.48908,11:51,11:55
FIMS_810,Dry,2026,TS9,,Grass Shrimp,,,,,1.6,0.05,c,93,5.9,28.8,37,0.6,55868,6,25.17861,-80.48908,11:51,11:55
FIMS_810,Dry,2026,TS9,,Grass Shrimp,,,,,1.5,0.05,c,93,5.9,28.8,37,0.6,55868,6,25.17861,-80.48908,11:51,11:55
FIMS_810,Dry,2026,TS9,,Grass Shrimp,,,,,1.4,0.03,c,93,5.9,28.8,37,0.6,55868,6,25.17861,-80.48908,11:51,11:55
FIMS_810,Dry,2026,TS9,,Grass Shrimp,,,,,1.3,0.03,c,93,5.9,28.8,37,0.6,55868,6,25.17861,-80.48908,11:51,11:55
FIMS_810,Dry,2026,TS9,,Grass Shrimp,,,,,1,0.02,c,93,5.9,28.8,37,0.6,55868,6,25.17861,-80.48908,11:51,11:55
FIMS_810,Dry,2026,TS9,,Grass Shrimp,,,,,0.9,0.01,c,93,5.9,28.8,37,0.6,55868,6,25.17861,-80.48908,11:51,11:55
FIMS_810,Dry,2026,TS9,,Grass Shrimp,,,,,1.3,0.03,c,93,5.9,28.8,37,0.6,55868,6,25.17861,-80.48908,11:51,11:55
FIMS_810,Dry,2026,TS9,,Grass Shrimp,,,,,1.5,0.04,c,93,5.9,28.8,37,0.6,55868,6,25.17861,-80.48908,11:51,11:55
FIMS_810,Dry,2026,TS9,,Grass Shrimp,,,,,1.4,0.03,c,93,5.9,28.8,37,0.6,55868,6,25.17861,-80.48908,11:51,11:55
FIMS_810,Dry,2026,TS9,,Grass Shrimp,,,,,1.3,0.02,c,93,5.9,28.8,37,0.6,55868,6,25.17861,-80.48908,11:51,11:55
FIMS_810,Dry,2026,TS9,,Grass Shrimp,,,,,1.2,0.02,c,93,5.9,28.8,37,0.6,55868,6,25.17861,-80.48908,11:51,11:55
FIMS_810,Dry,2026,TS9,,Grass Shrimp,,,,,1.4,0.04,c,93,5.9,28.8,37,0.6,55868,6,25.17861,-80.48908,11:51,11:55
FIMS_810,Dry,2026,TS9,,Grass Shrimp,,,,,1.4,0.03,c,93,5.9,28.8,37,0.6,55868,6,25.17861,-80.48908,11:51,11:55
FIMS_810,Dry,2026,TS9,,Grass Shrimp,,,,,1.2,0.03,c,93,5.9,28.8,37,0.6,55868,6,25.17861,-80.48908,11:51,11:55
FIMS_810,Dry,2026,TS9,,Grass Shrimp,,,,,1.2,0.02,c,93,5.9,28.8,37,0.6,55868,6,25.17861,-80.48908,11:51,11:55
FIMS_810,Dry,2026,TS9,,Grass Shrimp,,,,,1.1,0.02,c,93,5.9,28.8,37,0.6,55868,6,25.17861,-80.48908,11:51,11:55
FIMS_810,Dry,2026,TS9,,Grass Shrimp,,,,,1,0.02,c,93,5.9,28.8,37,0.6,55868,6,25.17861,-80.48908,11:51,11:55
FIMS_810,Dry,2026,TS9,,Grass Shrimp,,,,,1.2,0.02,c,93,5.9,28.8,37,0.6,55868,6,25.17861,-80.48908,11:51,11:55
FIMS_810,Dry,2026,TS9,,Grass Shrimp,,,,,0.9,0.01,c,93,5.9,28.8,37,0.6,55868,6,25.17861,-80.48908,11:51,11:55
FIMS_810,Dry,2026,TS9,,Grass Shrimp,,,,,1.1,0.02,c,93,5.9,28.8,37,0.6,55868,6,25.17861,-80.48908,11:51,11:55
FIMS_810,Dry,2026,TS9,,Grass Shrimp,,,,,1.1,0.02,c,93,5.9,28.8,37,0.6,55868,6,25.17861,-80.48908,11:51,11:55
FIMS_810,Dry,2026,TS9,,Grass Shrimp,,,,,1,0.02,c,93,5.9,28.8,37,0.6,55868,6,25.17861,-80.48908,11:51,11:55
FIMS_810,Dry,2026,TS9,,Grass Shrimp,,,,,1,0.01,c,93,5.9,28.8,37,0.6,55868,6,25.17861,-80.48908,11:51,11:55
FIMS_810,Dry,2026,TS9,,Grass Shrimp,,,,,0.8,0.01,c,93,5.9,28.8,37,0.6,55868,6,25.17861,-80.48908,11:51,11:55
FIMS_810,Dry,2026,TS9,,Grass Shrimp,,,,,1,0.01,c,93,5.9,28.8,37,0.6,55868,6,25.17861,-80.48908,11:51,11:55
FIMS_810,Dry,2026,TS9,,Grass Shrimp,,,,,1,0.01,c,93,5.9,28.8,37,0.6,55868,6,25.17861,-80.48908,11:51,11:55
FIMS_810,Dry,2026,TS9,,Grass Shrimp,,,,,1,0.01,c,93,5.9,28.8,37,0.6,55868,6,25.17861,-80.48908,11:51,11:55
FIMS_810,Dry,2026,TS9,,Grass Shrimp,,,,,1,0.01,c,93,5.9,28.8,37,0.6,55868,6,25.17861,-80.48908,11:51,11:55
FIMS_810,Dry,2026,TS9,,Grass Shrimp,,,,,1,0.01,c,93,5.9,28.8,37,0.6,55868,6,25.17861,-80.48908,11:51,11:55
FIMS_810,Dry,2026,TS9,,Grass Shrimp,,,,,0.9,0.01,c,93,5.9,28.8,37,0.6,55868,6,25.17861,-80.48908,11:51,11:55
FIMS_810,Dry,2026,TS9,,Grass Shrimp,,,,,0.7,0.01,c,93,5.9,28.8,37,0.6,55868,6,25.17861,-80.48908,11:51,11:55
FIMS_809,Dry,2026,TS9,,Gulf Toadfish,,,,,10.4,12.8,c,96,5.9,28.8,37,0.6,55868,6,25.17861,-80.48908,11:51,11:55
FIMS_809,Dry,2026,TS9,,Gulf Toadfish,,,,,2,0.09,c,96,6.1,28.8,37,1,53922,20,25.18019,-80.4887,12:41,12:49
FIMS_809,Dry,2026,TS9,,Gulf Toadfish,,,,,1.7,0.08,c,96,6.1,28.8,37,1,53922,20,25.18019,-80.4887,12:41,12:49
FIMS_809,Dry,2026,TS9,,Leather Jack,,,,,3.5,0.35,c,96,6.1,28.8,37,1,53922,20,25.18019,-80.4887,12:41,12:49
FIMS_809,Dry,2026,TS9,,Gulf Pipefish,,,,,6.5,0.17,c,96,6.1,28.8,37,1,53922,20,25.18019,-80.4887,12:41,12:49
FIMS_809,Dry,2026,TS9,,Gulf Pipefish,,,,,5.2,0.07,c,96,6.1,28.8,37,1,53922,20,25.18019,-80.4887,12:41,12:49
FIMS_809,Dry,2026,TS9,,Gulf Pipefish,,,,,6.8,0.23,c,96,6.1,28.8,37,1,53922,20,25.18019,-80.4887,12:41,12:49
FIMS_809,Dry,2026,TS9,,Gulf Pipefish,,,,,7,0.24,c,96,6.1,28.8,37,1,53922,20,25.18019,-80.4887,12:41,12:49
FIMS_809,Dry,2026,TS9,,Gulf Pipefish,,,,,5.5,0.11,c,96,6.1,28.8,37,1,53922,20,25.18019,-80.4887,12:41,12:49
FIMS_809,Dry,2026,TS9,,Gulf Pipefish,,,,,6.2,0.2,c,96,6.1,28.8,37,1,53922,20,25.18019,-80.4887,12:41,12:49
FIMS_809,Dry,2026,TS9,,Gulf Pipefish,,,,,4.9,0.07,c,96,6.1,28.8,37,1,53922,20,25.18019,-80.4887,12:41,12:49
FIMS_809,Dry,2026,TS9,,Gulf Pipefish,,,,,3.8,0.03,c,96,6.1,28.8,37,1,53922,20,25.18019,-80.4887,12:41,12:49
FIMS_809,Dry,2026,TS9,,Gulf Pipefish,,,,,6.4,0.16,c,96,6.1,28.8,37,1,53922,20,25.18019,-80.4887,12:41,12:49
FIMS_809,Dry,2026,TS9,,Gulf Pipefish,,,,,7.5,0.25,c,96,6.1,28.8,37,1,53922,20,25.18019,-80.4887,12:41,12:49
FIMS_809,Dry,2026,TS9,,Gulf Pipefish,,,,,4.4,0.05,c,96,6.1,28.8,37,1,53922,20,25.18019,-80.4887,12:41,12:49
FIMS_809,Dry,2026,TS9,,Gulf Pipefish,,,,,4.8,0.05,c,96,6.1,28.8,37,1,53922,20,25.18019,-80.4887,12:41,12:49
FIMS_809,Dry,2026,TS9,,Gulf Pipefish,,,,,5.8,0.12,c,96,6.1,28.8,37,1,53922,20,25.18019,-80.4887,12:41,12:49
FIMS_809,Dry,2026,TS9,,Gulf Pipefish,,,,,6.7,0.21,c,96,6.1,28.8,37,1,53922,20,25.18019,-80.4887,12:41,12:49
FIMS_809,Dry,2026,TS9,,Gulf Pipefish,,,,,6.3,0.15,c,96,6.1,28.8,37,1,53922,20,25.18019,-80.4887,12:41,12:49
FIMS_809,Dry,2026,TS9,,Gulf Pipefish,,,,,6.1,0.13,c,96,6.1,28.8,37,1,53922,20,25.18019,-80.4887,12:41,12:49
FIMS_809,Dry,2026,TS9,,Rainwater Killifish,,,,,2.5,0.14,c,96,6.1,28.8,37,1,53922,20,25.18019,-80.4887,12:41,12:49
FIMS_809,Dry,2026,TS9,,Rainwater Killifish,,,,,2.4,0.19,c,96,6.1,28.8,37,1,53922,20,25.18019,-80.4887,12:41,12:49
FIMS_809,Dry,2026,TS9,,Rainwater Killifish,,,,,2.6,0.22,c,96,6.1,28.8,37,1,53922,20,25.18019,-80.4887,12:41,12:49
FIMS_809,Dry,2026,TS9,,Rainwater Killifish,,,,,n/a,n/a,c,96,6.1,28.8,37,1,53922,20,25.18019,-80.4887,12:41,12:49
FIMS_809,Dry,2026,TS9,,Rainwater Killifish,,,,,2.7,0.24,c,96,6.1,28.8,37,1,53922,20,25.18019,-80.4887,12:41,12:49
FIMS_809,Dry,2026,TS9,,Rainwater Killifish,,,,,2.8,0.26,c,96,6.1,28.8,37,1,53922,20,25.18019,-80.4887,12:41,12:49
FIMS_809,Dry,2026,TS9,,Rainwater Killifish,,,,,2.5,0.22,c,96,6.1,28.8,37,1,53922,20,25.18019,-80.4887,12:41,12:49
FIMS_809,Dry,2026,TS9,,Rainwater Killifish,,,,,2.6,0.22,c,96,6.1,28.8,37,1,53922,20,25.18019,-80.4887,12:41,12:49
FIMS_809,Dry,2026,TS9,,Rainwater Killifish,,,,,2.9,0.32,c,96,6.1,28.8,37,1,53922,20,25.18019,-80.4887,12:41,12:49
FIMS_809,Dry,2026,TS9,,Rainwater Killifish,,,,,2.7,0.21,c,96,6.1,28.8,37,1,53922,20,25.18019,-80.4887,12:41,12:49
FIMS_809,Dry,2026,TS9,,Rainwater Killifish,,,,,2.7,0.25,c,96,6.1,28.8,37,1,53922,20,25.18019,-80.4887,12:41,12:49
FIMS_809,Dry,2026,TS9,,Rainwater Killifish,,,,,3,0.31,c,96,6.1,28.8,37,1,53922,20,25.18019,-80.4887,12:41,12:49
FIMS_809,Dry,2026,TS9,,Rainwater Killifish,,,,,2.8,0.29,c,96,6.1,28.8,37,1,53922,20,25.18019,-80.4887,12:41,12:49
FIMS_809,Dry,2026,TS9,,Rainwater Killifish,,,,,2.7,0.25,c,96,6.1,28.8,37,1,53922,20,25.18019,-80.4887,12:41,12:49
FIMS_809,Dry,2026,TS9,,Rainwater Killifish,,,,,2.9,0.28,c,96,6.1,28.8,37,1,53922,20,25.18019,-80.4887,12:41,12:49
FIMS_809,Dry,2026,TS9,,Sheepshead Minnow,,,,,2.2,0.15,c,96,6.1,28.8,37,1,53922,20,25.18019,-80.4887,12:41,12:49
FIMS_809,Dry,2026,TS9,,Sheepshead Minnow,,,,,1.6,0.08,c,96,6.1,28.8,37,1,53922,20,25.18019,-80.4887,12:41,12:49
FIMS_809,Dry,2026,TS9,,Sheepshead Minnow,,,,,2.8,0.33,c,96,6.1,28.8,37,1,53922,20,25.18019,-80.4887,12:41,12:49
FIMS_809,Dry,2026,TS9,,Code Goby,,,,,3.9,0.62,c,96,6.1,28.8,37,1,53922,20,25.18019,-80.4887,12:41,12:49
FIMS_809,Dry,2026,TS9,,Code Goby,,,,,4.1,0.76,c,96,6.1,28.8,37,1,53922,20,25.18019,-80.4887,12:41,12:49
FIMS_809,Dry,2026,TS9,,Code Goby,,,,,3.1,0.31,c,96,6.1,28.8,37,1,53922,20,25.18019,-80.4887,12:41,12:49
FIMS_809,Dry,2026,TS9,,Code Goby,,,,,3.2,0.37,c,96,6.1,28.8,37,1,53922,20,25.18019,-80.4887,12:41,12:49
FIMS_809,Dry,2026,TS9,,Goby spp.,,,,,3,0.2,c,96,6.1,28.8,37,1,53922,20,25.18019,-80.4887,12:41,12:49
FIMS_809,Dry,2026,TS9,,Goby spp.,,,,,2.3,0.08,c,96,6.1,28.8,37,1,53922,20,25.18019,-80.4887,12:41,12:49
FIMS_809,Dry,2026,TS9,,Blenny spp.,,,,,3.4,0.43,c,96,6.1,28.8,37,1,53922,20,25.18019,-80.4887,12:41,12:49
FIMS_809,Dry,2026,TS9,,Mud Crab (w/ eggs),,,,,1.6,1.13,c,96,6.1,28.8,37,1,53922,20,25.18019,-80.4887,12:41,12:49
FIMS_809,Dry,2026,TS9,,Mud Crab,,,,,1.3,0.34,c,96,6.1,28.8,37,1,53922,20,25.18019,-80.4887,12:41,12:49
FIMS_809,Dry,2026,TS9,,Tidewater Mojarra,,,,,5.4,1.77,c,96,6.1,28.8,37,1,53922,20,25.18019,-80.4887,12:41,12:49
FIMS_809,Dry,2026,TS9,,Tidewater Mojarra,,,,,7.4,4.27,c,96,6.1,28.8,37,1,53922,20,25.18019,-80.4887,12:41,12:49
FIMS_809,Dry,2026,TS9,,Tidewater Mojarra,,,,,5.8,1.94,c,96,6.1,28.8,37,1,53922,20,25.18019,-80.4887,12:41,12:49
FIMS_809,Dry,2026,TS9,,Tidewater Mojarra,,,,,6.2,2.52,c,96,6.1,28.8,37,1,53922,20,25.18019,-80.4887,12:41,12:49
FIMS_809,Dry,2026,TS9,,Tidewater Mojarra,,,,,4.4,0.94,c,96,6.1,28.8,37,1,53922,20,25.18019,-80.4887,12:41,12:49
FIMS_809,Dry,2026,TS9,,Tidewater Mojarra,,,,,5,1.36,c,96,6.1,28.8,37,1,53922,20,25.18019,-80.4887,12:41,12:49
FIMS_809,Dry,2026,TS9,,Tidewater Mojarra,,,,,4.3,0.78,c,96,6.1,28.8,37,1,53922,20,25.18019,-80.4887,12:41,12:49
FIMS_809,Dry,2026,TS9,,Tidewater Mojarra,,,,,4.1,0.85,c,96,6.1,28.8,37,1,53922,20,25.18019,-80.4887,12:41,12:49
FIMS_809,Dry,2026,TS9,,Tidewater Mojarra,,,,,4.2,0.78,c,96,6.1,28.8,37,1,53922,20,25.18019,-80.4887,12:41,12:49
FIMS_809,Dry,2026,TS9,,Tidewater Mojarra,,,,,5.3,1.58,c,96,6.1,28.8,37,1,53922,20,25.18019,-80.4887,12:41,12:49
FIMS_809,Dry,2026,TS9,,Tidewater Mojarra,,,,,7.3,4.05,c,96,6.1,28.8,37,1,53922,20,25.18019,-80.4887,12:41,12:49
FIMS_809,Dry,2026,TS9,,Silver Jenny,,,,,9.7,12.36,c,96,6.1,28.8,37,1,53922,20,25.18019,-80.4887,12:41,12:49
FIMS_809,Dry,2026,TS9,,Silver Jenny,,,,,9.1,8.33,c,96,6.1,28.8,37,1,53922,20,25.18019,-80.4887,12:41,12:49
FIMS_809,Dry,2026,TS9,,Silver Jenny,,,,,9.9,12.04,c,96,6.1,28.8,37,1,53922,20,25.18019,-80.4887,12:41,12:49
FIMS_809,Dry,2026,TS9,,Silver Jenny,,,,,10.2,13.1,c,96,6.1,28.8,37,1,53922,20,25.18019,-80.4887,12:41,12:49
FIMS_809,Dry,2026,TS9,,Silver Jenny,,,,,13.1,31.2,c,96,6.1,28.8,37,1,53922,20,25.18019,-80.4887,12:41,12:49
FIMS_809,Dry,2026,TS9,,Silver Jenny,,,,,11.7,21.06,c,96,6.1,28.8,37,1,53922,20,25.18019,-80.4887,12:41,12:49
FIMS_809,Dry,2026,TS9,,Silver Jenny,,,,,11.2,18.58,c,96,6.1,28.8,37,1,53922,20,25.18019,-80.4887,12:41,12:49
FIMS_809,Dry,2026,TS9,,Silver Jenny,,,,,11.6,22,c,96,6.1,28.8,37,1,53922,20,25.18019,-80.4887,12:41,12:49
FIMS_809,Dry,2026,TS9,,Silver Jenny,,,,,9.8,11.5,c,96,6.1,28.8,37,1,53922,20,25.18019,-80.4887,12:41,12:49
FIMS_809,Dry,2026,TS9,,Silver Jenny,,,,,9.4,11.7,c,96,6.1,28.8,37,1,53922,20,25.18019,-80.4887,12:41,12:49
FIMS_809,Dry,2026,TS9,,Silver Jenny,,,,,10.6,15.76,c,96,6.1,28.8,37,1,53922,20,25.18019,-80.4887,12:41,12:49
FIMS_809,Dry,2026,TS9,,Grass Shrimp (n=75),,,,,,,c,96,6.1,28.8,37,1,53922,20,25.18019,-80.4887,12:41,12:49
FIMS_811,Dry,2026,TS10,,Inland Silverside,,,,,10.2,5.21,c,97,6.1,28.8,37,1,53922,20,25.18019,-80.4887,12:41,12:49
FIMS_811,Dry,2026,TS10,,Inland Silverside,,,,,9.6,4.3,c,97,6.2,26.1,40.3,0.6,59920,0.25,25.02614,-80.68172,9:18,9:22
FIMS_811,Dry,2026,TS10,,Inland Silverside,,,,,9.7,4.17,c,97,6.2,26.1,40.3,0.6,59920,0.25,25.02614,-80.68172,9:18,9:22
FIMS_811,Dry,2026,TS10,,Inland Silverside,,,,,9.3,4.19,c,97,6.2,26.1,40.3,0.6,59920,0.25,25.02614,-80.68172,9:18,9:22
FIMS_811,Dry,2026,TS10,,Inland Silverside,,,,,9.5,4.08,c,97,6.2,26.1,40.3,0.6,59920,0.25,25.02614,-80.68172,9:18,9:22
FIMS_811,Dry,2026,TS10,,Inland Silverside,,,,,10.2,5.68,c,97,6.2,26.1,40.3,0.6,59920,0.25,25.02614,-80.68172,9:18,9:22
FIMS_811,Dry,2026,TS10,,Inland Silverside,,,,,9.1,3.86,c,97,6.2,26.1,40.3,0.6,59920,0.25,25.02614,-80.68172,9:18,9:22
FIMS_811,Dry,2026,TS10,,Tidewater Mojarra,,,,,3.2,0.39,c,97,6.2,26.1,40.3,0.6,59920,0.25,25.02614,-80.68172,9:18,9:22
FIMS_811,Dry,2026,TS10,,Pink Shrimp,,,,,4.9,0.63,c,97,6.2,26.1,40.3,0.6,59920,0.25,25.02614,-80.68172,9:18,9:22
FIMS_812,Dry,2026,TS10,,Blue Crab (w/ eggs),,,,,7.3,27.43,c,88,6.2,26.1,40.3,0.6,59920,0.25,25.02614,-80.68172,9:18,9:22
FIMS_812,Dry,2026,TS10,,Blue Crab,,,,,7.5,29.86,c,88,5.5,28.4,38.5,0.4,59220,4,25.02784,-80.68133,9:51,9:55
FIMS_812,Dry,2026,TS10,,Blue Crab,,,,,6.4,19.16,c,88,5.5,28.4,38.5,0.4,59220,4,25.02784,-80.68133,9:51,9:55
FIMS_812,Dry,2026,TS10,,Spider Crab,,,,,5.1,40.3,c,88,5.5,28.4,38.5,0.4,59220,4,25.02784,-80.68133,9:51,9:55
FIMS_812,Dry,2026,TS10,,Pink Shrimp,,,,,8.5,3.69,c,88,5.5,28.4,38.5,0.4,59220,4,25.02784,-80.68133,9:51,9:55
FIMS_812,Dry,2026,TS10,,Pinfish,,,,,4.7,1.54,c,88,5.5,28.4,38.5,0.4,59220,4,25.02784,-80.68133,9:51,9:55
FIMS_812,Dry,2026,TS10,,Pinfish,,,,,5.4,2.36,c,88,5.5,28.4,38.5,0.4,59220,4,25.02784,-80.68133,9:51,9:55
FIMS_812,Dry,2026,TS10,,Pinfish,,,,,4.8,1.63,c,88,5.5,28.4,38.5,0.4,59220,4,25.02784,-80.68133,9:51,9:55
FIMS_812,Dry,2026,TS10,,Pinfish,,,,,5.5,2.49,c,88,5.5,28.4,38.5,0.4,59220,4,25.02784,-80.68133,9:51,9:55
FIMS_812,Dry,2026,TS10,,Pinfish,,,,,5.5,2.49,c,88,5.5,28.4,38.5,0.4,59220,4,25.02784,-80.68133,9:51,9:55
FIMS_812,Dry,2026,TS10,,Pinfish,,,,,5.8,3.07,c,88,5.5,28.4,38.5,0.4,59220,4,25.02784,-80.68133,9:51,9:55
FIMS_812,Dry,2026,TS10,,Pinfish,,,,,5.9,3.36,c,88,5.5,28.4,38.5,0.4,59220,4,25.02784,-80.68133,9:51,9:55
FIMS_812,Dry,2026,TS10,,Pinfish,,,,,5.8,3.47,c,88,5.5,28.4,38.5,0.4,59220,4,25.02784,-80.68133,9:51,9:55
FIMS_812,Dry,2026,TS10,,Pinfish,,,,,6.5,4.5,c,88,5.5,28.4,38.5,0.4,59220,4,25.02784,-80.68133,9:51,9:55
FIMS_812,Dry,2026,TS10,,Pinfish,,,,,7.2,6,c,88,5.5,28.4,38.5,0.4,59220,4,25.02784,-80.68133,9:51,9:55
FIMS_812,Dry,2026,TS10,,Pinfish,,,,,7.5,6.94,c,88,5.5,28.4,38.5,0.4,59220,4,25.02784,-80.68133,9:51,9:55
FIMS_812,Dry,2026,TS10,,Pinfish,,,,,7.1,6.1,c,88,5.5,28.4,38.5,0.4,59220,4,25.02784,-80.68133,9:51,9:55
FIMS_812,Dry,2026,TS10,,Pinfish,,,,,9.2,13.07,c,88,5.5,28.4,38.5,0.4,59220,4,25.02784,-80.68133,9:51,9:55
FIMS_812,Dry,2026,TS10,,Pinfish,,,,,6.2,4.15,c,88,5.5,28.4,38.5,0.4,59220,4,25.02784,-80.68133,9:51,9:55
FIMS_812,Dry,2026,TS10,,Silver Jenny,,,,,6.5,3.07,c,88,5.5,28.4,38.5,0.4,59220,4,25.02784,-80.68133,9:51,9:55
FIMS_812,Dry,2026,TS10,,Silver Jenny,,,,,7.4,4.34,c,88,5.5,28.4,38.5,0.4,59220,4,25.02784,-80.68133,9:51,9:55
FIMS_812,Dry,2026,TS10,,Silver Jenny,,,,,7,4.23,c,88,5.5,28.4,38.5,0.4,59220,4,25.02784,-80.68133,9:51,9:55
FIMS_812,Dry,2026,TS10,,Silver Jenny,,,,,6.7,3.87,c,88,5.5,28.4,38.5,0.4,59220,4,25.02784,-80.68133,9:51,9:55
FIMS_812,Dry,2026,TS10,,Silver Jenny,,,,,8.9,7.86,c,88,5.5,28.4,38.5,0.4,59220,4,25.02784,-80.68133,9:51,9:55
FIMS_812,Dry,2026,TS10,,Silver Jenny,,,,,6.6,3.83,c,88,5.5,28.4,38.5,0.4,59220,4,25.02784,-80.68133,9:51,9:55
FIMS_812,Dry,2026,TS10,,Silver Jenny,,,,,8.5,7.2,c,88,5.5,28.4,38.5,0.4,59220,4,25.02784,-80.68133,9:51,9:55
FIMS_812,Dry,2026,TS10,,Silver Jenny,,,,,8.3,6.89,c,88,5.5,28.4,38.5,0.4,59220,4,25.02784,-80.68133,9:51,9:55
FIMS_812,Dry,2026,TS10,,Goldspotted Killifish,,,,,3.9,1.1,c,88,5.5,28.4,38.5,0.4,59220,4,25.02784,-80.68133,9:51,9:55
FIMS_812,Dry,2026,TS10,,Goldspotted Killifish,,,,,3.3,0.56,c,88,5.5,28.4,38.5,0.4,59220,4,25.02784,-80.68133,9:51,9:55
FIMS_812,Dry,2026,TS10,,Goldspotted Killifish,,,,,4.2,1.2,c,88,5.5,28.4,38.5,0.4,59220,4,25.02784,-80.68133,9:51,9:55
FIMS_812,Dry,2026,TS10,,Goldspotted Killifish,,,,,4,1.02,c,88,5.5,28.4,38.5,0.4,59220,4,25.02784,-80.68133,9:51,9:55
FIMS_812,Dry,2026,TS10,,Goldspotted Killifish,,,,,3.4,0.68,c,88,5.5,28.4,38.5,0.4,59220,4,25.02784,-80.68133,9:51,9:55
FIMS_812,Dry,2026,TS10,,Goldspotted Killifish,,,,,4.2,1.29,c,88,5.5,28.4,38.5,0.4,59220,4,25.02784,-80.68133,9:51,9:55
FIMS_812,Dry,2026,TS10,,Goldspotted Killifish,,,,,3.8,1.063,c,88,5.5,28.4,38.5,0.4,59220,4,25.02784,-80.68133,9:51,9:55
FIMS_812,Dry,2026,TS10,,Goldspotted Killifish,,,,,4,0.84,c,88,5.5,28.4,38.5,0.4,59220,4,25.02784,-80.68133,9:51,9:55
FIMS_812,Dry,2026,TS10,,Goldspotted Killifish,,,,,2.3,0.2,c,88,5.5,28.4,38.5,0.4,59220,4,25.02784,-80.68133,9:51,9:55
FIMS_812,Dry,2026,TS10,,Goldspotted Killifish,,,,,2.3,0.21,c,88,5.5,28.4,38.5,0.4,59220,4,25.02784,-80.68133,9:51,9:55
FIMS_812,Dry,2026,TS10,,Goldspotted Killifish,,,,,2.8,0.39,c,88,5.5,28.4,38.5,0.4,59220,4,25.02784,-80.68133,9:51,9:55
FIMS_812,Dry,2026,TS10,,Gulf Pipefish,,,,,12.1,1.09,c,88,5.5,28.4,38.5,0.4,59220,4,25.02784,-80.68133,9:51,9:55
FIMS_812,Dry,2026,TS10,,Mangrove Snapper,,,,8.3,10.2,14.76,c,88,5.5,28.4,38.5,0.4,59220,4,25.02784,-80.68133,9:51,9:55
FIMS_812,Dry,2026,TS10,,Gulf Toadfish,,,,,1.8,0.1,c,88,5.5,28.4,38.5,0.4,59220,4,25.02784,-80.68133,9:51,9:55
FIMS_812,Dry,2026,TS10,,Grass Shrimp (n=16),,,,,,,c,88,5.5,28.4,38.5,0.4,59220,4,25.02784,-80.68133,9:51,9:55
FIMS_815,Dry,2026,TS10,,Redfin Needlefish,,,,,11.9,2.91,c,85,5.5,28.4,38.5,0.4,59220,4,25.02784,-80.68133,9:51,9:55
FIMS_815,Dry,2026,TS10,,Gulf Pipefish,,,,,9.9,0.49,c,85,5.4,29.2,38.5,0.5,57974,3,25.03087,-80.68597,11:05,11:09
FIMS_815,Dry,2026,TS10,,Gulf Pipefish,,,,,10.5,1,c,85,5.4,29.2,38.5,0.5,57974,3,25.03087,-80.68597,11:05,11:09
FIMS_815,Dry,2026,TS10,,Gulf Pipefish,,,,,9.9,0.82,c,85,5.4,29.2,38.5,0.5,57974,3,25.03087,-80.68597,11:05,11:09
FIMS_815,Dry,2026,TS10,,Gulf Pipefish,,,,,7,0.34,c,85,5.4,29.2,38.5,0.5,57974,3,25.03087,-80.68597,11:05,11:09
FIMS_815,Dry,2026,TS10,,Gulf Pipefish,,,,,3.8,0.03,c,85,5.4,29.2,38.5,0.5,57974,3,25.03087,-80.68597,11:05,11:09
FIMS_815,Dry,2026,TS10,,Bay Anchovy,,,,,7.9,4.08,c,85,5.4,29.2,38.5,0.5,57974,3,25.03087,-80.68597,11:05,11:09
FIMS_815,Dry,2026,TS10,,Gulf Toadfish,,,,,7.4,4.46,c,85,5.4,29.2,38.5,0.5,57974,3,25.03087,-80.68597,11:05,11:09
FIMS_815,Dry,2026,TS10,,Gulf Toadfish,,,,,3,0.18,c,85,5.4,29.2,38.5,0.5,57974,3,25.03087,-80.68597,11:05,11:09
FIMS_815,Dry,2026,TS10,,Gulf Toadfish,,,,,1.6,0.06,c,85,5.4,29.2,38.5,0.5,57974,3,25.03087,-80.68597,11:05,11:09
FIMS_815,Dry,2026,TS10,,Dwarf Seahorse,,,,,3.3,0.14,c,85,5.4,29.2,38.5,0.5,57974,3,25.03087,-80.68597,11:05,11:09
FIMS_815,Dry,2026,TS10,,Dwarf Seahorse,,,,,2.4,0.09,c,85,5.4,29.2,38.5,0.5,57974,3,25.03087,-80.68597,11:05,11:09
FIMS_815,Dry,2026,TS10,,Dwarf Seahorse,,,,,2,0.03,c,85,5.4,29.2,38.5,0.5,57974,3,25.03087,-80.68597,11:05,11:09
FIMS_815,Dry,2026,TS10,,Dwarf Seahorse,,,,,1.5,0.05,c,85,5.4,29.2,38.5,0.5,57974,3,25.03087,-80.68597,11:05,11:09
FIMS_815,Dry,2026,TS10,,Dwarf Seahorse,,,,,3.1,0.16,c,85,5.4,29.2,38.5,0.5,57974,3,25.03087,-80.68597,11:05,11:09
FIMS_815,Dry,2026,TS10,,Dwarf Seahorse,,,,,2.2,0.07,c,85,5.4,29.2,38.5,0.5,57974,3,25.03087,-80.68597,11:05,11:09
FIMS_815,Dry,2026,TS10,,Dwarf Seahorse,,,,,3.1,0.17,c,85,5.4,29.2,38.5,0.5,57974,3,25.03087,-80.68597,11:05,11:09
FIMS_815,Dry,2026,TS10,,Blue Crab,,,,,7.1,24.09,c,85,5.4,29.2,38.5,0.5,57974,3,25.03087,-80.68597,11:05,11:09
FIMS_815,Dry,2026,TS10,,Blue Crab,,,,,5.8,12.2,c,85,5.4,29.2,38.5,0.5,57974,3,25.03087,-80.68597,11:05,11:09
FIMS_815,Dry,2026,TS10,,Mud Crab,,,,,1.7,1,c,85,5.4,29.2,38.5,0.5,57974,3,25.03087,-80.68597,11:05,11:09
FIMS_815,Dry,2026,TS10,,Sargassum Crab,,,,,1.1,0.22,c,85,5.4,29.2,38.5,0.5,57974,3,25.03087,-80.68597,11:05,11:09
FIMS_815,Dry,2026,TS10,,Sargassum Crab,,,,,1,0.13,c,85,5.4,29.2,38.5,0.5,57974,3,25.03087,-80.68597,11:05,11:09
FIMS_815,Dry,2026,TS10,,Pink Shrimp,,,,,4.1,0.42,c,85,5.4,29.2,38.5,0.5,57974,3,25.03087,-80.68597,11:05,11:09
FIMS_815,Dry,2026,TS10,,Sea Star,,,,,4.6,2.24,c,85,5.4,29.2,38.5,0.5,57974,3,25.03087,-80.68597,11:05,11:09
FIMS_815,Dry,2026,TS10,,Pinfish,,,,,6.6,4.89,c,85,5.4,29.2,38.5,0.5,57974,3,25.03087,-80.68597,11:05,11:09
FIMS_815,Dry,2026,TS10,,Pinfish,,,,,7,6.24,c,85,5.4,29.2,38.5,0.5,57974,3,25.03087,-80.68597,11:05,11:09
FIMS_815,Dry,2026,TS10,,Pinfish,,,,,6.2,4.29,c,85,5.4,29.2,38.5,0.5,57974,3,25.03087,-80.68597,11:05,11:09
FIMS_815,Dry,2026,TS10,,Pinfish,,,,,6.4,4.4,c,85,5.4,29.2,38.5,0.5,57974,3,25.03087,-80.68597,11:05,11:09
FIMS_815,Dry,2026,TS10,,Pinfish,,,,,6,3.45,c,85,5.4,29.2,38.5,0.5,57974,3,25.03087,-80.68597,11:05,11:09
FIMS_815,Dry,2026,TS10,,Pinfish,,,,,5.1,2.5,c,85,5.4,29.2,38.5,0.5,57974,3,25.03087,-80.68597,11:05,11:09
FIMS_815,Dry,2026,TS10,,Pinfish,,,,,5.8,2.84,c,85,5.4,29.2,38.5,0.5,57974,3,25.03087,-80.68597,11:05,11:09
FIMS_815,Dry,2026,TS10,,Pinfish,,,,,6.8,5,c,85,5.4,29.2,38.5,0.5,57974,3,25.03087,-80.68597,11:05,11:09
FIMS_815,Dry,2026,TS10,,Pinfish,,,,,5.5,2.75,c,85,5.4,29.2,38.5,0.5,57974,3,25.03087,-80.68597,11:05,11:09
FIMS_815,Dry,2026,TS10,,Pinfish,,,,,6.7,5.09,c,85,5.4,29.2,38.5,0.5,57974,3,25.03087,-80.68597,11:05,11:09
FIMS_815,Dry,2026,TS10,,Pinfish,,,,,7.2,5.9,c,85,5.4,29.2,38.5,0.5,57974,3,25.03087,-80.68597,11:05,11:09
FIMS_815,Dry,2026,TS10,,Pinfish,,,,,5.8,2.65,c,85,5.4,29.2,38.5,0.5,57974,3,25.03087,-80.68597,11:05,11:09
FIMS_815,Dry,2026,TS10,,Pinfish,,,,,6.4,4.3,c,85,5.4,29.2,38.5,0.5,57974,3,25.03087,-80.68597,11:05,11:09
FIMS_815,Dry,2026,TS10,,Pinfish,,,,,6,3.37,c,85,5.4,29.2,38.5,0.5,57974,3,25.03087,-80.68597,11:05,11:09
FIMS_815,Dry,2026,TS10,,Silver Jenny,,,,,9.4,10.87,c,85,5.4,29.2,38.5,0.5,57974,3,25.03087,-80.68597,11:05,11:09
FIMS_815,Dry,2026,TS10,,Silver Jenny,,,,,8.9,9.15,c,85,5.4,29.2,38.5,0.5,57974,3,25.03087,-80.68597,11:05,11:09
FIMS_815,Dry,2026,TS10,,Silver Jenny,,,,,7.7,5.34,c,85,5.4,29.2,38.5,0.5,57974,3,25.03087,-80.68597,11:05,11:09
FIMS_815,Dry,2026,TS10,,Silver Jenny,,,,,8.6,7.46,c,85,5.4,29.2,38.5,0.5,57974,3,25.03087,-80.68597,11:05,11:09
FIMS_815,Dry,2026,TS10,,Silver Jenny,,,,,7.9,6.35,c,85,5.4,29.2,38.5,0.5,57974,3,25.03087,-80.68597,11:05,11:09
FIMS_815,Dry,2026,TS10,,Silver Jenny,,,,,6.5,3.56,c,85,5.4,29.2,38.5,0.5,57974,3,25.03087,-80.68597,11:05,11:09
FIMS_815,Dry,2026,TS10,,Silver Jenny,,,,,9,9.4,c,85,5.4,29.2,38.5,0.5,57974,3,25.03087,-80.68597,11:05,11:09
FIMS_815,Dry,2026,TS10,,Silver Jenny,,,,,7.1,4.63,c,85,5.4,29.2,38.5,0.5,57974,3,25.03087,-80.68597,11:05,11:09
FIMS_815,Dry,2026,TS10,,Silver Jenny,,,,,8.5,8.1,c,85,5.4,29.2,38.5,0.5,57974,3,25.03087,-80.68597,11:05,11:09
FIMS_815,Dry,2026,TS10,,Silver Jenny,,,,,6.9,4.15,c,85,5.4,29.2,38.5,0.5,57974,3,25.03087,-80.68597,11:05,11:09
FIMS_815,Dry,2026,TS10,,Silver Jenny,,,,,7,4.4,c,85,5.4,29.2,38.5,0.5,57974,3,25.03087,-80.68597,11:05,11:09
FIMS_815,Dry,2026,TS10,,Silver Jenny,,,,,6.8,4.39,c,85,5.4,29.2,38.5,0.5,57974,3,25.03087,-80.68597,11:05,11:09
FIMS_815,Dry,2026,TS10,,Silver Jenny,,,,,6,2.89,c,85,5.4,29.2,38.5,0.5,57974,3,25.03087,-80.68597,11:05,11:09
FIMS_815,Dry,2026,TS10,,Silver Jenny,,,,,5.7,2.26,c,85,5.4,29.2,38.5,0.5,57974,3,25.03087,-80.68597,11:05,11:09
FIMS_815,Dry,2026,TS10,,Silver Jenny,,,,,6.3,3.15,c,85,5.4,29.2,38.5,0.5,57974,3,25.03087,-80.68597,11:05,11:09
FIMS_815,Dry,2026,TS10,,Tidewater Mojarra,,,,,2.6,0.19,c,85,5.4,29.2,38.5,0.5,57974,3,25.03087,-80.68597,11:05,11:09
FIMS_815,Dry,2026,TS10,,Tidewater Mojarra,,,,,2.8,0.29,c,85,5.4,29.2,38.5,0.5,57974,3,25.03087,-80.68597,11:05,11:09
FIMS_815,Dry,2026,TS10,,Tidewater Mojarra,,,,,2.8,0.3,c,85,5.4,29.2,38.5,0.5,57974,3,25.03087,-80.68597,11:05,11:09
FIMS_815,Dry,2026,TS10,,Tidewater Mojarra,,,,,2.7,0.27,c,85,5.4,29.2,38.5,0.5,57974,3,25.03087,-80.68597,11:05,11:09
FIMS_815,Dry,2026,TS10,,Tidewater Mojarra,,,,,2.6,0.18,c,85,5.4,29.2,38.5,0.5,57974,3,25.03087,-80.68597,11:05,11:09
FIMS_815,Dry,2026,TS10,,Tidewater Mojarra,,,,,2,0.09,c,85,5.4,29.2,38.5,0.5,57974,3,25.03087,-80.68597,11:05,11:09
FIMS_815,Dry,2026,TS10,,Tidewater Mojarra,,,,,2.5,0.18,c,85,5.4,29.2,38.5,0.5,57974,3,25.03087,-80.68597,11:05,11:09
FIMS_815,Dry,2026,TS10,,Tidewater Mojarra,,,,,2.4,0.13,c,85,5.4,29.2,38.5,0.5,57974,3,25.03087,-80.68597,11:05,11:09
FIMS_815,Dry,2026,TS10,,Tidewater Mojarra,,,,,2.3,0.14,c,85,5.4,29.2,38.5,0.5,57974,3,25.03087,-80.68597,11:05,11:09
FIMS_815,Dry,2026,TS10,,Tidewater Mojarra,,,,,2.3,0.12,c,85,5.4,29.2,38.5,0.5,57974,3,25.03087,-80.68597,11:05,11:09
FIMS_815,Dry,2026,TS10,,Tidewater Mojarra,,,,,2.3,0.13,c,85,5.4,29.2,38.5,0.5,57974,3,25.03087,-80.68597,11:05,11:09
FIMS_815,Dry,2026,TS10,,Tidewater Mojarra,,,,,2.4,0.18,c,85,5.4,29.2,38.5,0.5,57974,3,25.03087,-80.68597,11:05,11:09
FIMS_815,Dry,2026,TS10,,Tidewater Mojarra,,,,,2.7,0.2,c,85,5.4,29.2,38.5,0.5,57974,3,25.03087,-80.68597,11:05,11:09
FIMS_815,Dry,2026,TS10,,Tidewater Mojarra,,,,,2.5,0.19,c,85,5.4,29.2,38.5,0.5,57974,3,25.03087,-80.68597,11:05,11:09
FIMS_815,Dry,2026,TS10,,Tidewater Mojarra,,,,,2.5,0.19,c,85,5.4,29.2,38.5,0.5,57974,3,25.03087,-80.68597,11:05,11:09
FIMS_815,Dry,2026,TS10,,Tidewater Mojarra,,,,,2.8,0.16,c,85,5.4,29.2,38.5,0.5,57974,3,25.03087,-80.68597,11:05,11:09
FIMS_815,Dry,2026,TS10,,Tidewater Mojarra,,,,,1.8,0.06,c,85,5.4,29.2,38.5,0.5,57974,3,25.03087,-80.68597,11:05,11:09
FIMS_815,Dry,2026,TS10,,Tidewater Mojarra,,,,,2.6,0.18,c,85,5.4,29.2,38.5,0.5,57974,3,25.03087,-80.68597,11:05,11:09
FIMS_815,Dry,2026,TS10,,Tidewater Mojarra,,,,,2.5,0.18,c,85,5.4,29.2,38.5,0.5,57974,3,25.03087,-80.68597,11:05,11:09
FIMS_815,Dry,2026,TS10,,Tidewater Mojarra,,,,,2.9,0.21,c,85,5.4,29.2,38.5,0.5,57974,3,25.03087,-80.68597,11:05,11:09
FIMS_815,Dry,2026,TS10,,Tidewater Mojarra,,,,,2.6,0.16,c,85,5.4,29.2,38.5,0.5,57974,3,25.03087,-80.68597,11:05,11:09
FIMS_815,Dry,2026,TS10,,Tidewater Mojarra,,,,,2.5,0.19,c,85,5.4,29.2,38.5,0.5,57974,3,25.03087,-80.68597,11:05,11:09
FIMS_815,Dry,2026,TS10,,Tidewater Mojarra,,,,,3.4,0.47,c,85,5.4,29.2,38.5,0.5,57974,3,25.03087,-80.68597,11:05,11:09
FIMS_815,Dry,2026,TS10,,Tidewater Mojarra,,,,,2.5,0.19,c,85,5.4,29.2,38.5,0.5,57974,3,25.03087,-80.68597,11:05,11:09
FIMS_815,Dry,2026,TS10,,Goldspotted Killifish,,,,,2.4,0.25,c,85,5.4,29.2,38.5,0.5,57974,3,25.03087,-80.68597,11:05,11:09
FIMS_815,Dry,2026,TS10,,Goldspotted Killifish,,,,,2.6,0.3,c,85,5.4,29.2,38.5,0.5,57974,3,25.03087,-80.68597,11:05,11:09
FIMS_815,Dry,2026,TS10,,Goldspotted Killifish,,,,,2.5,0.26,c,85,5.4,29.2,38.5,0.5,57974,3,25.03087,-80.68597,11:05,11:09
FIMS_815,Dry,2026,TS10,,Goldspotted Killifish,,,,,2.4,0.2,c,85,5.4,29.2,38.5,0.5,57974,3,25.03087,-80.68597,11:05,11:09
FIMS_815,Dry,2026,TS10,,Goldspotted Killifish,,,,,3.1,0.42,c,85,5.4,29.2,38.5,0.5,57974,3,25.03087,-80.68597,11:05,11:09
FIMS_815,Dry,2026,TS10,,Goldspotted Killifish,,,,,3,0.43,c,85,5.4,29.2,38.5,0.5,57974,3,25.03087,-80.68597,11:05,11:09
FIMS_815,Dry,2026,TS10,,Goldspotted Killifish,,,,,2.3,0.16,c,85,5.4,29.2,38.5,0.5,57974,3,25.03087,-80.68597,11:05,11:09
FIMS_815,Dry,2026,TS10,,Goldspotted Killifish,,,,,2.3,0.17,c,85,5.4,29.2,38.5,0.5,57974,3,25.03087,-80.68597,11:05,11:09
FIMS_815,Dry,2026,TS10,,Goldspotted Killifish,,,,,2.5,0.28,c,85,5.4,29.2,38.5,0.5,57974,3,25.03087,-80.68597,11:05,11:09
FIMS_815,Dry,2026,TS10,,Goldspotted Killifish,,,,,2.6,0.24,c,85,5.4,29.2,38.5,0.5,57974,3,25.03087,-80.68597,11:05,11:09
FIMS_815,Dry,2026,TS10,,Goldspotted Killifish,,,,,2.6,0.28,c,85,5.4,29.2,38.5,0.5,57974,3,25.03087,-80.68597,11:05,11:09
FIMS_815,Dry,2026,TS10,,Goldspotted Killifish,,,,,2.8,0.34,c,85,5.4,29.2,38.5,0.5,57974,3,25.03087,-80.68597,11:05,11:09
FIMS_815,Dry,2026,TS10,,Goldspotted Killifish,,,,,2.9,0.32,c,85,5.4,29.2,38.5,0.5,57974,3,25.03087,-80.68597,11:05,11:09
FIMS_815,Dry,2026,TS10,,Goldspotted Killifish,,,,,3,0.37,c,85,5.4,29.2,38.5,0.5,57974,3,25.03087,-80.68597,11:05,11:09
FIMS_815,Dry,2026,TS10,,Goldspotted Killifish,,,,,2.9,0.48,c,85,5.4,29.2,38.5,0.5,57974,3,25.03087,-80.68597,11:05,11:09
FIMS_815,Dry,2026,TS10,,Goldspotted Killifish,,,,,2.7,0.31,c,85,5.4,29.2,38.5,0.5,57974,3,25.03087,-80.68597,11:05,11:09
FIMS_815,Dry,2026,TS10,,Goldspotted Killifish,,,,,3,0.39,c,85,5.4,29.2,38.5,0.5,57974,3,25.03087,-80.68597,11:05,11:09
FIMS_815,Dry,2026,TS10,,Goldspotted Killifish,,,,,3,0.42,c,85,5.4,29.2,38.5,0.5,57974,3,25.03087,-80.68597,11:05,11:09
FIMS_815,Dry,2026,TS10,,Goldspotted Killifish,,,,,5.9,4.44,c,85,5.4,29.2,38.5,0.5,57974,3,25.03087,-80.68597,11:05,11:09
FIMS_815,Dry,2026,TS10,,Goldspotted Killifish,,,,,5.1,2.58,c,85,5.4,29.2,38.5,0.5,57974,3,25.03087,-80.68597,11:05,11:09
FIMS_815,Dry,2026,TS10,,Goldspotted Killifish,,,,,5.3,2.93,c,85,5.4,29.2,38.5,0.5,57974,3,25.03087,-80.68597,11:05,11:09
FIMS_815,Dry,2026,TS10,,Goldspotted Killifish,,,,,4.3,1.3,c,85,5.4,29.2,38.5,0.5,57974,3,25.03087,-80.68597,11:05,11:09
FIMS_815,Dry,2026,TS10,,Goldspotted Killifish,,,,,4,1.09,c,85,5.4,29.2,38.5,0.5,57974,3,25.03087,-80.68597,11:05,11:09
FIMS_815,Dry,2026,TS10,,Goldspotted Killifish,,,,,4.1,1.14,c,85,5.4,29.2,38.5,0.5,57974,3,25.03087,-80.68597,11:05,11:09
FIMS_815,Dry,2026,TS10,,Goldspotted Killifish,,,,,3.8,0.82,c,85,5.4,29.2,38.5,0.5,57974,3,25.03087,-80.68597,11:05,11:09
FIMS_815,Dry,2026,TS10,,Goldspotted Killifish,,,,,3.5,0.76,c,85,5.4,29.2,38.5,0.5,57974,3,25.03087,-80.68597,11:05,11:09
FIMS_815,Dry,2026,TS10,,Goldspotted Killifish,,,,,3.9,1.09,c,85,5.4,29.2,38.5,0.5,57974,3,25.03087,-80.68597,11:05,11:09
FIMS_815,Dry,2026,TS10,,Goldspotted Killifish,,,,,4.5,1.73,c,85,5.4,29.2,38.5,0.5,57974,3,25.03087,-80.68597,11:05,11:09
FIMS_815,Dry,2026,TS10,,Goldspotted Killifish,,,,,3.6,0.83,c,85,5.4,29.2,38.5,0.5,57974,3,25.03087,-80.68597,11:05,11:09
FIMS_815,Dry,2026,TS10,,Goldspotted Killifish,,,,,3.8,0.88,c,85,5.4,29.2,38.5,0.5,57974,3,25.03087,-80.68597,11:05,11:09
FIMS_815,Dry,2026,TS10,,Goldspotted Killifish,,,,,3.9,0.97,c,85,5.4,29.2,38.5,0.5,57974,3,25.03087,-80.68597,11:05,11:09
FIMS_815,Dry,2026,TS10,,Goldspotted Killifish,,,,,4.5,1.42,c,85,5.4,29.2,38.5,0.5,57974,3,25.03087,-80.68597,11:05,11:09
FIMS_815,Dry,2026,TS10,,Goldspotted Killifish,,,,,3.8,0.93,c,85,5.4,29.2,38.5,0.5,57974,3,25.03087,-80.68597,11:05,11:09
FIMS_815,Dry,2026,TS10,,Goldspotted Killifish,,,,,3.8,1.02,c,85,5.4,29.2,38.5,0.5,57974,3,25.03087,-80.68597,11:05,11:09
FIMS_815,Dry,2026,TS10,,Goldspotted Killifish,,,,,3.7,0.85,c,85,5.4,29.2,38.5,0.5,57974,3,25.03087,-80.68597,11:05,11:09
FIMS_815,Dry,2026,TS10,,Goldspotted Killifish,,,,,3.7,0.9,c,85,5.4,29.2,38.5,0.5,57974,3,25.03087,-80.68597,11:05,11:09
FIMS_815,Dry,2026,TS10,,Goldspotted Killifish,,,,,3.3,0.58,c,85,5.4,29.2,38.5,0.5,57974,3,25.03087,-80.68597,11:05,11:09
FIMS_815,Dry,2026,TS10,,Goldspotted Killifish,,,,,3.3,0.54,c,85,5.4,29.2,38.5,0.5,57974,3,25.03087,-80.68597,11:05,11:09
FIMS_815,Dry,2026,TS10,,Goldspotted Killifish,,,,,3.1,0.4,c,85,5.4,29.2,38.5,0.5,57974,3,25.03087,-80.68597,11:05,11:09
FIMS_815,Dry,2026,TS10,,Goldspotted Killifish,,,,,3,0.37,c,85,5.4,29.2,38.5,0.5,57974,3,25.03087,-80.68597,11:05,11:09
FIMS_815,Dry,2026,TS10,,Goldspotted Killifish (n=63),includes the n=40 listed,,,,,,c,85,5.4,29.2,38.5,0.5,57974,3,25.03087,-80.68597,11:05,11:09
FIMS_815,Dry,2026,TS10,,Rainwater Killifish ,,,,,3.5,0.59,c,85,5.4,29.2,38.5,0.5,57974,3,25.03087,-80.68597,11:05,11:09
FIMS_815,Dry,2026,TS10,,Rainwater Killifish ,,,,,3.3,0.49,c,85,5.4,29.2,38.5,0.5,57974,3,25.03087,-80.68597,11:05,11:09
FIMS_815,Dry,2026,TS10,,Rainwater Killifish ,,,,,3.6,0.49,c,85,5.4,29.2,38.5,0.5,57974,3,25.03087,-80.68597,11:05,11:09
FIMS_815,Dry,2026,TS10,,Rainwater Killifish ,,,,,3.5,0.53,c,85,5.4,29.2,38.5,0.5,57974,3,25.03087,-80.68597,11:05,11:09
FIMS_815,Dry,2026,TS10,,Rainwater Killifish ,,,,,3.3,0.47,c,85,5.4,29.2,38.5,0.5,57974,3,25.03087,-80.68597,11:05,11:09
FIMS_815,Dry,2026,TS10,,Rainwater Killifish ,,,,,3.6,0.56,c,85,5.4,29.2,38.5,0.5,57974,3,25.03087,-80.68597,11:05,11:09
FIMS_815,Dry,2026,TS10,,Rainwater Killifish ,,,,,3.7,0.62,c,85,5.4,29.2,38.5,0.5,57974,3,25.03087,-80.68597,11:05,11:09
FIMS_815,Dry,2026,TS10,,Rainwater Killifish ,,,,,3.3,0.42,c,85,5.4,29.2,38.5,0.5,57974,3,25.03087,-80.68597,11:05,11:09
FIMS_815,Dry,2026,TS10,,Rainwater Killifish ,,,,,3.4,0.47,c,85,5.4,29.2,38.5,0.5,57974,3,25.03087,-80.68597,11:05,11:09
FIMS_815,Dry,2026,TS10,,Rainwater Killifish ,,,,,3.2,0.41,c,85,5.4,29.2,38.5,0.5,57974,3,25.03087,-80.68597,11:05,11:09
FIMS_815,Dry,2026,TS10,,Rainwater Killifish ,,,,,3.3,0.43,c,85,5.4,29.2,38.5,0.5,57974,3,25.03087,-80.68597,11:05,11:09
FIMS_815,Dry,2026,TS10,,Rainwater Killifish ,,,,,3.3,0.37,c,85,5.4,29.2,38.5,0.5,57974,3,25.03087,-80.68597,11:05,11:09
FIMS_815,Dry,2026,TS10,,Rainwater Killifish ,,,,,3.2,0.36,c,85,5.4,29.2,38.5,0.5,57974,3,25.03087,-80.68597,11:05,11:09
FIMS_815,Dry,2026,TS10,,Rainwater Killifish ,,,,,2.5,0.2,c,85,5.4,29.2,38.5,0.5,57974,3,25.03087,-80.68597,11:05,11:09
FIMS_815,Dry,2026,TS10,,Rainwater Killifish ,,,,,2.5,0.21,c,85,5.4,29.2,38.5,0.5,57974,3,25.03087,-80.68597,11:05,11:09
FIMS_815,Dry,2026,TS10,,Rainwater Killifish ,,,,,2.7,0.27,c,85,5.4,29.2,38.5,0.5,57974,3,25.03087,-80.68597,11:05,11:09
FIMS_815,Dry,2026,TS10,,Rainwater Killifish ,,,,,2.3,0.16,c,85,5.4,29.2,38.5,0.5,57974,3,25.03087,-80.68597,11:05,11:09
FIMS_815,Dry,2026,TS10,,Rainwater Killifish ,,,,,2.1,0.12,c,85,5.4,29.2,38.5,0.5,57974,3,25.03087,-80.68597,11:05,11:09
FIMS_815,Dry,2026,TS10,,Rainwater Killifish ,,,,,3.4,0.5,c,85,5.4,29.2,38.5,0.5,57974,3,25.03087,-80.68597,11:05,11:09
FIMS_815,Dry,2026,TS10,,Rainwater Killifish ,,,,,2.9,0.35,c,85,5.4,29.2,38.5,0.5,57974,3,25.03087,-80.68597,11:05,11:09
FIMS_815,Dry,2026,TS10,,Rainwater Killifish ,,,,,3.1,0.36,c,85,5.4,29.2,38.5,0.5,57974,3,25.03087,-80.68597,11:05,11:09
FIMS_815,Dry,2026,TS10,,Rainwater Killifish ,,,,,3.8,0.53,c,85,5.4,29.2,38.5,0.5,57974,3,25.03087,-80.68597,11:05,11:09
FIMS_815,Dry,2026,TS10,,Rainwater Killifish ,,,,,3.1,0.31,c,85,5.4,29.2,38.5,0.5,57974,3,25.03087,-80.68597,11:05,11:09
FIMS_815,Dry,2026,TS10,,Rainwater Killifish ,,,,,2.4,0.13,c,85,5.4,29.2,38.5,0.5,57974,3,25.03087,-80.68597,11:05,11:09
FIMS_815,Dry,2026,TS10,,Rainwater Killifish ,,,,,2.8,0.28,c,85,5.4,29.2,38.5,0.5,57974,3,25.03087,-80.68597,11:05,11:09
FIMS_815,Dry,2026,TS10,,Rainwater Killifish ,,,,,3.2,0.37,c,85,5.4,29.2,38.5,0.5,57974,3,25.03087,-80.68597,11:05,11:09
FIMS_815,Dry,2026,TS10,,Rainwater Killifish ,,,,,2.8,0.37,c,85,5.4,29.2,38.5,0.5,57974,3,25.03087,-80.68597,11:05,11:09
FIMS_815,Dry,2026,TS10,,Rainwater Killifish ,,,,,3.2,0.39,c,85,5.4,29.2,38.5,0.5,57974,3,25.03087,-80.68597,11:05,11:09
FIMS_815,Dry,2026,TS10,,Rainwater Killifish ,,,,,2.2,0.11,c,85,5.4,29.2,38.5,0.5,57974,3,25.03087,-80.68597,11:05,11:09
FIMS_815,Dry,2026,TS10,,Rainwater Killifish ,,,,,3.1,0.35,c,85,5.4,29.2,38.5,0.5,57974,3,25.03087,-80.68597,11:05,11:09
FIMS_815,Dry,2026,TS10,,Rainwater Killifish ,,,,,2.7,0.21,c,85,5.4,29.2,38.5,0.5,57974,3,25.03087,-80.68597,11:05,11:09
FIMS_815,Dry,2026,TS10,,Rainwater Killifish ,,,,,2.8,0.16,c,85,5.4,29.2,38.5,0.5,57974,3,25.03087,-80.68597,11:05,11:09
FIMS_815,Dry,2026,TS10,,Grass Shrimp (n=16),,,,,,,c,85,5.4,29.2,38.5,0.5,57974,3,25.03087,-80.68597,11:05,11:09
FIMS_814,Dry,2026,TS10,,Inland Silverside,,,,,8.2,2.44,c,78,5.4,29.2,38.5,0.5,57974,3,25.03087,-80.68597,11:05,11:09
FIMS_814,Dry,2026,TS10,,Inland Silverside,,,,,8.6,3.42,c,78,5.5,29,38.7,0.7,58065,1.5,25.03143,-80.68461,11:39,11:43
FIMS_814,Dry,2026,TS10,,Inland Silverside,,,,,8.8,3.28,c,78,5.5,29,38.7,0.7,58065,1.5,25.03143,-80.68461,11:39,11:43
FIMS_814,Dry,2026,TS10,,Inland Silverside,,,,,7.9,2.37,c,78,5.5,29,38.7,0.7,58065,1.5,25.03143,-80.68461,11:39,11:43
FIMS_814,Dry,2026,TS10,,Inland Silverside,,,,,8.7,3.13,c,78,5.5,29,38.7,0.7,58065,1.5,25.03143,-80.68461,11:39,11:43
FIMS_814,Dry,2026,TS10,,Inland Silverside,,,,,8.5,2.87,c,78,5.5,29,38.7,0.7,58065,1.5,25.03143,-80.68461,11:39,11:43
FIMS_814,Dry,2026,TS10,,Southern Pufferfish,,,,,2.8,0.45,c,78,5.5,29,38.7,0.7,58065,1.5,25.03143,-80.68461,11:39,11:43
FIMS_814,Dry,2026,TS10,,Gulf Pipefish,,,,,9.9,0.75,c,78,5.5,29,38.7,0.7,58065,1.5,25.03143,-80.68461,11:39,11:43
FIMS_814,Dry,2026,TS10,,Clown Goby,,,,,5,0.61,c,78,5.5,29,38.7,0.7,58065,1.5,25.03143,-80.68461,11:39,11:43
FIMS_814,Dry,2026,TS10,,Atlantic Needlefish,,,,,7.1,0.41,c,78,5.5,29,38.7,0.7,58065,1.5,25.03143,-80.68461,11:39,11:43
FIMS_814,Dry,2026,TS10,,Dwarf Seahorse,,,,,2.7,0.06,c,78,5.5,29,38.7,0.7,58065,1.5,25.03143,-80.68461,11:39,11:43
FIMS_814,Dry,2026,TS10,,Dwarf Seahorse,,,,,2.5,0.07,c,78,5.5,29,38.7,0.7,58065,1.5,25.03143,-80.68461,11:39,11:43
FIMS_814,Dry,2026,TS10,,Dwarf Seahorse,,,,,3,0.08,c,78,5.5,29,38.7,0.7,58065,1.5,25.03143,-80.68461,11:39,11:43
FIMS_814,Dry,2026,TS10,,Dwarf Seahorse,,,,,2.4,0.04,c,78,5.5,29,38.7,0.7,58065,1.5,25.03143,-80.68461,11:39,11:43
FIMS_814,Dry,2026,TS10,,Dwarf Seahorse,,,,,3,0.06,c,78,5.5,29,38.7,0.7,58065,1.5,25.03143,-80.68461,11:39,11:43
FIMS_814,Dry,2026,TS10,,Dwarf Seahorse,,,,,2.6,0.06,c,78,5.5,29,38.7,0.7,58065,1.5,25.03143,-80.68461,11:39,11:43
FIMS_814,Dry,2026,TS10,,Dwarf Seahorse,,,,,2.1,0.02,c,78,5.5,29,38.7,0.7,58065,1.5,25.03143,-80.68461,11:39,11:43
FIMS_814,Dry,2026,TS10,,Pink Shrimp,,,,,5.2,0.76,c,78,5.5,29,38.7,0.7,58065,1.5,25.03143,-80.68461,11:39,11:43
FIMS_814,Dry,2026,TS10,,Tidewater Mojarra,,,,,5.4,1.62,c,78,5.5,29,38.7,0.7,58065,1.5,25.03143,-80.68461,11:39,11:43
FIMS_814,Dry,2026,TS10,,Tidewater Mojarra,,,,,5.3,1.61,c,78,5.5,29,38.7,0.7,58065,1.5,25.03143,-80.68461,11:39,11:43
FIMS_814,Dry,2026,TS10,,Tidewater Mojarra,,,,,3.8,0.6,c,78,5.5,29,38.7,0.7,58065,1.5,25.03143,-80.68461,11:39,11:43
FIMS_814,Dry,2026,TS10,,Tidewater Mojarra,,,,,4.2,0.85,c,78,5.5,29,38.7,0.7,58065,1.5,25.03143,-80.68461,11:39,11:43
FIMS_814,Dry,2026,TS10,,Tidewater Mojarra,,,,,3.5,0.41,c,78,5.5,29,38.7,0.7,58065,1.5,25.03143,-80.68461,11:39,11:43
FIMS_814,Dry,2026,TS10,,Tidewater Mojarra,,,,,3.5,0.43,c,78,5.5,29,38.7,0.7,58065,1.5,25.03143,-80.68461,11:39,11:43
FIMS_814,Dry,2026,TS10,,Tidewater Mojarra,,,,,3.3,0.36,c,78,5.5,29,38.7,0.7,58065,1.5,25.03143,-80.68461,11:39,11:43
FIMS_814,Dry,2026,TS10,,Tidewater Mojarra,,,,,3.1,0.34,c,78,5.5,29,38.7,0.7,58065,1.5,25.03143,-80.68461,11:39,11:43
FIMS_814,Dry,2026,TS10,,Tidewater Mojarra,,,,,2.8,0.22,c,78,5.5,29,38.7,0.7,58065,1.5,25.03143,-80.68461,11:39,11:43
FIMS_814,Dry,2026,TS10,,Tidewater Mojarra,,,,,3.1,0.35,c,78,5.5,29,38.7,0.7,58065,1.5,25.03143,-80.68461,11:39,11:43
FIMS_814,Dry,2026,TS10,,Tidewater Mojarra,,,,,3.4,0.53,c,78,5.5,29,38.7,0.7,58065,1.5,25.03143,-80.68461,11:39,11:43
FIMS_814,Dry,2026,TS10,,Tidewater Mojarra,,,,,2.9,0.24,c,78,5.5,29,38.7,0.7,58065,1.5,25.03143,-80.68461,11:39,11:43
FIMS_814,Dry,2026,TS10,,Tidewater Mojarra,,,,,3,0.33,c,78,5.5,29,38.7,0.7,58065,1.5,25.03143,-80.68461,11:39,11:43
FIMS_814,Dry,2026,TS10,,Tidewater Mojarra,,,,,2.5,0.18,c,78,5.5,29,38.7,0.7,58065,1.5,25.03143,-80.68461,11:39,11:43
FIMS_814,Dry,2026,TS10,,Tidewater Mojarra,,,,,3.4,0.42,c,78,5.5,29,38.7,0.7,58065,1.5,25.03143,-80.68461,11:39,11:43
FIMS_814,Dry,2026,TS10,,Tidewater Mojarra,,,,,3.1,0.3,c,78,5.5,29,38.7,0.7,58065,1.5,25.03143,-80.68461,11:39,11:43
FIMS_814,Dry,2026,TS10,,Tidewater Mojarra,,,,,3,0.3,c,78,5.5,29,38.7,0.7,58065,1.5,25.03143,-80.68461,11:39,11:43
FIMS_814,Dry,2026,TS10,,Tidewater Mojarra,,,,,3.1,0.33,c,78,5.5,29,38.7,0.7,58065,1.5,25.03143,-80.68461,11:39,11:43
FIMS_814,Dry,2026,TS10,,Tidewater Mojarra,,,,,3,0.27,c,78,5.5,29,38.7,0.7,58065,1.5,25.03143,-80.68461,11:39,11:43
FIMS_814,Dry,2026,TS10,,Goldspotted Killifish,,,,,4.2,1.27,c,78,5.5,29,38.7,0.7,58065,1.5,25.03143,-80.68461,11:39,11:43
FIMS_814,Dry,2026,TS10,,Goldspotted Killifish,,,,,3.9,0.94,c,78,5.5,29,38.7,0.7,58065,1.5,25.03143,-80.68461,11:39,11:43
FIMS_814,Dry,2026,TS10,,Goldspotted Killifish,,,,,3.2,0.43,c,78,5.5,29,38.7,0.7,58065,1.5,25.03143,-80.68461,11:39,11:43
FIMS_814,Dry,2026,TS10,,Goldspotted Killifish,,,,,2.2,0.18,c,78,5.5,29,38.7,0.7,58065,1.5,25.03143,-80.68461,11:39,11:43
FIMS_814,Dry,2026,TS10,,Goldspotted Killifish,,,,,2.7,0.25,c,78,5.5,29,38.7,0.7,58065,1.5,25.03143,-80.68461,11:39,11:43
FIMS_814,Dry,2026,TS10,,Goldspotted Killifish,,,,,2.3,0.14,c,78,5.5,29,38.7,0.7,58065,1.5,25.03143,-80.68461,11:39,11:43
FIMS_814,Dry,2026,TS10,,Goldspotted Killifish,,,,,2.6,0.27,c,78,5.5,29,38.7,0.7,58065,1.5,25.03143,-80.68461,11:39,11:43
FIMS_814,Dry,2026,TS10,,Goldspotted Killifish,,,,,2.2,0.16,c,78,5.5,29,38.7,0.7,58065,1.5,25.03143,-80.68461,11:39,11:43
FIMS_814,Dry,2026,TS10,,Goldspotted Killifish,,,,,2.7,0.27,c,78,5.5,29,38.7,0.7,58065,1.5,25.03143,-80.68461,11:39,11:43
FIMS_814,Dry,2026,TS10,,Goldspotted Killifish,,,,,2.3,0.14,c,78,5.5,29,38.7,0.7,58065,1.5,25.03143,-80.68461,11:39,11:43
FIMS_814,Dry,2026,TS10,,Goldspotted Killifish,,,,,2.5,0.17,c,78,5.5,29,38.7,0.7,58065,1.5,25.03143,-80.68461,11:39,11:43
FIMS_814,Dry,2026,TS10,,Goldspotted Killifish,,,,,2.7,0.29,c,78,5.5,29,38.7,0.7,58065,1.5,25.03143,-80.68461,11:39,11:43
FIMS_814,Dry,2026,TS10,,Goldspotted Killifish,,,,,2.5,0.16,c,78,5.5,29,38.7,0.7,58065,1.5,25.03143,-80.68461,11:39,11:43
FIMS_814,Dry,2026,TS10,,Goldspotted Killifish,,,,,2.3,0.12,c,78,5.5,29,38.7,0.7,58065,1.5,25.03143,-80.68461,11:39,11:43
FIMS_814,Dry,2026,TS10,,Goldspotted Killifish,,,,,2.4,0.18,c,78,5.5,29,38.7,0.7,58065,1.5,25.03143,-80.68461,11:39,11:43
FIMS_814,Dry,2026,TS10,,Goldspotted Killifish,,,,,2.3,0.13,c,78,5.5,29,38.7,0.7,58065,1.5,25.03143,-80.68461,11:39,11:43
FIMS_814,Dry,2026,TS10,,Goldspotted Killifish,,,,,2.2,0.11,c,78,5.5,29,38.7,0.7,58065,1.5,25.03143,-80.68461,11:39,11:43
FIMS_814,Dry,2026,TS10,,Goldspotted Killifish,,,,,2.3,0.14,c,78,5.5,29,38.7,0.7,58065,1.5,25.03143,-80.68461,11:39,11:43
FIMS_814,Dry,2026,TS10,,Goldspotted Killifish,,,,,2.6,0.22,c,78,5.5,29,38.7,0.7,58065,1.5,25.03143,-80.68461,11:39,11:43
FIMS_814,Dry,2026,TS10,,Goldspotted Killifish,,,,,2.7,0.23,c,78,5.5,29,38.7,0.7,58065,1.5,25.03143,-80.68461,11:39,11:43
FIMS_814,Dry,2026,TS10,,Goldspotted Killifish,,,,,2,0.08,c,78,5.5,29,38.7,0.7,58065,1.5,25.03143,-80.68461,11:39,11:43
FIMS_814,Dry,2026,TS10,,Goldspotted Killifish,,,,,1.8,0.06,c,78,5.5,29,38.7,0.7,58065,1.5,25.03143,-80.68461,11:39,11:43
FIMS_814,Dry,2026,TS10,,Goldspotted Killifish,,,,,1.9,0.08,c,78,5.5,29,38.7,0.7,58065,1.5,25.03143,-80.68461,11:39,11:43
FIMS_814,Dry,2026,TS10,,Goldspotted Killifish,,,,,1.8,0.07,c,78,5.5,29,38.7,0.7,58065,1.5,25.03143,-80.68461,11:39,11:43
FIMS_814,Dry,2026,TS10,,Grass Shrimp (n=57),,,,,,,c,78,5.5,29,38.7,0.7,58065,1.5,25.03143,-80.68461,11:39,11:43
FIMS_813,Dry,2026,TS10,,Silver Jenny,,,,,8.5,7.55,c,83,5.5,29,38.7,0.7,58065,1.5,25.03143,-80.68461,11:39,11:43
FIMS_813,Dry,2026,TS10,,Silver Jenny,,,,,7.2,4.43,c,83,5,29.2,38.5,0.7,57828,0.25,25.03136,-80.68362,12:23,12:29
FIMS_813,Dry,2026,TS10,,Silver Jenny,,,,,6.6,3.4,c,83,5,29.2,38.5,0.7,57828,0.25,25.03136,-80.68362,12:23,12:29
FIMS_813,Dry,2026,TS10,,Silver Jenny,,,,,6.7,3.83,c,83,5,29.2,38.5,0.7,57828,0.25,25.03136,-80.68362,12:23,12:29
FIMS_813,Dry,2026,TS10,,Silver Jenny,,,,,6.8,3.74,c,83,5,29.2,38.5,0.7,57828,0.25,25.03136,-80.68362,12:23,12:29
FIMS_813,Dry,2026,TS10,,Silver Jenny,,,,,7,4.3,c,83,5,29.2,38.5,0.7,57828,0.25,25.03136,-80.68362,12:23,12:29
FIMS_813,Dry,2026,TS10,,Silver Jenny,,,,,6.5,3.29,c,83,5,29.2,38.5,0.7,57828,0.25,25.03136,-80.68362,12:23,12:29
FIMS_813,Dry,2026,TS10,,Inland Silverside,,,,,8.8,2.9,c,83,5,29.2,38.5,0.7,57828,0.25,25.03136,-80.68362,12:23,12:29
FIMS_813,Dry,2026,TS10,,Inland Silverside,,,,,7.9,1.94,c,83,5,29.2,38.5,0.7,57828,0.25,25.03136,-80.68362,12:23,12:29
FIMS_813,Dry,2026,TS10,,Gulf Pipefish,,,,,8.9,0.36,c,83,5,29.2,38.5,0.7,57828,0.25,25.03136,-80.68362,12:23,12:29
FIMS_813,Dry,2026,TS10,,Gulf Pipefish,,,,,4.5,0.03,c,83,5,29.2,38.5,0.7,57828,0.25,25.03136,-80.68362,12:23,12:29
FIMS_813,Dry,2026,TS10,,Sargassum Crab,,,,,1.4,0.16,c,83,5,29.2,38.5,0.7,57828,0.25,25.03136,-80.68362,12:23,12:29
FIMS_813,Dry,2026,TS10,,Dwarf Seahorse,,,,,2.2,0.04,c,83,5,29.2,38.5,0.7,57828,0.25,25.03136,-80.68362,12:23,12:29
FIMS_813,Dry,2026,TS10,,Dwarf Seahorse,,,,,3.2,0.1,c,83,5,29.2,38.5,0.7,57828,0.25,25.03136,-80.68362,12:23,12:29
FIMS_813,Dry,2026,TS10,,Dwarf Seahorse,,,,,2.2,0.02,c,83,5,29.2,38.5,0.7,57828,0.25,25.03136,-80.68362,12:23,12:29
FIMS_813,Dry,2026,TS10,,Dwarf Seahorse,,,,,2.4,0.05,c,83,5,29.2,38.5,0.7,57828,0.25,25.03136,-80.68362,12:23,12:29
FIMS_813,Dry,2026,TS10,,Dwarf Seahorse,,,,,2.8,0.07,c,83,5,29.2,38.5,0.7,57828,0.25,25.03136,-80.68362,12:23,12:29
FIMS_813,Dry,2026,TS10,,Dwarf Seahorse,,,,,2,0.02,c,83,5,29.2,38.5,0.7,57828,0.25,25.03136,-80.68362,12:23,12:29
FIMS_813,Dry,2026,TS10,,Dwarf Seahorse,,,,,1.8,0.01,c,83,5,29.2,38.5,0.7,57828,0.25,25.03136,-80.68362,12:23,12:29
FIMS_813,Dry,2026,TS10,,Dwarf Seahorse,,,,,2,0.02,c,83,5,29.2,38.5,0.7,57828,0.25,25.03136,-80.68362,12:23,12:29
FIMS_813,Dry,2026,TS10,,Dwarf Seahorse,,,,,2.3,0.03,c,83,5,29.2,38.5,0.7,57828,0.25,25.03136,-80.68362,12:23,12:29
FIMS_813,Dry,2026,TS10,,Dwarf Seahorse,,,,,3,0.06,c,83,5,29.2,38.5,0.7,57828,0.25,25.03136,-80.68362,12:23,12:29
FIMS_813,Dry,2026,TS10,,Tidewater Mojarra,,,,,7.5,4.26,c,83,5,29.2,38.5,0.7,57828,0.25,25.03136,-80.68362,12:23,12:29
FIMS_813,Dry,2026,TS10,,Tidewater Mojarra,,,,,6.8,3.04,c,83,5,29.2,38.5,0.7,57828,0.25,25.03136,-80.68362,12:23,12:29
FIMS_813,Dry,2026,TS10,,Tidewater Mojarra,,,,,3.5,0.52,c,83,5,29.2,38.5,0.7,57828,0.25,25.03136,-80.68362,12:23,12:29
FIMS_813,Dry,2026,TS10,,Tidewater Mojarra,,,,,1.5,0.04,c,83,5,29.2,38.5,0.7,57828,0.25,25.03136,-80.68362,12:23,12:29
FIMS_813,Dry,2026,TS10,,Tidewater Mojarra,,,,,2.8,0.24,c,83,5,29.2,38.5,0.7,57828,0.25,25.03136,-80.68362,12:23,12:29
FIMS_813,Dry,2026,TS10,,Tidewater Mojarra,,,,,2.4,0.14,c,83,5,29.2,38.5,0.7,57828,0.25,25.03136,-80.68362,12:23,12:29
FIMS_813,Dry,2026,TS10,,Tidewater Mojarra,,,,,3,0.3,c,83,5,29.2,38.5,0.7,57828,0.25,25.03136,-80.68362,12:23,12:29
FIMS_813,Dry,2026,TS10,,Goldspotted Killifish,,,,,3.9,0.95,c,83,5,29.2,38.5,0.7,57828,0.25,25.03136,-80.68362,12:23,12:29
FIMS_813,Dry,2026,TS10,,Goldspotted Killifish,,,,,3.3,0.52,c,83,5,29.2,38.5,0.7,57828,0.25,25.03136,-80.68362,12:23,12:29
FIMS_813,Dry,2026,TS10,,Goldspotted Killifish,,,,,3.4,0.54,c,83,5,29.2,38.5,0.7,57828,0.25,25.03136,-80.68362,12:23,12:29
FIMS_813,Dry,2026,TS10,,Goldspotted Killifish,,,,,3.1,0.48,c,83,5,29.2,38.5,0.7,57828,0.25,25.03136,-80.68362,12:23,12:29
FIMS_813,Dry,2026,TS10,,Goldspotted Killifish,,,,,3.1,0.44,c,83,5,29.2,38.5,0.7,57828,0.25,25.03136,-80.68362,12:23,12:29
FIMS_813,Dry,2026,TS10,,Goldspotted Killifish,,,,,3,0.36,c,83,5,29.2,38.5,0.7,57828,0.25,25.03136,-80.68362,12:23,12:29
FIMS_813,Dry,2026,TS10,,Goldspotted Killifish,,,,,2.4,0.17,c,83,5,29.2,38.5,0.7,57828,0.25,25.03136,-80.68362,12:23,12:29
FIMS_813,Dry,2026,TS10,,Goldspotted Killifish,,,,,2.8,0.35,c,83,5,29.2,38.5,0.7,57828,0.25,25.03136,-80.68362,12:23,12:29
FIMS_813,Dry,2026,TS10,,Goldspotted Killifish,,,,,2.7,0.27,c,83,5,29.2,38.5,0.7,57828,0.25,25.03136,-80.68362,12:23,12:29
FIMS_813,Dry,2026,TS10,,Goldspotted Killifish,,,,,2.8,0.28,c,83,5,29.2,38.5,0.7,57828,0.25,25.03136,-80.68362,12:23,12:29
FIMS_813,Dry,2026,TS10,,Goldspotted Killifish,,,,,2.6,0.24,c,83,5,29.2,38.5,0.7,57828,0.25,25.03136,-80.68362,12:23,12:29
FIMS_813,Dry,2026,TS10,,Goldspotted Killifish,,,,,2.8,0.33,c,83,5,29.2,38.5,0.7,57828,0.25,25.03136,-80.68362,12:23,12:29
FIMS_813,Dry,2026,TS10,,Goldspotted Killifish,,,,,3,0.41,c,83,5,29.2,38.5,0.7,57828,0.25,25.03136,-80.68362,12:23,12:29
FIMS_813,Dry,2026,TS10,,Goldspotted Killifish,,,,,3,0.4,c,83,5,29.2,38.5,0.7,57828,0.25,25.03136,-80.68362,12:23,12:29
FIMS_813,Dry,2026,TS10,,Goldspotted Killifish,,,,,2.6,0.23,c,83,5,29.2,38.5,0.7,57828,0.25,25.03136,-80.68362,12:23,12:29
FIMS_813,Dry,2026,TS10,,Goldspotted Killifish,,,,,2.7,0.26,c,83,5,29.2,38.5,0.7,57828,0.25,25.03136,-80.68362,12:23,12:29
FIMS_813,Dry,2026,TS10,,Goldspotted Killifish,,,,,2.8,0.37,c,83,5,29.2,38.5,0.7,57828,0.25,25.03136,-80.68362,12:23,12:29
FIMS_813,Dry,2026,TS10,,Goldspotted Killifish,,,,,2.5,0.18,c,83,5,29.2,38.5,0.7,57828,0.25,25.03136,-80.68362,12:23,12:29
FIMS_813,Dry,2026,TS10,,Goldspotted Killifish,,,,,2.3,0.18,c,83,5,29.2,38.5,0.7,57828,0.25,25.03136,-80.68362,12:23,12:29
FIMS_813,Dry,2026,TS10,,Goldspotted Killifish,,,,,2.7,0.24,c,83,5,29.2,38.5,0.7,57828,0.25,25.03136,-80.68362,12:23,12:29
FIMS_813,Dry,2026,TS10,,Goldspotted Killifish,,,,,2.7,0.24,c,83,5,29.2,38.5,0.7,57828,0.25,25.03136,-80.68362,12:23,12:29
FIMS_813,Dry,2026,TS10,,Goldspotted Killifish,,,,,2.6,0.23,c,83,5,29.2,38.5,0.7,57828,0.25,25.03136,-80.68362,12:23,12:29
FIMS_813,Dry,2026,TS10,,Goldspotted Killifish,,,,,2.7,0.25,c,83,5,29.2,38.5,0.7,57828,0.25,25.03136,-80.68362,12:23,12:29
FIMS_813,Dry,2026,TS10,,Goldspotted Killifish,,,,,2.3,0.16,c,83,5,29.2,38.5,0.7,57828,0.25,25.03136,-80.68362,12:23,12:29
FIMS_813,Dry,2026,TS10,,Goldspotted Killifish,,,,,2.3,0.17,c,83,5,29.2,38.5,0.7,57828,0.25,25.03136,-80.68362,12:23,12:29
FIMS_813,Dry,2026,TS10,,Goldspotted Killifish,,,,,2.5,0.23,c,83,5,29.2,38.5,0.7,57828,0.25,25.03136,-80.68362,12:23,12:29
FIMS_813,Dry,2026,TS10,,Goldspotted Killifish,,,,,2.7,0.27,c,83,5,29.2,38.5,0.7,57828,0.25,25.03136,-80.68362,12:23,12:29
FIMS_813,Dry,2026,TS10,,Goldspotted Killifish,,,,,2.4,0.22,c,83,5,29.2,38.5,0.7,57828,0.25,25.03136,-80.68362,12:23,12:29
FIMS_813,Dry,2026,TS10,,Goldspotted Killifish,,,,,2.5,0.27,c,83,5,29.2,38.5,0.7,57828,0.25,25.03136,-80.68362,12:23,12:29
FIMS_813,Dry,2026,TS10,,Goldspotted Killifish,,,,,2.6,0.24,c,83,5,29.2,38.5,0.7,57828,0.25,25.03136,-80.68362,12:23,12:29
FIMS_813,Dry,2026,TS10,,Goldspotted Killifish,,,,,2.5,0.16,c,83,5,29.2,38.5,0.7,57828,0.25,25.03136,-80.68362,12:23,12:29
FIMS_813,Dry,2026,TS10,,Goldspotted Killifish,,,,,2.5,0.22,c,83,5,29.2,38.5,0.7,57828,0.25,25.03136,-80.68362,12:23,12:29
FIMS_813,Dry,2026,TS10,,Goldspotted Killifish,,,,,2.4,0.19,c,83,5,29.2,38.5,0.7,57828,0.25,25.03136,-80.68362,12:23,12:29
FIMS_813,Dry,2026,TS10,,Goldspotted Killifish,,,,,2.3,0.16,c,83,5,29.2,38.5,0.7,57828,0.25,25.03136,-80.68362,12:23,12:29
FIMS_813,Dry,2026,TS10,,Goldspotted Killifish,,,,,2.3,0.17,c,83,5,29.2,38.5,0.7,57828,0.25,25.03136,-80.68362,12:23,12:29
FIMS_813,Dry,2026,TS10,,Goldspotted Killifish,,,,,2.2,0.22,c,83,5,29.2,38.5,0.7,57828,0.25,25.03136,-80.68362,12:23,12:29
FIMS_813,Dry,2026,TS10,,Goldspotted Killifish,,,,,2.3,0.27,c,83,5,29.2,38.5,0.7,57828,0.25,25.03136,-80.68362,12:23,12:29
FIMS_813,Dry,2026,TS10,,Goldspotted Killifish,,,,,2.3,0.15,c,83,5,29.2,38.5,0.7,57828,0.25,25.03136,-80.68362,12:23,12:29
FIMS_813,Dry,2026,TS10,,Goldspotted Killifish,,,,,2.2,0.16,c,83,5,29.2,38.5,0.7,57828,0.25,25.03136,-80.68362,12:23,12:29
FIMS_813,Dry,2026,TS10,,Goldspotted Killifish,,,,,2.2,0.13,c,83,5,29.2,38.5,0.7,57828,0.25,25.03136,-80.68362,12:23,12:29
FIMS_813,Dry,2026,TS10,,Goldspotted Killifish (n=86),includes the n=40 listed,,,,,,c,83,5,29.2,38.5,0.7,57828,0.25,25.03136,-80.68362,12:23,12:29
FIMS_813,Dry,2026,TS10,,Blue Crab,,,,,3.4,2.6,c,83,5,29.2,38.5,0.7,57828,0.25,25.03136,-80.68362,12:23,12:29
FIMS_813,Dry,2026,TS10,,Clown Goby,,,,,5,0.76,c,83,5,29.2,38.5,0.7,57828,0.25,25.03136,-80.68362,12:23,12:29
FIMS_813,Dry,2026,TS10,,Clown Goby,,,,,5.1,0.87,c,83,5,29.2,38.5,0.7,57828,0.25,25.03136,-80.68362,12:23,12:29
FIMS_813,Dry,2026,TS10,,Grass Shrimp (n=33),,,,,,,c,83,5,29.2,38.5,0.7,57828,0.25,25.03136,-80.68362,12:23,12:29
FIMS_826,Dry,2026,TS7,,Silver Jenny,,,,,8.3,9.13,c,65,5,29.2,38.5,0.7,57828,0.25,25.03136,-80.68362,12:23,12:29
FIMS_826,Dry,2026,TS7,,Silver Jenny,,,,,9.5,9.75,c,65,4.2,28.9,30.9,0.7,37578,0.125,25.17758,-80.63424,9:08,9:13
FIMS_826,Dry,2026,TS7,,Silver Jenny,,,,,9.2,9.91,c,65,4.2,28.9,30.9,0.7,37578,0.125,25.17758,-80.63424,9:08,9:13
FIMS_826,Dry,2026,TS7,,Silver Jenny,,,,,7.9,5.86,c,65,4.2,28.9,30.9,0.7,37578,0.125,25.17758,-80.63424,9:08,9:13
FIMS_826,Dry,2026,TS7,,Silver Jenny,,,,,8.2,6.73,c,65,4.2,28.9,30.9,0.7,37578,0.125,25.17758,-80.63424,9:08,9:13
FIMS_826,Dry,2026,TS7,,Silver Jenny,,,,,8.1,6.74,c,65,4.2,28.9,30.9,0.7,37578,0.125,25.17758,-80.63424,9:08,9:13
FIMS_826,Dry,2026,TS7,,Silver Jenny,,,,,9.3,10.46,c,65,4.2,28.9,30.9,0.7,37578,0.125,25.17758,-80.63424,9:08,9:13
FIMS_826,Dry,2026,TS7,,Silver Jenny,,,,,6.9,3.69,c,65,4.2,28.9,30.9,0.7,37578,0.125,25.17758,-80.63424,9:08,9:13
FIMS_826,Dry,2026,TS7,,Silver Jenny,,,,,7.8,6.61,c,65,4.2,28.9,30.9,0.7,37578,0.125,25.17758,-80.63424,9:08,9:13
FIMS_826,Dry,2026,TS7,,Tidewater Mojarra,,,,,3,0.22,c,65,4.2,28.9,30.9,0.7,37578,0.125,25.17758,-80.63424,9:08,9:13
FIMS_826,Dry,2026,TS7,,Tidewater Mojarra,,,,,2.9,0.3,c,65,4.2,28.9,30.9,0.7,37578,0.125,25.17758,-80.63424,9:08,9:13
FIMS_826,Dry,2026,TS7,,Tidewater Mojarra,,,,,3.2,0.32,c,65,4.2,28.9,30.9,0.7,37578,0.125,25.17758,-80.63424,9:08,9:13
FIMS_826,Dry,2026,TS7,,Inland Silverside,,,,,6.7,1.29,c,65,4.2,28.9,30.9,0.7,37578,0.125,25.17758,-80.63424,9:08,9:13
FIMS_826,Dry,2026,TS7,,Inland Silverside,,,,,7.3,2.11,c,65,4.2,28.9,30.9,0.7,37578,0.125,25.17758,-80.63424,9:08,9:13
FIMS_826,Dry,2026,TS7,,Inland Silverside,,,,,7.8,2.46,c,65,4.2,28.9,30.9,0.7,37578,0.125,25.17758,-80.63424,9:08,9:13
FIMS_826,Dry,2026,TS7,,Inland Silverside,,,,,7.7,2.17,c,65,4.2,28.9,30.9,0.7,37578,0.125,25.17758,-80.63424,9:08,9:13
FIMS_826,Dry,2026,TS7,,Inland Silverside,,,,,7.3,2,c,65,4.2,28.9,30.9,0.7,37578,0.125,25.17758,-80.63424,9:08,9:13
FIMS_826,Dry,2026,TS7,,Inland Silverside,,,,,6.9,1.6,c,65,4.2,28.9,30.9,0.7,37578,0.125,25.17758,-80.63424,9:08,9:13
FIMS_826,Dry,2026,TS7,,Inland Silverside,,,,,7.3,1.66,c,65,4.2,28.9,30.9,0.7,37578,0.125,25.17758,-80.63424,9:08,9:13
FIMS_826,Dry,2026,TS7,,Inland Silverside,,,,,6.2,1.02,c,65,4.2,28.9,30.9,0.7,37578,0.125,25.17758,-80.63424,9:08,9:13
FIMS_826,Dry,2026,TS7,,Inland Silverside,,,,,7.5,1.77,c,65,4.2,28.9,30.9,0.7,37578,0.125,25.17758,-80.63424,9:08,9:13
FIMS_826,Dry,2026,TS7,,Inland Silverside,,,,,7.1,1.67,c,65,4.2,28.9,30.9,0.7,37578,0.125,25.17758,-80.63424,9:08,9:13
FIMS_826,Dry,2026,TS7,,Inland Silverside,,,,,7.9,2.02,c,65,4.2,28.9,30.9,0.7,37578,0.125,25.17758,-80.63424,9:08,9:13
FIMS_826,Dry,2026,TS7,,Inland Silverside,,,,,7,1.73,c,65,4.2,28.9,30.9,0.7,37578,0.125,25.17758,-80.63424,9:08,9:13
FIMS_826,Dry,2026,TS7,,Inland Silverside,,,,,7.6,1.99,c,65,4.2,28.9,30.9,0.7,37578,0.125,25.17758,-80.63424,9:08,9:13
FIMS_826,Dry,2026,TS7,,Inland Silverside,,,,,8.4,3.07,c,65,4.2,28.9,30.9,0.7,37578,0.125,25.17758,-80.63424,9:08,9:13
FIMS_826,Dry,2026,TS7,,Inland Silverside,,,,,8.2,2.4,c,65,4.2,28.9,30.9,0.7,37578,0.125,25.17758,-80.63424,9:08,9:13
FIMS_826,Dry,2026,TS7,,Inland Silverside,,,,,6.4,1.05,c,65,4.2,28.9,30.9,0.7,37578,0.125,25.17758,-80.63424,9:08,9:13
FIMS_826,Dry,2026,TS7,,Inland Silverside,,,,,8.1,2.92,c,65,4.2,28.9,30.9,0.7,37578,0.125,25.17758,-80.63424,9:08,9:13
FIMS_826,Dry,2026,TS7,,Inland Silverside,,,,,7,1.64,c,65,4.2,28.9,30.9,0.7,37578,0.125,25.17758,-80.63424,9:08,9:13
FIMS_826,Dry,2026,TS7,,Gulf Pipefish,,,,,9.1,0.53,c,65,4.2,28.9,30.9,0.7,37578,0.125,25.17758,-80.63424,9:08,9:13
FIMS_826,Dry,2026,TS7,,Clown Goby,,,,,4,0.38,c,65,4.2,28.9,30.9,0.7,37578,0.125,25.17758,-80.63424,9:08,9:13
FIMS_826,Dry,2026,TS7,,Dwarf Seahorse,,,,,2,0.03,c,65,4.2,28.9,30.9,0.7,37578,0.125,25.17758,-80.63424,9:08,9:13
FIMS_826,Dry,2026,TS7,,Dwarf Seahorse,,,,,2,0.03,c,65,4.2,28.9,30.9,0.7,37578,0.125,25.17758,-80.63424,9:08,9:13
FIMS_826,Dry,2026,TS7,,Dwarf Seahorse,,,,,1.8,0.03,c,65,4.2,28.9,30.9,0.7,37578,0.125,25.17758,-80.63424,9:08,9:13
FIMS_826,Dry,2026,TS7,,Dwarf Seahorse,,,,,2.1,0.03,c,65,4.2,28.9,30.9,0.7,37578,0.125,25.17758,-80.63424,9:08,9:13
FIMS_826,Dry,2026,TS7,,Dwarf Seahorse,,,,,2,0.04,c,65,4.2,28.9,30.9,0.7,37578,0.125,25.17758,-80.63424,9:08,9:13
FIMS_826,Dry,2026,TS7,,Rainwater Killifish ,,,,,3.4,0.52,c,65,4.2,28.9,30.9,0.7,37578,0.125,25.17758,-80.63424,9:08,9:13
FIMS_826,Dry,2026,TS7,,Rainwater Killifish ,,,,,2.6,0.2,c,65,4.2,28.9,30.9,0.7,37578,0.125,25.17758,-80.63424,9:08,9:13
FIMS_826,Dry,2026,TS7,,Rainwater Killifish ,,,,,2.4,0.17,c,65,4.2,28.9,30.9,0.7,37578,0.125,25.17758,-80.63424,9:08,9:13
FIMS_826,Dry,2026,TS7,,Rainwater Killifish ,,,,,2.7,0.32,c,65,4.2,28.9,30.9,0.7,37578,0.125,25.17758,-80.63424,9:08,9:13
FIMS_826,Dry,2026,TS7,,Rainwater Killifish ,,,,,3,0.41,c,65,4.2,28.9,30.9,0.7,37578,0.125,25.17758,-80.63424,9:08,9:13
FIMS_826,Dry,2026,TS7,,Rainwater Killifish ,,,,,2.3,0.15,c,65,4.2,28.9,30.9,0.7,37578,0.125,25.17758,-80.63424,9:08,9:13
FIMS_826,Dry,2026,TS7,,Rainwater Killifish ,,,,,2.8,0.32,c,65,4.2,28.9,30.9,0.7,37578,0.125,25.17758,-80.63424,9:08,9:13
FIMS_826,Dry,2026,TS7,,Rainwater Killifish ,,,,,2.8,0.29,c,65,4.2,28.9,30.9,0.7,37578,0.125,25.17758,-80.63424,9:08,9:13
FIMS_826,Dry,2026,TS7,,Rainwater Killifish ,,,,,2.1,0.11,c,65,4.2,28.9,30.9,0.7,37578,0.125,25.17758,-80.63424,9:08,9:13
FIMS_826,Dry,2026,TS7,,Rainwater Killifish ,,,,,3.3,0.45,c,65,4.2,28.9,30.9,0.7,37578,0.125,25.17758,-80.63424,9:08,9:13
FIMS_826,Dry,2026,TS7,,Rainwater Killifish ,,,,,2.8,0.25,c,65,4.2,28.9,30.9,0.7,37578,0.125,25.17758,-80.63424,9:08,9:13
FIMS_826,Dry,2026,TS7,,Rainwater Killifish ,,,,,2,0.09,c,65,4.2,28.9,30.9,0.7,37578,0.125,25.17758,-80.63424,9:08,9:13
FIMS_826,Dry,2026,TS7,,Rainwater Killifish ,,,,,2.6,0.18,c,65,4.2,28.9,30.9,0.7,37578,0.125,25.17758,-80.63424,9:08,9:13
FIMS_826,Dry,2026,TS7,,Rainwater Killifish ,,,,,3.2,0.39,c,65,4.2,28.9,30.9,0.7,37578,0.125,25.17758,-80.63424,9:08,9:13
FIMS_826,Dry,2026,TS7,,Rainwater Killifish ,,,,,3.4,0.47,c,65,4.2,28.9,30.9,0.7,37578,0.125,25.17758,-80.63424,9:08,9:13
FIMS_826,Dry,2026,TS7,,Rainwater Killifish ,,,,,2.8,0.26,c,65,4.2,28.9,30.9,0.7,37578,0.125,25.17758,-80.63424,9:08,9:13
FIMS_826,Dry,2026,TS7,,Rainwater Killifish ,,,,,3.4,0.44,c,65,4.2,28.9,30.9,0.7,37578,0.125,25.17758,-80.63424,9:08,9:13
FIMS_826,Dry,2026,TS7,,Rainwater Killifish ,,,,,2.1,0.13,c,65,4.2,28.9,30.9,0.7,37578,0.125,25.17758,-80.63424,9:08,9:13
FIMS_826,Dry,2026,TS7,,Rainwater Killifish ,,,,,3.3,0.51,c,65,4.2,28.9,30.9,0.7,37578,0.125,25.17758,-80.63424,9:08,9:13
FIMS_826,Dry,2026,TS7,,Rainwater Killifish ,,,,,3.2,0.42,c,65,4.2,28.9,30.9,0.7,37578,0.125,25.17758,-80.63424,9:08,9:13
FIMS_826,Dry,2026,TS7,,Rainwater Killifish ,,,,,2.9,0.37,c,65,4.2,28.9,30.9,0.7,37578,0.125,25.17758,-80.63424,9:08,9:13
FIMS_826,Dry,2026,TS7,,Rainwater Killifish ,,,,,3.1,0.39,c,65,4.2,28.9,30.9,0.7,37578,0.125,25.17758,-80.63424,9:08,9:13
FIMS_826,Dry,2026,TS7,,Rainwater Killifish ,,,,,2.8,0.29,c,65,4.2,28.9,30.9,0.7,37578,0.125,25.17758,-80.63424,9:08,9:13
FIMS_826,Dry,2026,TS7,,Rainwater Killifish ,,,,,3.5,0.5,c,65,4.2,28.9,30.9,0.7,37578,0.125,25.17758,-80.63424,9:08,9:13
FIMS_826,Dry,2026,TS7,,Rainwater Killifish ,,,,,3,0.36,c,65,4.2,28.9,30.9,0.7,37578,0.125,25.17758,-80.63424,9:08,9:13
FIMS_826,Dry,2026,TS7,,Rainwater Killifish ,,,,,2.7,0.27,c,65,4.2,28.9,30.9,0.7,37578,0.125,25.17758,-80.63424,9:08,9:13
FIMS_826,Dry,2026,TS7,,Rainwater Killifish ,,,,,2.7,0.24,c,65,4.2,28.9,30.9,0.7,37578,0.125,25.17758,-80.63424,9:08,9:13
FIMS_826,Dry,2026,TS7,,Rainwater Killifish ,,,,,2.8,0.26,c,65,4.2,28.9,30.9,0.7,37578,0.125,25.17758,-80.63424,9:08,9:13
FIMS_826,Dry,2026,TS7,,Rainwater Killifish ,,,,,2.7,0.21,c,65,4.2,28.9,30.9,0.7,37578,0.125,25.17758,-80.63424,9:08,9:13
FIMS_826,Dry,2026,TS7,,Rainwater Killifish ,,,,,2.6,0.21,c,65,4.2,28.9,30.9,0.7,37578,0.125,25.17758,-80.63424,9:08,9:13
FIMS_826,Dry,2026,TS7,,Rainwater Killifish ,,,,,2.4,0.14,c,65,4.2,28.9,30.9,0.7,37578,0.125,25.17758,-80.63424,9:08,9:13
FIMS_826,Dry,2026,TS7,,Rainwater Killifish ,,,,,2.9,0.23,c,65,4.2,28.9,30.9,0.7,37578,0.125,25.17758,-80.63424,9:08,9:13
FIMS_826,Dry,2026,TS7,,Rainwater Killifish ,,,,,2.8,0.28,c,65,4.2,28.9,30.9,0.7,37578,0.125,25.17758,-80.63424,9:08,9:13
FIMS_826,Dry,2026,TS7,,Rainwater Killifish ,,,,,2.4,0.14,c,65,4.2,28.9,30.9,0.7,37578,0.125,25.17758,-80.63424,9:08,9:13
FIMS_826,Dry,2026,TS7,,Rainwater Killifish ,,,,,3,0.18,c,65,4.2,28.9,30.9,0.7,37578,0.125,25.17758,-80.63424,9:08,9:13
FIMS_826,Dry,2026,TS7,,Rainwater Killifish ,,,,,2.1,0.1,c,65,4.2,28.9,30.9,0.7,37578,0.125,25.17758,-80.63424,9:08,9:13
FIMS_826,Dry,2026,TS7,,Rainwater Killifish ,,,,,2.2,0.08,c,65,4.2,28.9,30.9,0.7,37578,0.125,25.17758,-80.63424,9:08,9:13
FIMS_826,Dry,2026,TS7,,Rainwater Killifish ,,,,,2.6,0.2,c,65,4.2,28.9,30.9,0.7,37578,0.125,25.17758,-80.63424,9:08,9:13
FIMS_826,Dry,2026,TS7,,Rainwater Killifish ,,,,,2.2,0.12,c,65,4.2,28.9,30.9,0.7,37578,0.125,25.17758,-80.63424,9:08,9:13
FIMS_826,Dry,2026,TS7,,Rainwater Killifish ,,,,,2.4,0.14,c,65,4.2,28.9,30.9,0.7,37578,0.125,25.17758,-80.63424,9:08,9:13
FIMS_826,Dry,2026,TS7,,Rainwater Killifish (n=49),includes the n=40 listed,,,,,,c,65,4.2,28.9,30.9,0.7,37578,0.125,25.17758,-80.63424,9:08,9:13
FIMS_826,Dry,2026,TS7,,Goldspotted Killifish,,,,,4.5,1.5,c,65,4.2,28.9,30.9,0.7,37578,0.125,25.17758,-80.63424,9:08,9:13
FIMS_826,Dry,2026,TS7,,Goldspotted Killifish,,,,,3.9,1.01,c,65,4.2,28.9,30.9,0.7,37578,0.125,25.17758,-80.63424,9:08,9:13
FIMS_826,Dry,2026,TS7,,Goldspotted Killifish,,,,,3.9,0.99,c,65,4.2,28.9,30.9,0.7,37578,0.125,25.17758,-80.63424,9:08,9:13
FIMS_826,Dry,2026,TS7,,Goldspotted Killifish,,,,,3.5,0.8,c,65,4.2,28.9,30.9,0.7,37578,0.125,25.17758,-80.63424,9:08,9:13
FIMS_826,Dry,2026,TS7,,Goldspotted Killifish,,,,,3.7,1.07,c,65,4.2,28.9,30.9,0.7,37578,0.125,25.17758,-80.63424,9:08,9:13
FIMS_826,Dry,2026,TS7,,Goldspotted Killifish,,,,,3.5,0.81,c,65,4.2,28.9,30.9,0.7,37578,0.125,25.17758,-80.63424,9:08,9:13
FIMS_826,Dry,2026,TS7,,Goldspotted Killifish,,,,,3.4,0.61,c,65,4.2,28.9,30.9,0.7,37578,0.125,25.17758,-80.63424,9:08,9:13
FIMS_826,Dry,2026,TS7,,Goldspotted Killifish,,,,,3.7,0.93,c,65,4.2,28.9,30.9,0.7,37578,0.125,25.17758,-80.63424,9:08,9:13
FIMS_826,Dry,2026,TS7,,Goldspotted Killifish,,,,,3.6,0.74,c,65,4.2,28.9,30.9,0.7,37578,0.125,25.17758,-80.63424,9:08,9:13
FIMS_826,Dry,2026,TS7,,Goldspotted Killifish,,,,,3,0.81,c,65,4.2,28.9,30.9,0.7,37578,0.125,25.17758,-80.63424,9:08,9:13
FIMS_826,Dry,2026,TS7,,Goldspotted Killifish,,,,,3.2,0.64,c,65,4.2,28.9,30.9,0.7,37578,0.125,25.17758,-80.63424,9:08,9:13
FIMS_826,Dry,2026,TS7,,Goldspotted Killifish,,,,,3.3,0.57,c,65,4.2,28.9,30.9,0.7,37578,0.125,25.17758,-80.63424,9:08,9:13
FIMS_826,Dry,2026,TS7,,Goldspotted Killifish,,,,,3.3,0.59,c,65,4.2,28.9,30.9,0.7,37578,0.125,25.17758,-80.63424,9:08,9:13
FIMS_826,Dry,2026,TS7,,Goldspotted Killifish,,,,,3.3,0.64,c,65,4.2,28.9,30.9,0.7,37578,0.125,25.17758,-80.63424,9:08,9:13
FIMS_826,Dry,2026,TS7,,Goldspotted Killifish,,,,,3.4,0.59,c,65,4.2,28.9,30.9,0.7,37578,0.125,25.17758,-80.63424,9:08,9:13
FIMS_826,Dry,2026,TS7,,Goldspotted Killifish,,,,,3.2,0.49,c,65,4.2,28.9,30.9,0.7,37578,0.125,25.17758,-80.63424,9:08,9:13
FIMS_826,Dry,2026,TS7,,Goldspotted Killifish,,,,,3.1,0.69,c,65,4.2,28.9,30.9,0.7,37578,0.125,25.17758,-80.63424,9:08,9:13
FIMS_826,Dry,2026,TS7,,Goldspotted Killifish,,,,,3.4,0.57,c,65,4.2,28.9,30.9,0.7,37578,0.125,25.17758,-80.63424,9:08,9:13
FIMS_826,Dry,2026,TS7,,Goldspotted Killifish,,,,,3.2,0.48,c,65,4.2,28.9,30.9,0.7,37578,0.125,25.17758,-80.63424,9:08,9:13
FIMS_826,Dry,2026,TS7,,Goldspotted Killifish,,,,,3,0.47,c,65,4.2,28.9,30.9,0.7,37578,0.125,25.17758,-80.63424,9:08,9:13
FIMS_826,Dry,2026,TS7,,Goldspotted Killifish,,,,,3,0.55,c,65,4.2,28.9,30.9,0.7,37578,0.125,25.17758,-80.63424,9:08,9:13
FIMS_826,Dry,2026,TS7,,Goldspotted Killifish,,,,,3.2,0.52,c,65,4.2,28.9,30.9,0.7,37578,0.125,25.17758,-80.63424,9:08,9:13
FIMS_826,Dry,2026,TS7,,Goldspotted Killifish,,,,,3.2,0.32,c,65,4.2,28.9,30.9,0.7,37578,0.125,25.17758,-80.63424,9:08,9:13
FIMS_826,Dry,2026,TS7,,Goldspotted Killifish,,,,,3,0.47,c,65,4.2,28.9,30.9,0.7,37578,0.125,25.17758,-80.63424,9:08,9:13
FIMS_826,Dry,2026,TS7,,Goldspotted Killifish,,,,,3.2,0.42,c,65,4.2,28.9,30.9,0.7,37578,0.125,25.17758,-80.63424,9:08,9:13
FIMS_826,Dry,2026,TS7,,Goldspotted Killifish,,,,,3.1,0.42,c,65,4.2,28.9,30.9,0.7,37578,0.125,25.17758,-80.63424,9:08,9:13
FIMS_826,Dry,2026,TS7,,Goldspotted Killifish,,,,,3.1,0.4,c,65,4.2,28.9,30.9,0.7,37578,0.125,25.17758,-80.63424,9:08,9:13
FIMS_826,Dry,2026,TS7,,Goldspotted Killifish,,,,,3,0.52,c,65,4.2,28.9,30.9,0.7,37578,0.125,25.17758,-80.63424,9:08,9:13
FIMS_826,Dry,2026,TS7,,Goldspotted Killifish,,,,,3.3,0.53,c,65,4.2,28.9,30.9,0.7,37578,0.125,25.17758,-80.63424,9:08,9:13
FIMS_826,Dry,2026,TS7,,Goldspotted Killifish,,,,,3.1,0.37,c,65,4.2,28.9,30.9,0.7,37578,0.125,25.17758,-80.63424,9:08,9:13
FIMS_826,Dry,2026,TS7,,Goldspotted Killifish,,,,,3.1,0.4,c,65,4.2,28.9,30.9,0.7,37578,0.125,25.17758,-80.63424,9:08,9:13
FIMS_826,Dry,2026,TS7,,Goldspotted Killifish,,,,,3.1,0.5,c,65,4.2,28.9,30.9,0.7,37578,0.125,25.17758,-80.63424,9:08,9:13
FIMS_826,Dry,2026,TS7,,Goldspotted Killifish,,,,,2.7,0.38,c,65,4.2,28.9,30.9,0.7,37578,0.125,25.17758,-80.63424,9:08,9:13
FIMS_826,Dry,2026,TS7,,Goldspotted Killifish,,,,,3,0.53,c,65,4.2,28.9,30.9,0.7,37578,0.125,25.17758,-80.63424,9:08,9:13
FIMS_826,Dry,2026,TS7,,Goldspotted Killifish,,,,,2.9,0.52,c,65,4.2,28.9,30.9,0.7,37578,0.125,25.17758,-80.63424,9:08,9:13
FIMS_826,Dry,2026,TS7,,Goldspotted Killifish,,,,,2.7,0.31,c,65,4.2,28.9,30.9,0.7,37578,0.125,25.17758,-80.63424,9:08,9:13
FIMS_826,Dry,2026,TS7,,Goldspotted Killifish,,,,,2.8,0.29,c,65,4.2,28.9,30.9,0.7,37578,0.125,25.17758,-80.63424,9:08,9:13
FIMS_826,Dry,2026,TS7,,Goldspotted Killifish,,,,,3.1,0.43,c,65,4.2,28.9,30.9,0.7,37578,0.125,25.17758,-80.63424,9:08,9:13
FIMS_826,Dry,2026,TS7,,Goldspotted Killifish,,,,,2.6,0.27,c,65,4.2,28.9,30.9,0.7,37578,0.125,25.17758,-80.63424,9:08,9:13
FIMS_826,Dry,2026,TS7,,Goldspotted Killifish,,,,,2.9,0.41,c,65,4.2,28.9,30.9,0.7,37578,0.125,25.17758,-80.63424,9:08,9:13
FIMS_826,Dry,2026,TS7,,Goldspotted Killifish (n=95),includes the n=40 listed,,,,,,c,65,4.2,28.9,30.9,0.7,37578,0.125,25.17758,-80.63424,9:08,9:13
FIMS_826,Dry,2026,TS7,,Grass Shrimp (n=78),,,,,,,c,65,4.2,28.9,30.9,0.7,37578,0.125,25.17758,-80.63424,9:08,9:13
FIMS_827,Dry,2026,TS7,,Tidewater Mojarra,,,,,6.8,3.87,c,84,4.2,28.9,30.9,0.7,37578,0.125,25.17758,-80.63424,9:08,9:13
FIMS_827,Dry,2026,TS7,,Tidewater Mojarra,,,,,7.1,4,c,84,5.3,29.3,30.8,0.7,47502,0,25.17697,-80.64711,9:54,9:59
FIMS_827,Dry,2026,TS7,,Tidewater Mojarra,,,,,6.4,2.73,c,84,5.3,29.3,30.8,0.7,47502,0,25.17697,-80.64711,9:54,9:59
FIMS_827,Dry,2026,TS7,,Tidewater Mojarra,,,,,4.2,0.53,c,84,5.3,29.3,30.8,0.7,47502,0,25.17697,-80.64711,9:54,9:59
FIMS_827,Dry,2026,TS7,,Tidewater Mojarra,,,,,3.3,0.3,c,84,5.3,29.3,30.8,0.7,47502,0,25.17697,-80.64711,9:54,9:59
FIMS_827,Dry,2026,TS7,,Tidewater Mojarra,,,,,3.2,0.3,c,84,5.3,29.3,30.8,0.7,47502,0,25.17697,-80.64711,9:54,9:59
FIMS_827,Dry,2026,TS7,,Tidewater Mojarra,,,,,4,0.68,c,84,5.3,29.3,30.8,0.7,47502,0,25.17697,-80.64711,9:54,9:59
FIMS_827,Dry,2026,TS7,,Tidewater Mojarra,,,,,4.2,0.68,c,84,5.3,29.3,30.8,0.7,47502,0,25.17697,-80.64711,9:54,9:59
FIMS_827,Dry,2026,TS7,,Tidewater Mojarra,,,,,4.1,0.66,c,84,5.3,29.3,30.8,0.7,47502,0,25.17697,-80.64711,9:54,9:59
FIMS_827,Dry,2026,TS7,,Tidewater Mojarra,,,,,3.1,0.24,c,84,5.3,29.3,30.8,0.7,47502,0,25.17697,-80.64711,9:54,9:59
FIMS_827,Dry,2026,TS7,,Tidewater Mojarra,,,,,3.2,0.33,c,84,5.3,29.3,30.8,0.7,47502,0,25.17697,-80.64711,9:54,9:59
FIMS_827,Dry,2026,TS7,,Tidewater Mojarra,,,,,3,0.25,c,84,5.3,29.3,30.8,0.7,47502,0,25.17697,-80.64711,9:54,9:59
FIMS_827,Dry,2026,TS7,,Flagfin Mojarra,,,,,3.1,0.23,c,84,5.3,29.3,30.8,0.7,47502,0,25.17697,-80.64711,9:54,9:59
FIMS_827,Dry,2026,TS7,,Flagfin Mojarra,,,,,3.5,0.45,c,84,5.3,29.3,30.8,0.7,47502,0,25.17697,-80.64711,9:54,9:59
FIMS_827,Dry,2026,TS7,,Flagfin Mojarra,,,,,3,0.3,c,84,5.3,29.3,30.8,0.7,47502,0,25.17697,-80.64711,9:54,9:59
FIMS_827,Dry,2026,TS7,,Flagfin Mojarra,,,,,3,0.24,c,84,5.3,29.3,30.8,0.7,47502,0,25.17697,-80.64711,9:54,9:59
FIMS_827,Dry,2026,TS7,,Flagfin Mojarra,,,,,2.7,0.24,c,84,5.3,29.3,30.8,0.7,47502,0,25.17697,-80.64711,9:54,9:59
FIMS_827,Dry,2026,TS7,,Flagfin Mojarra,,,,,4.1,0.67,c,84,5.3,29.3,30.8,0.7,47502,0,25.17697,-80.64711,9:54,9:59
FIMS_827,Dry,2026,TS7,,Gulf Pipefish,,,,,7.4,0.32,c,84,5.3,29.3,30.8,0.7,47502,0,25.17697,-80.64711,9:54,9:59
FIMS_827,Dry,2026,TS7,,Gulf Pipefish,,,,,6.7,0.2,c,84,5.3,29.3,30.8,0.7,47502,0,25.17697,-80.64711,9:54,9:59
FIMS_827,Dry,2026,TS7,,Gulf Pipefish,,,,,8.5,0.43,c,84,5.3,29.3,30.8,0.7,47502,0,25.17697,-80.64711,9:54,9:59
FIMS_827,Dry,2026,TS7,,Gulf Pipefish,,,,,8.4,0.33,c,84,5.3,29.3,30.8,0.7,47502,0,25.17697,-80.64711,9:54,9:59
FIMS_827,Dry,2026,TS7,,Gulf Pipefish,,,,,8.3,0.31,c,84,5.3,29.3,30.8,0.7,47502,0,25.17697,-80.64711,9:54,9:59
FIMS_827,Dry,2026,TS7,,Gulf Pipefish,,,,,6.5,0.15,c,84,5.3,29.3,30.8,0.7,47502,0,25.17697,-80.64711,9:54,9:59
FIMS_827,Dry,2026,TS7,,Gulf Pipefish,,,,,6.6,0.18,c,84,5.3,29.3,30.8,0.7,47502,0,25.17697,-80.64711,9:54,9:59
FIMS_827,Dry,2026,TS7,,Gulf Pipefish,,,,,5.1,0.04,c,84,5.3,29.3,30.8,0.7,47502,0,25.17697,-80.64711,9:54,9:59
FIMS_827,Dry,2026,TS7,,Gulf Pipefish,,,,,6.9,0.2,c,84,5.3,29.3,30.8,0.7,47502,0,25.17697,-80.64711,9:54,9:59
FIMS_827,Dry,2026,TS7,,Chain Pipefish,,,,,12.7,0.46,c,84,5.3,29.3,30.8,0.7,47502,0,25.17697,-80.64711,9:54,9:59
FIMS_827,Dry,2026,TS7,,Grass Shrimp (n=16),,,,,,,c,84,5.3,29.3,30.8,0.7,47502,0,25.17697,-80.64711,9:54,9:59
FIMS_827,Dry,2026,TS7,,Dwarf Seahorse,,,,,2.5,0.07,c,84,5.3,29.3,30.8,0.7,47502,0,25.17697,-80.64711,9:54,9:59
FIMS_827,Dry,2026,TS7,,Dwarf Seahorse,,,,,2.3,0.06,c,84,5.3,29.3,30.8,0.7,47502,0,25.17697,-80.64711,9:54,9:59
FIMS_827,Dry,2026,TS7,,Dwarf Seahorse,,,,,2.1,0.03,c,84,5.3,29.3,30.8,0.7,47502,0,25.17697,-80.64711,9:54,9:59
FIMS_827,Dry,2026,TS7,,Dwarf Seahorse,,,,,1.7,0.02,c,84,5.3,29.3,30.8,0.7,47502,0,25.17697,-80.64711,9:54,9:59
FIMS_827,Dry,2026,TS7,,Dwarf Seahorse,,,,,1.5,0.02,c,84,5.3,29.3,30.8,0.7,47502,0,25.17697,-80.64711,9:54,9:59
FIMS_827,Dry,2026,TS7,,Dwarf Seahorse,,,,,2.1,0.03,c,84,5.3,29.3,30.8,0.7,47502,0,25.17697,-80.64711,9:54,9:59
FIMS_827,Dry,2026,TS7,,Dwarf Seahorse,,,,,3,0.07,c,84,5.3,29.3,30.8,0.7,47502,0,25.17697,-80.64711,9:54,9:59
FIMS_827,Dry,2026,TS7,,Dwarf Seahorse,,,,,2.4,0.07,c,84,5.3,29.3,30.8,0.7,47502,0,25.17697,-80.64711,9:54,9:59
FIMS_827,Dry,2026,TS7,,Dwarf Seahorse,,,,,2.3,0.06,c,84,5.3,29.3,30.8,0.7,47502,0,25.17697,-80.64711,9:54,9:59
FIMS_827,Dry,2026,TS7,,Dwarf Seahorse,,,,,2.4,0.07,c,84,5.3,29.3,30.8,0.7,47502,0,25.17697,-80.64711,9:54,9:59
FIMS_827,Dry,2026,TS7,,Dwarf Seahorse,,,,,1.5,0.02,c,84,5.3,29.3,30.8,0.7,47502,0,25.17697,-80.64711,9:54,9:59
FIMS_827,Dry,2026,TS7,,Rainwater Killifish ,,,,,2.2,0.08,c,84,5.3,29.3,30.8,0.7,47502,0,25.17697,-80.64711,9:54,9:59
FIMS_827,Dry,2026,TS7,,Rainwater Killifish ,,,,,2.3,0.11,c,84,5.3,29.3,30.8,0.7,47502,0,25.17697,-80.64711,9:54,9:59
FIMS_827,Dry,2026,TS7,,Rainwater Killifish ,,,,,2.2,0.09,c,84,5.3,29.3,30.8,0.7,47502,0,25.17697,-80.64711,9:54,9:59
FIMS_827,Dry,2026,TS7,,Rainwater Killifish ,,,,,2.8,0.21,c,84,5.3,29.3,30.8,0.7,47502,0,25.17697,-80.64711,9:54,9:59
FIMS_827,Dry,2026,TS7,,Rainwater Killifish ,,,,,2.4,0.17,c,84,5.3,29.3,30.8,0.7,47502,0,25.17697,-80.64711,9:54,9:59
FIMS_827,Dry,2026,TS7,,Rainwater Killifish ,,,,,2.4,0.13,c,84,5.3,29.3,30.8,0.7,47502,0,25.17697,-80.64711,9:54,9:59
FIMS_827,Dry,2026,TS7,,Rainwater Killifish ,,,,,2.8,0.21,c,84,5.3,29.3,30.8,0.7,47502,0,25.17697,-80.64711,9:54,9:59
FIMS_827,Dry,2026,TS7,,Rainwater Killifish ,,,,,1.7,0.06,c,84,5.3,29.3,30.8,0.7,47502,0,25.17697,-80.64711,9:54,9:59
FIMS_827,Dry,2026,TS7,,Gulf Toadfish,,,,,1.9,0.08,c,84,5.3,29.3,30.8,0.7,47502,0,25.17697,-80.64711,9:54,9:59
FIMS_827,Dry,2026,TS7,,Clown Goby,,,,,4.7,0.67,c,84,5.3,29.3,30.8,0.7,47502,0,25.17697,-80.64711,9:54,9:59
FIMS_827,Dry,2026,TS7,,Clown Goby,,,,,4,0.55,c,84,5.3,29.3,30.8,0.7,47502,0,25.17697,-80.64711,9:54,9:59
FIMS_827,Dry,2026,TS7,,Clown Goby,,,,,4.7,0.62,c,84,5.3,29.3,30.8,0.7,47502,0,25.17697,-80.64711,9:54,9:59
FIMS_827,Dry,2026,TS7,,Clown Goby,,,,,4.5,0.43,c,84,5.3,29.3,30.8,0.7,47502,0,25.17697,-80.64711,9:54,9:59
FIMS_827,Dry,2026,TS7,,Clown Goby,,,,,3.4,0.28,c,84,5.3,29.3,30.8,0.7,47502,0,25.17697,-80.64711,9:54,9:59
FIMS_827,Dry,2026,TS7,,Clown Goby,,,,,3.3,0.25,c,84,5.3,29.3,30.8,0.7,47502,0,25.17697,-80.64711,9:54,9:59
FIMS_827,Dry,2026,TS7,,Clown Goby,,,,,4.2,0.43,c,84,5.3,29.3,30.8,0.7,47502,0,25.17697,-80.64711,9:54,9:59
FIMS_827,Dry,2026,TS7,,Clown Goby,,,,,5.1,0.78,c,84,5.3,29.3,30.8,0.7,47502,0,25.17697,-80.64711,9:54,9:59
FIMS_827,Dry,2026,TS7,,Clown Goby,,,,,2.7,0.16,c,84,5.3,29.3,30.8,0.7,47502,0,25.17697,-80.64711,9:54,9:59
FIMS_827,Dry,2026,TS7,,Clown Goby,,,,,2.5,0.1,c,84,5.3,29.3,30.8,0.7,47502,0,25.17697,-80.64711,9:54,9:59
FIMS_827,Dry,2026,TS7,,Clown Goby,,,,,3.2,0.21,c,84,5.3,29.3,30.8,0.7,47502,0,25.17697,-80.64711,9:54,9:59
FIMS_827,Dry,2026,TS7,,Clown Goby,,,,,2.6,0.12,c,84,5.3,29.3,30.8,0.7,47502,0,25.17697,-80.64711,9:54,9:59
FIMS_827,Dry,2026,TS7,,Clown Goby,,,,,2.6,0.11,c,84,5.3,29.3,30.8,0.7,47502,0,25.17697,-80.64711,9:54,9:59
FIMS_827,Dry,2026,TS7,,Clown Goby,,,,,2.2,0.06,c,84,5.3,29.3,30.8,0.7,47502,0,25.17697,-80.64711,9:54,9:59
FIMS_827,Dry,2026,TS7,,Clown Goby,,,,,2.6,0.13,c,84,5.3,29.3,30.8,0.7,47502,0,25.17697,-80.64711,9:54,9:59
FIMS_827,Dry,2026,TS7,,Clown Goby,,,,,1.7,0.03,c,84,5.3,29.3,30.8,0.7,47502,0,25.17697,-80.64711,9:54,9:59
FIMS_827,Dry,2026,TS7,,Clown Goby,,,,,2.4,0.1,c,84,5.3,29.3,30.8,0.7,47502,0,25.17697,-80.64711,9:54,9:59
FIMS_827,Dry,2026,TS7,,Clown Goby,,,,,2.3,0.07,c,84,5.3,29.3,30.8,0.7,47502,0,25.17697,-80.64711,9:54,9:59
FIMS_827,Dry,2026,TS7,,Clown Goby,,,,,2.4,0.08,c,84,5.3,29.3,30.8,0.7,47502,0,25.17697,-80.64711,9:54,9:59
FIMS_827,Dry,2026,TS7,,Clown Goby,,,,,1.6,0.02,c,84,5.3,29.3,30.8,0.7,47502,0,25.17697,-80.64711,9:54,9:59
FIMS_827,Dry,2026,TS7,,Clown Goby,,,,,2.1,0.07,c,84,5.3,29.3,30.8,0.7,47502,0,25.17697,-80.64711,9:54,9:59
FIMS_827,Dry,2026,TS7,,Clown Goby,,,,,2.4,0.07,c,84,5.3,29.3,30.8,0.7,47502,0,25.17697,-80.64711,9:54,9:59
FIMS_827,Dry,2026,TS7,,Clown Goby,,,,,2.3,0.1,c,84,5.3,29.3,30.8,0.7,47502,0,25.17697,-80.64711,9:54,9:59
FIMS_827,Dry,2026,TS7,,Clown Goby,,,,,3.8,0.33,c,84,5.3,29.3,30.8,0.7,47502,0,25.17697,-80.64711,9:54,9:59
FIMS_827,Dry,2026,TS7,,Goldspotted Killifish,,,,,1.7,0.06,c,84,5.3,29.3,30.8,0.7,47502,0,25.17697,-80.64711,9:54,9:59
FIMS_827,Dry,2026,TS7,,Goldspotted Killifish,,,,,2.2,0.17,c,84,5.3,29.3,30.8,0.7,47502,0,25.17697,-80.64711,9:54,9:59
FIMS_827,Dry,2026,TS7,,Goldspotted Killifish,,,,,2.6,0.24,c,84,5.3,29.3,30.8,0.7,47502,0,25.17697,-80.64711,9:54,9:59
FIMS_827,Dry,2026,TS7,,Goldspotted Killifish,,,,,1.8,0.08,c,84,5.3,29.3,30.8,0.7,47502,0,25.17697,-80.64711,9:54,9:59
FIMS_827,Dry,2026,TS7,,Goldspotted Killifish,,,,,1.6,0.06,c,84,5.3,29.3,30.8,0.7,47502,0,25.17697,-80.64711,9:54,9:59
FIMS_827,Dry,2026,TS7,,Goldspotted Killifish,,,,,2.9,0.3,c,84,5.3,29.3,30.8,0.7,47502,0,25.17697,-80.64711,9:54,9:59
FIMS_827,Dry,2026,TS7,,Goldspotted Killifish,,,,,3,0.4,c,84,5.3,29.3,30.8,0.7,47502,0,25.17697,-80.64711,9:54,9:59
FIMS_827,Dry,2026,TS7,,Goldspotted Killifish,,,,,2.3,0.13,c,84,5.3,29.3,30.8,0.7,47502,0,25.17697,-80.64711,9:54,9:59
FIMS_827,Dry,2026,TS7,,Goldspotted Killifish,,,,,2.9,0.28,c,84,5.3,29.3,30.8,0.7,47502,0,25.17697,-80.64711,9:54,9:59
FIMS_827,Dry,2026,TS7,,Goldspotted Killifish,,,,,3,0.27,c,84,5.3,29.3,30.8,0.7,47502,0,25.17697,-80.64711,9:54,9:59
FIMS_827,Dry,2026,TS7,,Goldspotted Killifish,,,,,2.6,0.23,c,84,5.3,29.3,30.8,0.7,47502,0,25.17697,-80.64711,9:54,9:59
FIMS_827,Dry,2026,TS7,,Goldspotted Killifish,,,,,2.5,0.23,c,84,5.3,29.3,30.8,0.7,47502,0,25.17697,-80.64711,9:54,9:59
FIMS_827,Dry,2026,TS7,,Goldspotted Killifish,,,,,2.8,0.31,c,84,5.3,29.3,30.8,0.7,47502,0,25.17697,-80.64711,9:54,9:59
FIMS_827,Dry,2026,TS7,,Goldspotted Killifish,,,,,2.2,0.13,c,84,5.3,29.3,30.8,0.7,47502,0,25.17697,-80.64711,9:54,9:59
FIMS_827,Dry,2026,TS7,,Goldspotted Killifish,,,,,2.1,0.12,c,84,5.3,29.3,30.8,0.7,47502,0,25.17697,-80.64711,9:54,9:59
FIMS_827,Dry,2026,TS7,,Goldspotted Killifish,,,,,1.9,0.09,c,84,5.3,29.3,30.8,0.7,47502,0,25.17697,-80.64711,9:54,9:59
FIMS_827,Dry,2026,TS7,,Goldspotted Killifish,,,,,2.5,0.23,c,84,5.3,29.3,30.8,0.7,47502,0,25.17697,-80.64711,9:54,9:59
FIMS_827,Dry,2026,TS7,,Goldspotted Killifish,,,,,2,0.1,c,84,5.3,29.3,30.8,0.7,47502,0,25.17697,-80.64711,9:54,9:59
FIMS_827,Dry,2026,TS7,,Goldspotted Killifish,,,,,1.8,0.07,c,84,5.3,29.3,30.8,0.7,47502,0,25.17697,-80.64711,9:54,9:59
FIMS_827,Dry,2026,TS7,,Goldspotted Killifish,,,,,2.3,0.18,c,84,5.3,29.3,30.8,0.7,47502,0,25.17697,-80.64711,9:54,9:59
FIMS_827,Dry,2026,TS7,,Goldspotted Killifish,,,,,2.1,0.08,c,84,5.3,29.3,30.8,0.7,47502,0,25.17697,-80.64711,9:54,9:59
FIMS_827,Dry,2026,TS7,,Goldspotted Killifish,,,,,2.1,0.11,c,84,5.3,29.3,30.8,0.7,47502,0,25.17697,-80.64711,9:54,9:59
FIMS_827,Dry,2026,TS7,,Goldspotted Killifish,,,,,2.3,0.17,c,84,5.3,29.3,30.8,0.7,47502,0,25.17697,-80.64711,9:54,9:59
FIMS_827,Dry,2026,TS7,,Goldspotted Killifish,,,,,2.1,0.12,c,84,5.3,29.3,30.8,0.7,47502,0,25.17697,-80.64711,9:54,9:59
FIMS_827,Dry,2026,TS7,,Goldspotted Killifish,,,,,1.6,0.06,c,84,5.3,29.3,30.8,0.7,47502,0,25.17697,-80.64711,9:54,9:59
FIMS_827,Dry,2026,TS7,,Goldspotted Killifish,,,,,2.1,0.12,c,84,5.3,29.3,30.8,0.7,47502,0,25.17697,-80.64711,9:54,9:59
FIMS_827,Dry,2026,TS7,,Goldspotted Killifish,,,,,1.9,0.09,c,84,5.3,29.3,30.8,0.7,47502,0,25.17697,-80.64711,9:54,9:59
FIMS_827,Dry,2026,TS7,,Goldspotted Killifish,,,,,2.1,0.12,c,84,5.3,29.3,30.8,0.7,47502,0,25.17697,-80.64711,9:54,9:59
FIMS_827,Dry,2026,TS7,,Goldspotted Killifish,,,,,1.7,0.06,c,84,5.3,29.3,30.8,0.7,47502,0,25.17697,-80.64711,9:54,9:59
FIMS_827,Dry,2026,TS7,,Goldspotted Killifish,,,,,1.6,0.05,c,84,5.3,29.3,30.8,0.7,47502,0,25.17697,-80.64711,9:54,9:59
FIMS_827,Dry,2026,TS7,,Goldspotted Killifish,,,,,1.9,0.1,c,84,5.3,29.3,30.8,0.7,47502,0,25.17697,-80.64711,9:54,9:59
FIMS_827,Dry,2026,TS7,,Goldspotted Killifish,,,,,2.1,0.15,c,84,5.3,29.3,30.8,0.7,47502,0,25.17697,-80.64711,9:54,9:59
FIMS_827,Dry,2026,TS7,,Goldspotted Killifish,,,,,2.2,0.14,c,84,5.3,29.3,30.8,0.7,47502,0,25.17697,-80.64711,9:54,9:59
FIMS_827,Dry,2026,TS7,,Goldspotted Killifish,,,,,1.8,0.1,c,84,5.3,29.3,30.8,0.7,47502,0,25.17697,-80.64711,9:54,9:59
FIMS_827,Dry,2026,TS7,,Goldspotted Killifish,,,,,2.2,0.13,c,84,5.3,29.3,30.8,0.7,47502,0,25.17697,-80.64711,9:54,9:59
FIMS_827,Dry,2026,TS7,,Goldspotted Killifish,,,,,2.5,0.2,c,84,5.3,29.3,30.8,0.7,47502,0,25.17697,-80.64711,9:54,9:59
FIMS_827,Dry,2026,TS7,,Goldspotted Killifish,,,,,2.5,0.22,c,84,5.3,29.3,30.8,0.7,47502,0,25.17697,-80.64711,9:54,9:59
FIMS_827,Dry,2026,TS7,,Goldspotted Killifish,,,,,2,0.07,c,84,5.3,29.3,30.8,0.7,47502,0,25.17697,-80.64711,9:54,9:59
FIMS_827,Dry,2026,TS7,,Goldspotted Killifish,,,,,2.1,0.07,c,84,5.3,29.3,30.8,0.7,47502,0,25.17697,-80.64711,9:54,9:59
FIMS_827,Dry,2026,TS7,,Goldspotted Killifish,,,,,2.2,0.11,c,84,5.3,29.3,30.8,0.7,47502,0,25.17697,-80.64711,9:54,9:59
FIMS_827,Dry,2026,TS7,,Goldspotted Killifish (n=91),includes the n=40 listed,,,,,,c,84,5.3,29.3,30.8,0.7,47502,0,25.17697,-80.64711,9:54,9:59
FIMS_828,Dry,2026,TS7,,Mangrove  Snapper,,,,18.4,23,159,c,92,5.3,29.3,30.8,0.7,47502,0,25.17697,-80.64711,9:54,9:59
FIMS_828,Dry,2026,TS7,,Inland Silverside,,,,,8.4,2.43,c,92,5.8,29.6,30.6,0.8,47247,0.75,25.18928,-80.64673,10:23,10:28
FIMS_828,Dry,2026,TS7,,Inland Silverside,,,,,5.8,1.09,c,92,5.8,29.6,30.6,0.8,47247,0.75,25.18928,-80.64673,10:23,10:28
FIMS_828,Dry,2026,TS7,,Inland Silverside,,,,,5.5,1,c,92,5.8,29.6,30.6,0.8,47247,0.75,25.18928,-80.64673,10:23,10:28
FIMS_828,Dry,2026,TS7,,Inland Silverside,,,,,5.7,1.12,c,92,5.8,29.6,30.6,0.8,47247,0.75,25.18928,-80.64673,10:23,10:28
FIMS_828,Dry,2026,TS7,,Inland Silverside,,,,,5.1,0.75,c,92,5.8,29.6,30.6,0.8,47247,0.75,25.18928,-80.64673,10:23,10:28
FIMS_828,Dry,2026,TS7,,Inland Silverside,,,,,4.5,0.55,c,92,5.8,29.6,30.6,0.8,47247,0.75,25.18928,-80.64673,10:23,10:28
FIMS_828,Dry,2026,TS7,,Inland Silverside,,,,,3.6,0.28,c,92,5.8,29.6,30.6,0.8,47247,0.75,25.18928,-80.64673,10:23,10:28
FIMS_828,Dry,2026,TS7,,Tidewater Mojarra,,,,,3.2,0.36,c,92,5.8,29.6,30.6,0.8,47247,0.75,25.18928,-80.64673,10:23,10:28
FIMS_828,Dry,2026,TS7,,Redfin Needlefish,,,,,4.3,0.13,c,92,5.8,29.6,30.6,0.8,47247,0.75,25.18928,-80.64673,10:23,10:28
FIMS_828,Dry,2026,TS7,,Rainwater Killifish ,,,,,3.5,0.45,c,92,5.8,29.6,30.6,0.8,47247,0.75,25.18928,-80.64673,10:23,10:28
FIMS_828,Dry,2026,TS7,,Gulf Pipefish,,,,,7.5,0.21,c,92,5.8,29.6,30.6,0.8,47247,0.75,25.18928,-80.64673,10:23,10:28
FIMS_828,Dry,2026,TS7,,Gulf Pipefish,,,,,5.4,0.08,c,92,5.8,29.6,30.6,0.8,47247,0.75,25.18928,-80.64673,10:23,10:28
FIMS_828,Dry,2026,TS7,,Gulf Pipefish,,,,,6.7,0.19,c,92,5.8,29.6,30.6,0.8,47247,0.75,25.18928,-80.64673,10:23,10:28
FIMS_828,Dry,2026,TS7,,Gulf Pipefish,,,,,6.1,0.15,c,92,5.8,29.6,30.6,0.8,47247,0.75,25.18928,-80.64673,10:23,10:28
FIMS_828,Dry,2026,TS7,,Gulf Pipefish,,,,,6.7,0.2,c,92,5.8,29.6,30.6,0.8,47247,0.75,25.18928,-80.64673,10:23,10:28
FIMS_828,Dry,2026,TS7,,Gulf Pipefish,,,,,5.6,0.05,c,92,5.8,29.6,30.6,0.8,47247,0.75,25.18928,-80.64673,10:23,10:28
FIMS_828,Dry,2026,TS7,,Goldspotted Killifish,,,,,1.9,0.13,c,92,5.8,29.6,30.6,0.8,47247,0.75,25.18928,-80.64673,10:23,10:28
FIMS_828,Dry,2026,TS7,,Goldspotted Killifish,,,,,1.4,0.04,c,92,5.8,29.6,30.6,0.8,47247,0.75,25.18928,-80.64673,10:23,10:28
FIMS_828,Dry,2026,TS7,,Goldspotted Killifish,,,,,1.8,0.06,c,92,5.8,29.6,30.6,0.8,47247,0.75,25.18928,-80.64673,10:23,10:28
FIMS_828,Dry,2026,TS7,,Goldspotted Killifish,,,,,1.5,0.03,c,92,5.8,29.6,30.6,0.8,47247,0.75,25.18928,-80.64673,10:23,10:28
FIMS_828,Dry,2026,TS7,,Crested Goby,,,,,6.4,3.14,c,92,5.8,29.6,30.6,0.8,47247,0.75,25.18928,-80.64673,10:23,10:28
FIMS_828,Dry,2026,TS7,,Crested Goby,,,,,4.2,1.11,c,92,5.8,29.6,30.6,0.8,47247,0.75,25.18928,-80.64673,10:23,10:28
FIMS_828,Dry,2026,TS7,,Crested Goby,,,,,5,1.55,c,92,5.8,29.6,30.6,0.8,47247,0.75,25.18928,-80.64673,10:23,10:28
FIMS_828,Dry,2026,TS7,,Clown Goby,,,,,4,0.38,c,92,5.8,29.6,30.6,0.8,47247,0.75,25.18928,-80.64673,10:23,10:28
FIMS_828,Dry,2026,TS7,,Clown Goby,,,,,4,0.41,c,92,5.8,29.6,30.6,0.8,47247,0.75,25.18928,-80.64673,10:23,10:28
FIMS_828,Dry,2026,TS7,,Clown Goby,,,,,4,0.41,c,92,5.8,29.6,30.6,0.8,47247,0.75,25.18928,-80.64673,10:23,10:28
FIMS_828,Dry,2026,TS7,,Clown Goby,,,,,3.3,0.27,c,92,5.8,29.6,30.6,0.8,47247,0.75,25.18928,-80.64673,10:23,10:28
FIMS_828,Dry,2026,TS7,,Clown Goby,,,,,3.6,0.3,c,92,5.8,29.6,30.6,0.8,47247,0.75,25.18928,-80.64673,10:23,10:28
FIMS_828,Dry,2026,TS7,,Clown Goby,,,,,3.7,0.32,c,92,5.8,29.6,30.6,0.8,47247,0.75,25.18928,-80.64673,10:23,10:28
FIMS_828,Dry,2026,TS7,,Clown Goby,,,,,3.5,0.23,c,92,5.8,29.6,30.6,0.8,47247,0.75,25.18928,-80.64673,10:23,10:28
FIMS_828,Dry,2026,TS7,,Clown Goby,,,,,3,0.15,c,92,5.8,29.6,30.6,0.8,47247,0.75,25.18928,-80.64673,10:23,10:28
FIMS_828,Dry,2026,TS7,,Clown Goby,,,,,2.5,0.11,c,92,5.8,29.6,30.6,0.8,47247,0.75,25.18928,-80.64673,10:23,10:28
FIMS_828,Dry,2026,TS7,,Clown Goby,,,,,2,0.03,c,92,5.8,29.6,30.6,0.8,47247,0.75,25.18928,-80.64673,10:23,10:28
FIMS_828,Dry,2026,TS7,,Clown Goby,,,,,2.3,0.07,c,92,5.8,29.6,30.6,0.8,47247,0.75,25.18928,-80.64673,10:23,10:28
FIMS_828,Dry,2026,TS7,,Clown Goby,,,,,1.9,0.04,c,92,5.8,29.6,30.6,0.8,47247,0.75,25.18928,-80.64673,10:23,10:28
FIMS_828,Dry,2026,TS7,,Clown Goby,,,,,3.1,0.26,c,92,5.8,29.6,30.6,0.8,47247,0.75,25.18928,-80.64673,10:23,10:28
FIMS_828,Dry,2026,TS7,,Clown Goby,,,,,1.4,0.02,c,92,5.8,29.6,30.6,0.8,47247,0.75,25.18928,-80.64673,10:23,10:28
FIMS_828,Dry,2026,TS7,,Grass Shrimp (n=11),,,,,,,c,92,5.8,29.6,30.6,0.8,47247,0.75,25.18928,-80.64673,10:23,10:28
FIMS_828,Dry,2026,TS7,,Dwarf Seahorse,,,,,1.5,0.02,c,92,5.8,29.6,30.6,0.8,47247,0.75,25.18928,-80.64673,10:23,10:28
FIMS_829,Dry,2026,TS7,,Inland Silverside,,,,,14.4,14.05,c,86,5.8,29.6,30.6,0.8,47247,0.75,25.18928,-80.64673,10:23,10:28
FIMS_829,Dry,2026,TS7,,Inland Silverside,,,,,9.2,3.42,c,86,5.4,30,32.9,0.6,50361,0.5,25.1979,-80.61876,11:20,11:25
FIMS_829,Dry,2026,TS7,,Inland Silverside,,,,,9.6,3.82,c,86,5.4,30,32.9,0.6,50361,0.5,25.1979,-80.61876,12:20,12:25
FIMS_829,Dry,2026,TS7,,Inland Silverside,,,,,9.4,3.87,c,86,5.4,30,32.9,0.6,50361,0.5,25.1979,-80.61876,13:20,13:25
FIMS_829,Dry,2026,TS7,,Inland Silverside,,,,,9.7,4.1,c,86,5.4,30,32.9,0.6,50361,0.5,25.1979,-80.61876,14:20,14:25
FIMS_829,Dry,2026,TS7,,Inland Silverside,,,,,8.4,2.76,c,86,5.4,30,32.9,0.6,50361,0.5,25.1979,-80.61876,15:20,15:25
FIMS_829,Dry,2026,TS7,,Inland Silverside,,,,,9.5,3.95,c,86,5.4,30,32.9,0.6,50361,0.5,25.1979,-80.61876,16:20,16:25
FIMS_829,Dry,2026,TS7,,Inland Silverside,,,,,9.2,3.7,c,86,5.4,30,32.9,0.6,50361,0.5,25.1979,-80.61876,17:20,17:25
FIMS_829,Dry,2026,TS7,,Inland Silverside,,,,,8,2.26,c,86,5.4,30,32.9,0.6,50361,0.5,25.1979,-80.61876,18:20,18:25
FIMS_829,Dry,2026,TS7,,Inland Silverside,,,,,8.6,2.8,c,86,5.4,30,32.9,0.6,50361,0.5,25.1979,-80.61876,19:20,19:25
FIMS_829,Dry,2026,TS7,,Inland Silverside,,,,,8,2.25,c,86,5.4,30,32.9,0.6,50361,0.5,25.1979,-80.61876,20:20,20:25
FIMS_829,Dry,2026,TS7,,Inland Silverside,,,,,8.2,2.58,c,86,5.4,30,32.9,0.6,50361,0.5,25.1979,-80.61876,21:20,21:25
FIMS_829,Dry,2026,TS7,,Inland Silverside,,,,,7.2,1.61,c,86,5.4,30,32.9,0.6,50361,0.5,25.1979,-80.61876,22:20,22:25
FIMS_829,Dry,2026,TS7,,Inland Silverside,,,,,7.1,1.61,c,86,5.4,30,32.9,0.6,50361,0.5,25.1979,-80.61876,23:20,23:25
FIMS_829,Dry,2026,TS7,,Inland Silverside,,,,,8,2.19,c,86,5.4,30,32.9,0.6,50361,0.5,25.1979,-80.61876,0:20,0:25
FIMS_829,Dry,2026,TS7,,Inland Silverside,,,,,8.3,2.5,c,86,5.4,30,32.9,0.6,50361,0.5,25.1979,-80.61876,1:20,1:25
FIMS_829,Dry,2026,TS7,,Redfin Needlefish,,,,,9.7,1.05,c,86,5.4,30,32.9,0.6,50361,0.5,25.1979,-80.61876,2:20,2:25
FIMS_829,Dry,2026,TS7,,Redfin Needlefish,,,,,9.5,1.03,c,86,5.4,30,32.9,0.6,50361,0.5,25.1979,-80.61876,3:20,3:25
FIMS_829,Dry,2026,TS7,,Dwarf Seahorse,,,,,1.9,0.18,c,86,5.4,30,32.9,0.6,50361,0.5,25.1979,-80.61876,4:20,4:25
FIMS_829,Dry,2026,TS7,,Dwarf Seahorse,,,,,2.6,0.9,c,86,5.4,30,32.9,0.6,50361,0.5,25.1979,-80.61876,5:20,5:25
FIMS_829,Dry,2026,TS7,,Dwarf Seahorse,,,,,2.2,0.09,c,86,5.4,30,32.9,0.6,50361,0.5,25.1979,-80.61876,6:20,6:25
FIMS_829,Dry,2026,TS7,,Dwarf Seahorse,,,,,3.5,0.13,c,86,5.4,30,32.9,0.6,50361,0.5,25.1979,-80.61876,7:20,7:25
FIMS_829,Dry,2026,TS7,,Dwarf Seahorse,,,,,2.6,0.064,c,86,5.4,30,32.9,0.6,50361,0.5,25.1979,-80.61876,8:20,8:25
FIMS_829,Dry,2026,TS7,,Dwarf Seahorse,,,,,2.2,3,c,86,5.4,30,32.9,0.6,50361,0.5,25.1979,-80.61876,9:20,9:25
FIMS_829,Dry,2026,TS7,,Clown Goby,,,,,2.6,0.08,c,86,5.4,30,32.9,0.6,50361,0.5,25.1979,-80.61876,10:20,10:25
FIMS_829,Dry,2026,TS7,,Clown Goby,,,,,3.5,0.27,c,86,5.4,30,32.9,0.6,50361,0.5,25.1979,-80.61876,11:20,11:25
FIMS_829,Dry,2026,TS7,,Clown Goby,,,,,2.6,0.13,c,86,5.4,30,32.9,0.6,50361,0.5,25.1979,-80.61876,12:20,12:25
FIMS_829,Dry,2026,TS7,,Clown Goby,,,,,3.5,0.28,c,86,5.4,30,32.9,0.6,50361,0.5,25.1979,-80.61876,13:20,13:25
FIMS_829,Dry,2026,TS7,,Clown Goby,,,,,3.1,0.19,c,86,5.4,30,32.9,0.6,50361,0.5,25.1979,-80.61876,14:20,14:25
FIMS_829,Dry,2026,TS7,,Clown Goby,,,,,2.5,0.08,c,86,5.4,30,32.9,0.6,50361,0.5,25.1979,-80.61876,15:20,15:25
FIMS_829,Dry,2026,TS7,,Clown Goby,,,,,2.6,0.14,c,86,5.4,30,32.9,0.6,50361,0.5,25.1979,-80.61876,16:20,16:25
FIMS_829,Dry,2026,TS7,,Clown Goby,,,,,2.3,0.07,c,86,5.4,30,32.9,0.6,50361,0.5,25.1979,-80.61876,17:20,17:25
FIMS_829,Dry,2026,TS7,,Clown Goby,,,,,2.1,0.06,c,86,5.4,30,32.9,0.6,50361,0.5,25.1979,-80.61876,18:20,18:25
FIMS_829,Dry,2026,TS7,,Clown Goby,,,,,1.2,0.01,c,86,5.4,30,32.9,0.6,50361,0.5,25.1979,-80.61876,19:20,19:25
FIMS_829,Dry,2026,TS7,,Clown Goby,,,,,2.5,0.13,c,86,5.4,30,32.9,0.6,50361,0.5,25.1979,-80.61876,20:20,20:25
FIMS_829,Dry,2026,TS7,,Clown Goby,,,,,3.2,0.2,c,86,5.4,30,32.9,0.6,50361,0.5,25.1979,-80.61876,21:20,21:25
FIMS_829,Dry,2026,TS7,,Crested Goby,,,,,4.6,0.66,c,86,5.4,30,32.9,0.6,50361,0.5,25.1979,-80.61876,22:20,22:25
FIMS_829,Dry,2026,TS7,,Gulf Pipefish,,,,,6.2,0.11,c,86,5.4,30,32.9,0.6,50361,0.5,25.1979,-80.61876,23:20,23:25
FIMS_829,Dry,2026,TS7,,Tidewater Mojarra,,,,,8.4,6.68,c,86,5.4,30,32.9,0.6,50361,0.5,25.1979,-80.61876,0:20,0:25
FIMS_829,Dry,2026,TS7,,Tidewater Mojarra,,,,,8,7.12,c,86,5.4,30,32.9,0.6,50361,0.5,25.1979,-80.61876,1:20,1:25
FIMS_829,Dry,2026,TS7,,Tidewater Mojarra,,,,,8.2,6.57,c,86,5.4,30,32.9,0.6,50361,0.5,25.1979,-80.61876,2:20,2:25
FIMS_829,Dry,2026,TS7,,Tidewater Mojarra,,,,,7.3,4.31,c,86,5.4,30,32.9,0.6,50361,0.5,25.1979,-80.61876,3:20,3:25
FIMS_829,Dry,2026,TS7,,Tidewater Mojarra,,,,,6.9,2.95,c,86,5.4,30,32.9,0.6,50361,0.5,25.1979,-80.61876,4:20,4:25
FIMS_829,Dry,2026,TS7,,Rainwater Killifish ,,,,,2.4,0.12,c,86,5.4,30,32.9,0.6,50361,0.5,25.1979,-80.61876,5:20,5:25
FIMS_829,Dry,2026,TS7,,Rainwater Killifish ,,,,,2.7,0.19,c,86,5.4,30,32.9,0.6,50361,0.5,25.1979,-80.61876,6:20,6:25
FIMS_829,Dry,2026,TS7,,Rainwater Killifish ,,,,,1.9,0.06,c,86,5.4,30,32.9,0.6,50361,0.5,25.1979,-80.61876,7:20,7:25
FIMS_829,Dry,2026,TS7,,Rainwater Killifish ,,,,,2.6,0.15,c,86,5.4,30,32.9,0.6,50361,0.5,25.1979,-80.61876,8:20,8:25
FIMS_829,Dry,2026,TS7,,Rainwater Killifish ,,,,,2.7,0.18,c,86,5.4,30,32.9,0.6,50361,0.5,25.1979,-80.61876,9:20,9:25
FIMS_829,Dry,2026,TS7,,Rainwater Killifish ,,,,,2.6,0.12,c,86,5.4,30,32.9,0.6,50361,0.5,25.1979,-80.61876,10:20,10:25
FIMS_829,Dry,2026,TS7,,Rainwater Killifish ,,,,,2.7,0.16,c,86,5.4,30,32.9,0.6,50361,0.5,25.1979,-80.61876,11:20,11:25
FIMS_829,Dry,2026,TS7,,Rainwater Killifish ,,,,,2.4,0.13,c,86,5.4,30,32.9,0.6,50361,0.5,25.1979,-80.61876,12:20,12:25
FIMS_829,Dry,2026,TS7,,Rainwater Killifish ,,,,,2.3,0.1,c,86,5.4,30,32.9,0.6,50361,0.5,25.1979,-80.61876,13:20,13:25
FIMS_829,Dry,2026,TS7,,Rainwater Killifish ,,,,,3,0.28,c,86,5.4,30,32.9,0.6,50361,0.5,25.1979,-80.61876,14:20,14:25
FIMS_829,Dry,2026,TS7,,Rainwater Killifish ,,,,,2.5,0.14,c,86,5.4,30,32.9,0.6,50361,0.5,25.1979,-80.61876,15:20,15:25
FIMS_829,Dry,2026,TS7,,Rainwater Killifish ,,,,,2.2,0.1,c,86,5.4,30,32.9,0.6,50361,0.5,25.1979,-80.61876,16:20,16:25
FIMS_829,Dry,2026,TS7,,Rainwater Killifish ,,,,,2.5,0.14,c,86,5.4,30,32.9,0.6,50361,0.5,25.1979,-80.61876,17:20,17:25
FIMS_829,Dry,2026,TS7,,Goldspotted Killifish,,,,,3.2,0.47,c,86,5.4,30,32.9,0.6,50361,0.5,25.1979,-80.61876,18:20,18:25
FIMS_829,Dry,2026,TS7,,Goldspotted Killifish,,,,,2.4,0.2,c,86,5.4,30,32.9,0.6,50361,0.5,25.1979,-80.61876,19:20,19:25
FIMS_829,Dry,2026,TS7,,Goldspotted Killifish,,,,,2.8,0.3,c,86,5.4,30,32.9,0.6,50361,0.5,25.1979,-80.61876,20:20,20:25
FIMS_829,Dry,2026,TS7,,Goldspotted Killifish,,,,,3,0.39,c,86,5.4,30,32.9,0.6,50361,0.5,25.1979,-80.61876,21:20,21:25
FIMS_829,Dry,2026,TS7,,Goldspotted Killifish,,,,,2.5,0.17,c,86,5.4,30,32.9,0.6,50361,0.5,25.1979,-80.61876,22:20,22:25
FIMS_829,Dry,2026,TS7,,Goldspotted Killifish,,,,,2.3,0.17,c,86,5.4,30,32.9,0.6,50361,0.5,25.1979,-80.61876,23:20,23:25
FIMS_829,Dry,2026,TS7,,Goldspotted Killifish,,,,,2,0.12,c,86,5.4,30,32.9,0.6,50361,0.5,25.1979,-80.61876,0:20,0:25
FIMS_829,Dry,2026,TS7,,Goldspotted Killifish,,,,,2.6,0.27,c,86,5.4,30,32.9,0.6,50361,0.5,25.1979,-80.61876,1:20,1:25
FIMS_829,Dry,2026,TS7,,Goldspotted Killifish,,,,,2.5,0.19,c,86,5.4,30,32.9,0.6,50361,0.5,25.1979,-80.61876,2:20,2:25
FIMS_829,Dry,2026,TS7,,Goldspotted Killifish,,,,,2.3,0.17,c,86,5.4,30,32.9,0.6,50361,0.5,25.1979,-80.61876,3:20,3:25
FIMS_829,Dry,2026,TS7,,Goldspotted Killifish,,,,,2.2,0.16,c,86,5.4,30,32.9,0.6,50361,0.5,25.1979,-80.61876,4:20,4:25
FIMS_829,Dry,2026,TS7,,Goldspotted Killifish,,,,,2.3,0.14,c,86,5.4,30,32.9,0.6,50361,0.5,25.1979,-80.61876,5:20,5:25
FIMS_829,Dry,2026,TS7,,Goldspotted Killifish,,,,,2.9,0.2,c,86,5.4,30,32.9,0.6,50361,0.5,25.1979,-80.61876,6:20,6:25
FIMS_829,Dry,2026,TS7,,Goldspotted Killifish,,,,,2.5,0.19,c,86,5.4,30,32.9,0.6,50361,0.5,25.1979,-80.61876,7:20,7:25
FIMS_829,Dry,2026,TS7,,Goldspotted Killifish,,,,,2.4,0.2,c,86,5.4,30,32.9,0.6,50361,0.5,25.1979,-80.61876,8:20,8:25
FIMS_829,Dry,2026,TS7,,Goldspotted Killifish,,,,,3,0.43,c,86,5.4,30,32.9,0.6,50361,0.5,25.1979,-80.61876,9:20,9:25
FIMS_829,Dry,2026,TS7,,Goldspotted Killifish,,,,,2.2,0.12,c,86,5.4,30,32.9,0.6,50361,0.5,25.1979,-80.61876,10:20,10:25
FIMS_829,Dry,2026,TS7,,Goldspotted Killifish,,,,,2.7,0.32,c,86,5.4,30,32.9,0.6,50361,0.5,25.1979,-80.61876,11:20,11:25
FIMS_829,Dry,2026,TS7,,Goldspotted Killifish,,,,,2.7,0.27,c,86,5.4,30,32.9,0.6,50361,0.5,25.1979,-80.61876,12:20,12:25
FIMS_829,Dry,2026,TS7,,Goldspotted Killifish,,,,,3,0.39,c,86,5.4,30,32.9,0.6,50361,0.5,25.1979,-80.61876,13:20,13:25
FIMS_829,Dry,2026,TS7,,Goldspotted Killifish,,,,,2.2,0.17,c,86,5.4,30,32.9,0.6,50361,0.5,25.1979,-80.61876,14:20,14:25
FIMS_829,Dry,2026,TS7,,Goldspotted Killifish,,,,,2.5,0.26,c,86,5.4,30,32.9,0.6,50361,0.5,25.1979,-80.61876,15:20,15:25
FIMS_829,Dry,2026,TS7,,Goldspotted Killifish,,,,,2.1,0.16,c,86,5.4,30,32.9,0.6,50361,0.5,25.1979,-80.61876,16:20,16:25
FIMS_829,Dry,2026,TS7,,Goldspotted Killifish,,,,,2.2,0.13,c,86,5.4,30,32.9,0.6,50361,0.5,25.1979,-80.61876,17:20,17:25
FIMS_829,Dry,2026,TS7,,Goldspotted Killifish,,,,,2.5,0.26,c,86,5.4,30,32.9,0.6,50361,0.5,25.1979,-80.61876,18:20,18:25
FIMS_829,Dry,2026,TS7,,Goldspotted Killifish,,,,,2.9,0.36,c,86,5.4,30,32.9,0.6,50361,0.5,25.1979,-80.61876,19:20,19:25
FIMS_829,Dry,2026,TS7,,Goldspotted Killifish,,,,,4,0.91,c,86,5.4,30,32.9,0.6,50361,0.5,25.1979,-80.61876,20:20,20:25
FIMS_829,Dry,2026,TS7,,Goldspotted Killifish,,,,,2.5,0.23,c,86,5.4,30,32.9,0.6,50361,0.5,25.1979,-80.61876,21:20,21:25
FIMS_829,Dry,2026,TS7,,Goldspotted Killifish,,,,,2.4,0.18,c,86,5.4,30,32.9,0.6,50361,0.5,25.1979,-80.61876,22:20,22:25
FIMS_829,Dry,2026,TS7,,Goldspotted Killifish,,,,,2.4,0.25,c,86,5.4,30,32.9,0.6,50361,0.5,25.1979,-80.61876,23:20,23:25
FIMS_829,Dry,2026,TS7,,Goldspotted Killifish,,,,,2.6,0.26,c,86,5.4,30,32.9,0.6,50361,0.5,25.1979,-80.61876,0:20,0:25
FIMS_829,Dry,2026,TS7,,Goldspotted Killifish,,,,,2.5,0.2,c,86,5.4,30,32.9,0.6,50361,0.5,25.1979,-80.61876,1:20,1:25
FIMS_829,Dry,2026,TS7,,Goldspotted Killifish,,,,,1.9,0.09,c,86,5.4,30,32.9,0.6,50361,0.5,25.1979,-80.61876,2:20,2:25
FIMS_829,Dry,2026,TS7,,Goldspotted Killifish,,,,,1.8,0.06,c,86,5.4,30,32.9,0.6,50361,0.5,25.1979,-80.61876,3:20,3:25
FIMS_829,Dry,2026,TS7,,Goldspotted Killifish,,,,,2.3,0.15,c,86,5.4,30,32.9,0.6,50361,0.5,25.1979,-80.61876,4:20,4:25
FIMS_829,Dry,2026,TS7,,Goldspotted Killifish,,,,,2.2,0.13,c,86,5.4,30,32.9,0.6,50361,0.5,25.1979,-80.61876,5:20,5:25
FIMS_829,Dry,2026,TS7,,Goldspotted Killifish,,,,,2.1,0.11,c,86,5.4,30,32.9,0.6,50361,0.5,25.1979,-80.61876,6:20,6:25
FIMS_829,Dry,2026,TS7,,Goldspotted Killifish,,,,,2.2,0.11,c,86,5.4,30,32.9,0.6,50361,0.5,25.1979,-80.61876,7:20,7:25
FIMS_829,Dry,2026,TS7,,Goldspotted Killifish,,,,,2,0.08,c,86,5.4,30,32.9,0.6,50361,0.5,25.1979,-80.61876,8:20,8:25
FIMS_829,Dry,2026,TS7,,Goldspotted Killifish,,,,,2,0.17,c,86,5.4,30,32.9,0.6,50361,0.5,25.1979,-80.61876,9:20,9:25
FIMS_829,Dry,2026,TS7,,Goldspotted Killifish (n=141),includes the n=40 listed,,,,,,c,86,5.4,30,32.9,0.6,50361,0.5,25.1979,-80.61876,10:20,10:25
FIMS_830,Dry,2026,TS7,,Inland Silverside,,,,,8.1,2.58,c,96,5.4,30,32.9,0.6,50361,0.5,25.1979,-80.61876,11:20,11:25
FIMS_830,Dry,2026,TS7,,Inland Silverside,,,,,9.2,3.8,c,96,6.1,30.6,30.9,0.8,47753,0.25,25.18537,-80.62304,11:58,12:01
FIMS_830,Dry,2026,TS7,,Tidewater Mojarra,,,,,6.1,2.68,c,96,6.1,30.6,30.9,0.8,47753,0.25,25.18537,-80.62304,11:58,12:01
FIMS_830,Dry,2026,TS7,,Tidewater Mojarra,,,,,5.3,1.5,c,96,6.1,30.6,30.9,0.8,47753,0.25,25.18537,-80.62304,11:58,12:01
FIMS_830,Dry,2026,TS7,,Tidewater Mojarra,,,,,4.4,0.84,c,96,6.1,30.6,30.9,0.8,47753,0.25,25.18537,-80.62304,11:58,12:01
FIMS_830,Dry,2026,TS7,,Clown Goby,,,,,4.4,0.58,c,96,6.1,30.6,30.9,0.8,47753,0.25,25.18537,-80.62304,11:58,12:01
FIMS_830,Dry,2026,TS7,,Gulf Toadfish,,,,,2.3,0.12,c,96,6.1,30.6,30.9,0.8,47753,0.25,25.18537,-80.62304,11:58,12:01
FIMS_830,Dry,2026,TS7,,Gulf Toadfish,,,,,2.5,0.16,c,96,6.1,30.6,30.9,0.8,47753,0.25,25.18537,-80.62304,11:58,12:01
FIMS_830,Dry,2026,TS7,,Dwarf Seahorse,,,,,2.6,0.08,c,96,6.1,30.6,30.9,0.8,47753,0.25,25.18537,-80.62304,11:58,12:01
FIMS_830,Dry,2026,TS7,,Dwarf Seahorse,,,,,1.8,0.03,c,96,6.1,30.6,30.9,0.8,47753,0.25,25.18537,-80.62304,11:58,12:01
FIMS_830,Dry,2026,TS7,,Dwarf Seahorse,,,,,1.7,0.02,c,96,6.1,30.6,30.9,0.8,47753,0.25,25.18537,-80.62304,11:58,12:01
FIMS_830,Dry,2026,TS7,,Dwarf Seahorse,,,,,1.9,0.02,c,96,6.1,30.6,30.9,0.8,47753,0.25,25.18537,-80.62304,11:58,12:01
FIMS_830,Dry,2026,TS7,,Dwarf Seahorse,,,,,1.6,0.02,c,96,6.1,30.6,30.9,0.8,47753,0.25,25.18537,-80.62304,11:58,12:01
FIMS_830,Dry,2026,TS7,,Goldspotted Killifish,,,,,3.4,0.63,c,96,6.1,30.6,30.9,0.8,47753,0.25,25.18537,-80.62304,11:58,12:01
FIMS_830,Dry,2026,TS7,,Goldspotted Killifish,,,,,3.6,0.77,c,96,6.1,30.6,30.9,0.8,47753,0.25,25.18537,-80.62304,11:58,12:01
FIMS_830,Dry,2026,TS7,,Goldspotted Killifish,,,,,3.3,0.53,c,96,6.1,30.6,30.9,0.8,47753,0.25,25.18537,-80.62304,11:58,12:01
FIMS_830,Dry,2026,TS7,,Goldspotted Killifish,,,,,3.1,0.77,c,96,6.1,30.6,30.9,0.8,47753,0.25,25.18537,-80.62304,11:58,12:01
FIMS_830,Dry,2026,TS7,,Goldspotted Killifish,,,,,4,1.13,c,96,6.1,30.6,30.9,0.8,47753,0.25,25.18537,-80.62304,11:58,12:01
FIMS_830,Dry,2026,TS7,,Goldspotted Killifish,,,,,3.6,0.79,c,96,6.1,30.6,30.9,0.8,47753,0.25,25.18537,-80.62304,11:58,12:01
FIMS_830,Dry,2026,TS7,,Goldspotted Killifish,,,,,3.5,0.79,c,96,6.1,30.6,30.9,0.8,47753,0.25,25.18537,-80.62304,11:58,12:01
FIMS_830,Dry,2026,TS7,,Goldspotted Killifish,,,,,3.7,0.8,c,96,6.1,30.6,30.9,0.8,47753,0.25,25.18537,-80.62304,11:58,12:01
FIMS_830,Dry,2026,TS7,,Goldspotted Killifish,,,,,3.8,0.9,c,96,6.1,30.6,30.9,0.8,47753,0.25,25.18537,-80.62304,11:58,12:01
FIMS_830,Dry,2026,TS7,,Goldspotted Killifish,,,,,3.5,0.67,c,96,6.1,30.6,30.9,0.8,47753,0.25,25.18537,-80.62304,11:58,12:01
FIMS_830,Dry,2026,TS7,,Goldspotted Killifish,,,,,3.4,0.62,c,96,6.1,30.6,30.9,0.8,47753,0.25,25.18537,-80.62304,11:58,12:01
FIMS_830,Dry,2026,TS7,,Goldspotted Killifish,,,,,3.5,0.62,c,96,6.1,30.6,30.9,0.8,47753,0.25,25.18537,-80.62304,11:58,12:01
FIMS_830,Dry,2026,TS7,,Goldspotted Killifish,,,,,3.4,0.65,c,96,6.1,30.6,30.9,0.8,47753,0.25,25.18537,-80.62304,11:58,12:01
FIMS_830,Dry,2026,TS7,,Goldspotted Killifish,,,,,2.9,0.4,c,96,6.1,30.6,30.9,0.8,47753,0.25,25.18537,-80.62304,11:58,12:01
FIMS_830,Dry,2026,TS7,,Goldspotted Killifish,,,,,3.4,0.63,c,96,6.1,30.6,30.9,0.8,47753,0.25,25.18537,-80.62304,11:58,12:01
FIMS_830,Dry,2026,TS7,,Goldspotted Killifish,,,,,3.3,0.6,c,96,6.1,30.6,30.9,0.8,47753,0.25,25.18537,-80.62304,11:58,12:01
FIMS_830,Dry,2026,TS7,,Goldspotted Killifish,,,,,3.1,0.49,c,96,6.1,30.6,30.9,0.8,47753,0.25,25.18537,-80.62304,11:58,12:01
FIMS_830,Dry,2026,TS7,,Goldspotted Killifish,,,,,3.3,0.54,c,96,6.1,30.6,30.9,0.8,47753,0.25,25.18537,-80.62304,11:58,12:01
FIMS_830,Dry,2026,TS7,,Goldspotted Killifish,,,,,3.5,0.74,c,96,6.1,30.6,30.9,0.8,47753,0.25,25.18537,-80.62304,11:58,12:01
FIMS_830,Dry,2026,TS7,,Goldspotted Killifish,,,,,3.3,0.54,c,96,6.1,30.6,30.9,0.8,47753,0.25,25.18537,-80.62304,11:58,12:01
FIMS_830,Dry,2026,TS7,,Goldspotted Killifish,,,,,3.2,0.54,c,96,6.1,30.6,30.9,0.8,47753,0.25,25.18537,-80.62304,11:58,12:01
FIMS_830,Dry,2026,TS7,,Goldspotted Killifish,,,,,3.1,0.59,c,96,6.1,30.6,30.9,0.8,47753,0.25,25.18537,-80.62304,11:58,12:01
FIMS_830,Dry,2026,TS7,,Goldspotted Killifish,,,,,3.2,0.5,c,96,6.1,30.6,30.9,0.8,47753,0.25,25.18537,-80.62304,11:58,12:01
FIMS_830,Dry,2026,TS7,,Goldspotted Killifish,,,,,3,0.49,c,96,6.1,30.6,30.9,0.8,47753,0.25,25.18537,-80.62304,11:58,12:01
FIMS_830,Dry,2026,TS7,,Goldspotted Killifish,,,,,3.4,0.59,c,96,6.1,30.6,30.9,0.8,47753,0.25,25.18537,-80.62304,11:58,12:01
FIMS_830,Dry,2026,TS7,,Goldspotted Killifish,,,,,3,0.24,c,96,6.1,30.6,30.9,0.8,47753,0.25,25.18537,-80.62304,11:58,12:01
FIMS_830,Dry,2026,TS7,,Goldspotted Killifish,,,,,2.2,0.16,c,96,6.1,30.6,30.9,0.8,47753,0.25,25.18537,-80.62304,11:58,12:01
FIMS_830,Dry,2026,TS7,,Goldspotted Killifish,,,,,2.4,0.23,c,96,6.1,30.6,30.9,0.8,47753,0.25,25.18537,-80.62304,11:58,12:01
FIMS_830,Dry,2026,TS7,,Goldspotted Killifish,,,,,2.8,0.36,c,96,6.1,30.6,30.9,0.8,47753,0.25,25.18537,-80.62304,11:58,12:01
FIMS_830,Dry,2026,TS7,,Goldspotted Killifish,,,,,2.4,0.2,c,96,6.1,30.6,30.9,0.8,47753,0.25,25.18537,-80.62304,11:58,12:01
FIMS_830,Dry,2026,TS7,,Goldspotted Killifish,,,,,1.7,0.06,c,96,6.1,30.6,30.9,0.8,47753,0.25,25.18537,-80.62304,11:58,12:01
FIMS_830,Dry,2026,TS7,,Goldspotted Killifish,,,,,2,0.08,c,96,6.1,30.6,30.9,0.8,47753,0.25,25.18537,-80.62304,11:58,12:01
FIMS_830,Dry,2026,TS7,,Goldspotted Killifish,,,,,1.7,0.1,c,96,6.1,30.6,30.9,0.8,47753,0.25,25.18537,-80.62304,11:58,12:01
FIMS_830,Dry,2026,TS7,,Goldspotted Killifish,,,,,2.1,0.1,c,96,6.1,30.6,30.9,0.8,47753,0.25,25.18537,-80.62304,11:58,12:01
FIMS_830,Dry,2026,TS7,,Goldspotted Killifish,,,,,2.6,0.21,c,96,6.1,30.6,30.9,0.8,47753,0.25,25.18537,-80.62304,11:58,12:01
FIMS_830,Dry,2026,TS7,,Goldspotted Killifish,,,,,2.7,0.13,c,96,6.1,30.6,30.9,0.8,47753,0.25,25.18537,-80.62304,11:58,12:01
FIMS_830,Dry,2026,TS7,,Goldspotted Killifish,,,,,2.4,0.18,c,96,6.1,30.6,30.9,0.8,47753,0.25,25.18537,-80.62304,11:58,12:01
FIMS_830,Dry,2026,TS7,,Goldspotted Killifish,,,,,2.2,0.16,c,96,6.1,30.6,30.9,0.8,47753,0.25,25.18537,-80.62304,11:58,12:01
FIMS_830,Dry,2026,TS7,,Goldspotted Killifish,,,,,2.1,0.15,c,96,6.1,30.6,30.9,0.8,47753,0.25,25.18537,-80.62304,11:58,12:01
FIMS_830,Dry,2026,TS7,,Goldspotted Killifish,,,,,1.8,0.08,c,96,6.1,30.6,30.9,0.8,47753,0.25,25.18537,-80.62304,11:58,12:01
FIMS_830,Dry,2026,TS7,,Rainwater Killifish ,,,,,3.5,0.46,c,96,6.1,30.6,30.9,0.8,47753,0.25,25.18537,-80.62304,11:58,12:01
FIMS_830,Dry,2026,TS7,,Rainwater Killifish ,,,,,2.7,0.23,c,96,6.1,30.6,30.9,0.8,47753,0.25,25.18537,-80.62304,11:58,12:01
FIMS_830,Dry,2026,TS7,,Rainwater Killifish ,,,,,3,0.33,c,96,6.1,30.6,30.9,0.8,47753,0.25,25.18537,-80.62304,11:58,12:01
FIMS_830,Dry,2026,TS7,,Rainwater Killifish ,,,,,3.3,0.42,c,96,6.1,30.6,30.9,0.8,47753,0.25,25.18537,-80.62304,11:58,12:01
FIMS_830,Dry,2026,TS7,,Rainwater Killifish ,,,,,3.3,0.41,c,96,6.1,30.6,30.9,0.8,47753,0.25,25.18537,-80.62304,11:58,12:01
FIMS_830,Dry,2026,TS7,,Rainwater Killifish ,,,,,3.1,0.31,c,96,6.1,30.6,30.9,0.8,47753,0.25,25.18537,-80.62304,11:58,12:01
FIMS_830,Dry,2026,TS7,,Rainwater Killifish ,,,,,3.5,0.46,c,96,6.1,30.6,30.9,0.8,47753,0.25,25.18537,-80.62304,11:58,12:01
FIMS_830,Dry,2026,TS7,,Rainwater Killifish ,,,,,2.9,0.29,c,96,6.1,30.6,30.9,0.8,47753,0.25,25.18537,-80.62304,11:58,12:01
FIMS_830,Dry,2026,TS7,,Rainwater Killifish ,,,,,3.4,0.41,c,96,6.1,30.6,30.9,0.8,47753,0.25,25.18537,-80.62304,11:58,12:01
FIMS_830,Dry,2026,TS7,,Rainwater Killifish ,,,,,2.5,0.19,c,96,6.1,30.6,30.9,0.8,47753,0.25,25.18537,-80.62304,11:58,12:01
FIMS_830,Dry,2026,TS7,,Rainwater Killifish ,,,,,2.7,0.2,c,96,6.1,30.6,30.9,0.8,47753,0.25,25.18537,-80.62304,11:58,12:01
FIMS_830,Dry,2026,TS7,,Rainwater Killifish ,,,,,2.5,0.23,c,96,6.1,30.6,30.9,0.8,47753,0.25,25.18537,-80.62304,11:58,12:01
FIMS_830,Dry,2026,TS7,,Rainwater Killifish ,,,,,3.2,0.39,c,96,6.1,30.6,30.9,0.8,47753,0.25,25.18537,-80.62304,11:58,12:01
FIMS_830,Dry,2026,TS7,,Rainwater Killifish ,,,,,3.5,0.47,c,96,6.1,30.6,30.9,0.8,47753,0.25,25.18537,-80.62304,11:58,12:01
FIMS_830,Dry,2026,TS7,,Rainwater Killifish ,,,,,3,0.28,c,96,6.1,30.6,30.9,0.8,47753,0.25,25.18537,-80.62304,11:58,12:01
FIMS_830,Dry,2026,TS7,,Rainwater Killifish ,,,,,2.5,0.17,c,96,6.1,30.6,30.9,0.8,47753,0.25,25.18537,-80.62304,11:58,12:01
FIMS_830,Dry,2026,TS7,,Rainwater Killifish ,,,,,3.2,0.38,c,96,6.1,30.6,30.9,0.8,47753,0.25,25.18537,-80.62304,11:58,12:01
FIMS_830,Dry,2026,TS7,,Rainwater Killifish ,,,,,2.4,0.16,c,96,6.1,30.6,30.9,0.8,47753,0.25,25.18537,-80.62304,11:58,12:01
FIMS_830,Dry,2026,TS7,,Rainwater Killifish ,,,,,2.4,0.16,c,96,6.1,30.6,30.9,0.8,47753,0.25,25.18537,-80.62304,11:58,12:01
FIMS_830,Dry,2026,TS7,,Rainwater Killifish ,,,,,2.2,0.11,c,96,6.1,30.6,30.9,0.8,47753,0.25,25.18537,-80.62304,11:58,12:01
FIMS_830,Dry,2026,TS7,,Rainwater Killifish ,,,,,2.7,0.21,c,96,6.1,30.6,30.9,0.8,47753,0.25,25.18537,-80.62304,11:58,12:01
FIMS_830,Dry,2026,TS7,,Rainwater Killifish ,,,,,2.5,0.19,c,96,6.1,30.6,30.9,0.8,47753,0.25,25.18537,-80.62304,11:58,12:01
FIMS_830,Dry,2026,TS7,,Rainwater Killifish ,,,,,2.5,0.17,c,96,6.1,30.6,30.9,0.8,47753,0.25,25.18537,-80.62304,11:58,12:01
FIMS_830,Dry,2026,TS7,,Rainwater Killifish ,,,,,2.9,0.28,c,96,6.1,30.6,30.9,0.8,47753,0.25,25.18537,-80.62304,11:58,12:01
FIMS_830,Dry,2026,TS7,,Rainwater Killifish ,,,,,1.8,0.07,c,96,6.1,30.6,30.9,0.8,47753,0.25,25.18537,-80.62304,11:58,12:01
FIMS_830,Dry,2026,TS7,,Grass Shrimp (n=24),,,,,,,c,96,6.1,30.6,30.9,0.8,47753,0.25,25.18537,-80.62304,11:58,12:01
FIMS_801,Dry,2026,TS11,,Great Barracuda,,,,8.2,10.1,4.61,c,93,6.1,30.6,30.9,0.8,47753,0.25,25.18537,-80.62304,11:58,12:01
FIMS_801,Dry,2026,TS11,,American Halfbeak,,,,,2.8,0.09,c,93,5.7,30.2,37.6,0.9,56740,15,24.91314,-80.93916,10:16,10:21
FIMS_801,Dry,2026,TS11,,Sargassum Filefish,,,,,1.8,0.1,c,93,5.7,30.2,37.6,0.9,56740,15,24.91314,-80.93916,10:16,10:21
FIMS_801,Dry,2026,TS11,,Tidewater Mojarra,,,,,4.1,0.67,c,93,5.7,30.2,37.6,0.9,56740,15,24.91314,-80.93916,10:16,10:21
FIMS_801,Dry,2026,TS11,,Tidewater Mojarra,,,,,3.9,0.39,c,93,5.7,30.2,37.6,0.9,56740,15,24.91314,-80.93916,10:16,10:21
FIMS_801,Dry,2026,TS11,,Tidewater Mojarra,,,,,3.1,0.31,c,93,5.7,30.2,37.6,0.9,56740,15,24.91314,-80.93916,10:16,10:21
FIMS_801,Dry,2026,TS11,,Tidewater Mojarra,,,,,3.2,0.37,c,93,5.7,30.2,37.6,0.9,56740,15,24.91314,-80.93916,10:16,10:21
FIMS_801,Dry,2026,TS11,,Tidewater Mojarra,,,,,3,0.29,c,93,5.7,30.2,37.6,0.9,56740,15,24.91314,-80.93916,10:16,10:21
FIMS_801,Dry,2026,TS11,,Tidewater Mojarra,,,,,3.3,0.43,c,93,5.7,30.2,37.6,0.9,56740,15,24.91314,-80.93916,10:16,10:21
FIMS_801,Dry,2026,TS11,,Tidewater Mojarra,,,,,2.2,0.11,c,93,5.7,30.2,37.6,0.9,56740,15,24.91314,-80.93916,10:16,10:21
FIMS_801,Dry,2026,TS11,,Tidewater Mojarra,,,,,2.8,0.32,c,93,5.7,30.2,37.6,0.9,56740,15,24.91314,-80.93916,10:16,10:21
FIMS_801,Dry,2026,TS11,,Tidewater Mojarra,,,,,2.7,0.28,c,93,5.7,30.2,37.6,0.9,56740,15,24.91314,-80.93916,10:16,10:21
FIMS_801,Dry,2026,TS11,,Tidewater Mojarra,,,,,2.5,0.18,c,93,5.7,30.2,37.6,0.9,56740,15,24.91314,-80.93916,10:16,10:21
FIMS_801,Dry,2026,TS11,,Tidewater Mojarra,,,,,2.9,0.26,c,93,5.7,30.2,37.6,0.9,56740,15,24.91314,-80.93916,10:16,10:21
FIMS_801,Dry,2026,TS11,,Tidewater Mojarra,,,,,3.6,0.52,c,93,5.7,30.2,37.6,0.9,56740,15,24.91314,-80.93916,10:16,10:21
FIMS_801,Dry,2026,TS11,,Tidewater Mojarra,,,,,2.5,0.15,c,93,5.7,30.2,37.6,0.9,56740,15,24.91314,-80.93916,10:16,10:21
FIMS_801,Dry,2026,TS11,,Tidewater Mojarra,,,,,2.7,0.23,c,93,5.7,30.2,37.6,0.9,56740,15,24.91314,-80.93916,10:16,10:21
FIMS_801,Dry,2026,TS11,,Tidewater Mojarra,,,,,2.8,0.26,c,93,5.7,30.2,37.6,0.9,56740,15,24.91314,-80.93916,10:16,10:21
FIMS_801,Dry,2026,TS11,,Tidewater Mojarra,,,,,2.6,0.24,c,93,5.7,30.2,37.6,0.9,56740,15,24.91314,-80.93916,10:16,10:21
FIMS_801,Dry,2026,TS11,,Tidewater Mojarra,,,,,2.5,0.19,c,93,5.7,30.2,37.6,0.9,56740,15,24.91314,-80.93916,10:16,10:21
FIMS_801,Dry,2026,TS11,,Tidewater Mojarra,,,,,2.3,0.13,c,93,5.7,30.2,37.6,0.9,56740,15,24.91314,-80.93916,10:16,10:21
FIMS_801,Dry,2026,TS11,,Rainwater Killifish ,,,,,2.1,0.1,c,93,5.7,30.2,37.6,0.9,56740,15,24.91314,-80.93916,10:16,10:21
FIMS_801,Dry,2026,TS11,,Rainwater Killifish ,,,,,1.9,0.09,c,93,5.7,30.2,37.6,0.9,56740,15,24.91314,-80.93916,10:16,10:21
FIMS_801,Dry,2026,TS11,,Gulf Pipefish,,,,,9.8,0.67,c,93,5.7,30.2,37.6,0.9,56740,15,24.91314,-80.93916,10:16,10:21
FIMS_801,Dry,2026,TS11,,Sargassum Swimming Crab,,,,,0.9,0.06,c,93,5.7,30.2,37.6,0.9,56740,15,24.91314,-80.93916,10:16,10:21
FIMS_801,Dry,2026,TS11,,Sargassum Swimming Crab,,,,,1.2,0.13,c,93,5.7,30.2,37.6,0.9,56740,15,24.91314,-80.93916,10:16,10:21
FIMS_801,Dry,2026,TS11,,Sargassum Swimming Crab,,,,,0.7,0.06,c,93,5.7,30.2,37.6,0.9,56740,15,24.91314,-80.93916,10:16,10:21
FIMS_801,Dry,2026,TS11,,Shrimp spp.,,,,,2.3,0.09,c,93,5.7,30.2,37.6,0.9,56740,15,24.91314,-80.93916,10:16,10:21
FIMS_801,Dry,2026,TS11,,Shrimp spp.,,,,,2.6,0.2,c,93,5.7,30.2,37.6,0.9,56740,15,24.91314,-80.93916,10:16,10:21
FIMS_801,Dry,2026,TS11,,Shrimp spp.,,,,,2.3,0.18,c,93,5.7,30.2,37.6,0.9,56740,15,24.91314,-80.93916,10:16,10:21
FIMS_802,Dry,2026,TS11,,Tidewater Mojarra,,,,,2,0.08,c,94,5.7,30.2,37.6,0.9,56740,15,24.91314,-80.93916,10:16,10:21
FIMS_802,Dry,2026,TS11,,Tidewater Mojarra,,,,,1.7,0.07,c,94,5.8,30.5,37.6,0.7,56821,2,24.91336,-80.9385,11:04,11:09
FIMS_802,Dry,2026,TS11,,Redfin Needlefish,,,,,14.8,3.68,c,94,5.8,30.5,37.6,0.7,56821,2,24.91336,-80.9385,11:04,11:09
FIMS_804,Dry,2026,TS11,,American Halfbeak,,,,,6.2,0.59,c,99,5.8,30.5,37.6,0.7,56821,2,24.91336,-80.9385,11:04,11:09
FIMS_804,Dry,2026,TS11,,American Halfbeak,,,,,3.4,0.1,c,99,6,30.7,37.6,0.8,56798,4,24.91218,-80.93788,11:40,11:44
FIMS_804,Dry,2026,TS11,,American Halfbeak,,,,,4.3,0.17,c,99,6,30.7,37.6,0.8,56798,4,24.91218,-80.93788,11:40,11:44
FIMS_804,Dry,2026,TS11,,Sargassum Swimming Crab,,,,,1.1,0.09,c,99,6,30.7,37.6,0.8,56798,4,24.91218,-80.93788,11:40,11:44
FIMS_804,Dry,2026,TS11,,Sargassum Swimming Crab,,,,,0.8,0.06,c,99,6,30.7,37.6,0.8,56798,4,24.91218,-80.93788,11:40,11:44
FIMS_804,Dry,2026,TS11,,Bluestriped Grunt,,,,,3.8,0.68,c,99,6,30.7,37.6,0.8,56798,4,24.91218,-80.93788,11:40,11:44
FIMS_804,Dry,2026,TS11,,Bluestriped Grunt,,,,,3.9,0.71,c,99,6,30.7,37.6,0.8,56798,4,24.91218,-80.93788,11:40,11:44
FIMS_804,Dry,2026,TS11,,Sargassum Filefish,,,,,1.7,0.08,c,99,6,30.7,37.6,0.8,56798,4,24.91218,-80.93788,11:40,11:44
FIMS_804,Dry,2026,TS11,,Hardhead Silverside,,,,,2.8,0.21,c,99,6,30.7,37.6,0.8,56798,4,24.91218,-80.93788,11:40,11:44
FIMS_804,Dry,2026,TS11,,Hardhead Silverside,,,,,2.8,0.15,c,99,6,30.7,37.6,0.8,56798,4,24.91218,-80.93788,11:40,11:44
FIMS_804,Dry,2026,TS11,,Hardhead Silverside,,,,,3.1,0.2,c,99,6,30.7,37.6,0.8,56798,4,24.91218,-80.93788,11:40,11:44
FIMS_804,Dry,2026,TS11,,Hardhead Silverside,,,,,3,0.19,c,99,6,30.7,37.6,0.8,56798,4,24.91218,-80.93788,11:40,11:44
FIMS_804,Dry,2026,TS11,,Hardhead Silverside,,,,,3.2,0.2,c,99,6,30.7,37.6,0.8,56798,4,24.91218,-80.93788,11:40,11:44
FIMS_804,Dry,2026,TS11,,Hardhead Silverside,,,,,3,0.18,c,99,6,30.7,37.6,0.8,56798,4,24.91218,-80.93788,11:40,11:44
FIMS_804,Dry,2026,TS11,,Hardhead Silverside,,,,,3.5,0.27,c,99,6,30.7,37.6,0.8,56798,4,24.91218,-80.93788,11:40,11:44
FIMS_804,Dry,2026,TS11,,Hardhead Silverside,,,,,3.1,0.18,c,99,6,30.7,37.6,0.8,56798,4,24.91218,-80.93788,11:40,11:44
FIMS_804,Dry,2026,TS11,,Hardhead Silverside,,,,,2.8,0.16,c,99,6,30.7,37.6,0.8,56798,4,24.91218,-80.93788,11:40,11:44
FIMS_804,Dry,2026,TS11,,Caribbean Reef Squid,,,,,,,c,99,6,30.7,37.6,0.8,56798,4,24.91218,-80.93788,11:40,11:44
FIMS_804,Dry,2026,TS11,,Tidewater Mojarra,,,,,2.2,0.12,c,99,6,30.7,37.6,0.8,56798,4,24.91218,-80.93788,11:40,11:44
FIMS_804,Dry,2026,TS11,,Tidewater Mojarra,,,,,2.5,0.14,c,99,6,30.7,37.6,0.8,56798,4,24.91218,-80.93788,11:40,11:44
FIMS_804,Dry,2026,TS11,,Tidewater Mojarra,,,,,2.6,0.16,c,99,6,30.7,37.6,0.8,56798,4,24.91218,-80.93788,11:40,11:44
FIMS_804,Dry,2026,TS11,,Tidewater Mojarra,,,,,2.7,0.21,c,99,6,30.7,37.6,0.8,56798,4,24.91218,-80.93788,11:40,11:44
FIMS_804,Dry,2026,TS11,,Tidewater Mojarra,,,,,2.3,0.12,c,99,6,30.7,37.6,0.8,56798,4,24.91218,-80.93788,11:40,11:44
FIMS_804,Dry,2026,TS11,,Tidewater Mojarra,,,,,2.2,0.08,c,99,6,30.7,37.6,0.8,56798,4,24.91218,-80.93788,11:40,11:44
FIMS_804,Dry,2026,TS11,,Tidewater Mojarra,,,,,2.9,0.21,c,99,6,30.7,37.6,0.8,56798,4,24.91218,-80.93788,11:40,11:44
FIMS_804,Dry,2026,TS11,,Tidewater Mojarra,,,,,3.1,0.24,c,99,6,30.7,37.6,0.8,56798,4,24.91218,-80.93788,11:40,11:44
FIMS_804,Dry,2026,TS11,,Tidewater Mojarra,,,,,2.5,0.12,c,99,6,30.7,37.6,0.8,56798,4,24.91218,-80.93788,11:40,11:44
FIMS_804,Dry,2026,TS11,,Tidewater Mojarra,,,,,2.2,0.11,c,99,6,30.7,37.6,0.8,56798,4,24.91218,-80.93788,11:40,11:44
FIMS_804,Dry,2026,TS11,,Tidewater Mojarra,,,,,2.4,0.11,c,99,6,30.7,37.6,0.8,56798,4,24.91218,-80.93788,11:40,11:44
FIMS_804,Dry,2026,TS11,,Tidewater Mojarra,,,,,2.9,0.22,c,99,6,30.7,37.6,0.8,56798,4,24.91218,-80.93788,11:40,11:44
FIMS_804,Dry,2026,TS11,,Tidewater Mojarra,,,,,2.8,0.18,c,99,6,30.7,37.6,0.8,56798,4,24.91218,-80.93788,11:40,11:44
FIMS_804,Dry,2026,TS11,,Tidewater Mojarra,,,,,2.4,0.13,c,99,6,30.7,37.6,0.8,56798,4,24.91218,-80.93788,11:40,11:44
FIMS_804,Dry,2026,TS11,,Tidewater Mojarra,,,,,2.8,0.2,c,99,6,30.7,37.6,0.8,56798,4,24.91218,-80.93788,11:40,11:44
FIMS_804,Dry,2026,TS11,,Tidewater Mojarra,,,,,2.4,0.12,c,99,6,30.7,37.6,0.8,56798,4,24.91218,-80.93788,11:40,11:44
FIMS_804,Dry,2026,TS11,,Tidewater Mojarra,,,,,2.8,0.23,c,99,6,30.7,37.6,0.8,56798,4,24.91218,-80.93788,11:40,11:44
FIMS_804,Dry,2026,TS11,,Tidewater Mojarra,,,,,2.4,0.1,c,99,6,30.7,37.6,0.8,56798,4,24.91218,-80.93788,11:40,11:44
FIMS_804,Dry,2026,TS11,,Tidewater Mojarra,,,,,2.5,0.16,c,99,6,30.7,37.6,0.8,56798,4,24.91218,-80.93788,11:40,11:44
FIMS_804,Dry,2026,TS11,,Tidewater Mojarra,,,,,2.5,0.15,c,99,6,30.7,37.6,0.8,56798,4,24.91218,-80.93788,11:40,11:44
FIMS_804,Dry,2026,TS11,,Tidewater Mojarra,,,,,2.5,0.14,c,99,6,30.7,37.6,0.8,56798,4,24.91218,-80.93788,11:40,11:44
FIMS_804,Dry,2026,TS11,,Tidewater Mojarra,,,,,4.3,0.8,c,99,6,30.7,37.6,0.8,56798,4,24.91218,-80.93788,11:40,11:44
FIMS_804,Dry,2026,TS11,,Tidewater Mojarra,,,,,3,0.3,c,99,6,30.7,37.6,0.8,56798,4,24.91218,-80.93788,11:40,11:44
FIMS_804,Dry,2026,TS11,,Tidewater Mojarra,,,,,2.5,0.19,c,99,6,30.7,37.6,0.8,56798,4,24.91218,-80.93788,11:40,11:44
FIMS_804,Dry,2026,TS11,,Tidewater Mojarra,,,,,2.4,0.12,c,99,6,30.7,37.6,0.8,56798,4,24.91218,-80.93788,11:40,11:44
FIMS_804,Dry,2026,TS11,,Tidewater Mojarra,,,,,2.6,0.19,c,99,6,30.7,37.6,0.8,56798,4,24.91218,-80.93788,11:40,11:44
FIMS_804,Dry,2026,TS11,,Tidewater Mojarra,,,,,2.5,0.16,c,99,6,30.7,37.6,0.8,56798,4,24.91218,-80.93788,11:40,11:44
FIMS_804,Dry,2026,TS11,,Tidewater Mojarra,,,,,2.6,0.19,c,99,6,30.7,37.6,0.8,56798,4,24.91218,-80.93788,11:40,11:44
FIMS_804,Dry,2026,TS11,,Tidewater Mojarra,,,,,2.7,0.17,c,99,6,30.7,37.6,0.8,56798,4,24.91218,-80.93788,11:40,11:44
FIMS_804,Dry,2026,TS11,,Tidewater Mojarra,,,,,2.8,0.19,c,99,6,30.7,37.6,0.8,56798,4,24.91218,-80.93788,11:40,11:44
FIMS_804,Dry,2026,TS11,,Tidewater Mojarra,,,,,2.3,0.11,c,99,6,30.7,37.6,0.8,56798,4,24.91218,-80.93788,11:40,11:44
FIMS_804,Dry,2026,TS11,,Tidewater Mojarra,,,,,2.4,0.16,c,99,6,30.7,37.6,0.8,56798,4,24.91218,-80.93788,11:40,11:44
FIMS_804,Dry,2026,TS11,,Tidewater Mojarra,,,,,2.3,0.12,c,99,6,30.7,37.6,0.8,56798,4,24.91218,-80.93788,11:40,11:44
FIMS_804,Dry,2026,TS11,,Tidewater Mojarra,,,,,2.2,0.07,c,99,6,30.7,37.6,0.8,56798,4,24.91218,-80.93788,11:40,11:44
FIMS_804,Dry,2026,TS11,,Tidewater Mojarra,,,,,2.6,0.16,c,99,6,30.7,37.6,0.8,56798,4,24.91218,-80.93788,11:40,11:44
FIMS_804,Dry,2026,TS11,,Tidewater Mojarra,,,,,2.3,0.09,c,99,6,30.7,37.6,0.8,56798,4,24.91218,-80.93788,11:40,11:44
FIMS_804,Dry,2026,TS11,,Tidewater Mojarra,,,,,2.2,0.1,c,99,6,30.7,37.6,0.8,56798,4,24.91218,-80.93788,11:40,11:44
FIMS_804,Dry,2026,TS11,,Tidewater Mojarra,,,,,2.4,0.11,c,99,6,30.7,37.6,0.8,56798,4,24.91218,-80.93788,11:40,11:44
FIMS_804,Dry,2026,TS11,,Tidewater Mojarra,,,,,2.8,0.19,c,99,6,30.7,37.6,0.8,56798,4,24.91218,-80.93788,11:40,11:44
FIMS_804,Dry,2026,TS11,,Tidewater Mojarra,,,,,3,0.28,c,99,6,30.7,37.6,0.8,56798,4,24.91218,-80.93788,11:40,11:44
FIMS_804,Dry,2026,TS11,,Tidewater Mojarra (n=48),includes the n=40 listed,,,,,,c,99,6,30.7,37.6,0.8,56798,4,24.91218,-80.93788,11:40,11:44
FIMS_804,Dry,2026,TS11,,Grass Shrimp (n=24),,,,,,,c,99,6,30.7,37.6,0.8,56798,4,24.91218,-80.93788,11:40,11:44
FIMS_803,Dry,2026,TS11,,Sargassum Swimming Crab,,,,,0.9,0.05,c,99,6,30.7,37.6,0.8,56798,4,24.91218,-80.93788,11:40,11:44
FIMS_803,Dry,2026,TS11,,Sargassum Swimming Crab,,,,,0.9,0.06,c,99,6.9,31,37.7,1,56998,25,24.91287,-80.93829,12:10,12:15
FIMS_803,Dry,2026,TS11,,Crab spp.,,,,,1,1.7,c,99,6.9,31,37.7,1,56998,25,24.91287,-80.93829,12:10,12:15
FIMS_803,Dry,2026,TS11,,Crab spp.,,,,,,,c,99,6.9,31,37.7,1,56998,25,24.91287,-80.93829,12:10,12:15
FIMS_803,Dry,2026,TS11,,Crab spp.,,,,,,,c,99,6.9,31,37.7,1,56998,25,24.91287,-80.93829,12:10,12:15
FIMS_803,Dry,2026,TS11,,Redfin Needlefish,,,,,3.1,0.05,c,99,6.9,31,37.7,1,56998,25,24.91287,-80.93829,12:10,12:15
FIMS_803,Dry,2026,TS11,,Redfin Needlefish,,,,,8.8,0.98,c,99,6.9,31,37.7,1,56998,25,24.91287,-80.93829,12:10,12:15
FIMS_803,Dry,2026,TS11,,Grass Shrimp (n=19),,,,,,,c,99,6.9,31,37.7,1,56998,25,24.91287,-80.93829,12:10,12:15
FIMS_805,Dry,2026,TS11,,Sargassum Filefish,,,,,1.5,0.09,c,146,6.9,31,37.7,1,56998,25,24.91287,-80.93829,12:10,12:15
FIMS_805,Dry,2026,TS11,,American Halfbeak,,,,,3.4,0.08,c,146,9,31.3,37.8,0.7,57046,30,24.9087,-80.9377,1:30,1:35
FIMS_805,Dry,2026,TS11,,Gulf Toadfish,,,,,1.4,0.03,c,146,9,31.3,37.8,0.7,57046,30,24.9087,-80.9377,1:30,1:35
FIMS_805,Dry,2026,TS11,,Crab spp.,,,,,1.2,0.2,c,146,9,31.3,37.8,0.7,57046,30,24.9087,-80.9377,1:30,1:35
FIMS_805,Dry,2026,TS11,,Sargassum Swimming Crab,,,,,0.8,0.05,c,146,9,31.3,37.8,0.7,57046,30,24.9087,-80.9377,1:30,1:35
FIMS_805,Dry,2026,TS11,,Sargassum Swimming Crab,,,,,0.4,0.02,c,146,9,31.3,37.8,0.7,57046,30,24.9087,-80.9377,1:30,1:35
FIMS_805,Dry,2026,TS11,,Sargassum Swimming Crab,,,,,0.7,0.05,c,146,9,31.3,37.8,0.7,57046,30,24.9087,-80.9377,1:30,1:35
FIMS_805,Dry,2026,TS11,,Sargassum Swimming Crab,,,,,0.8,0.06,c,146,9,31.3,37.8,0.7,57046,30,24.9087,-80.9377,1:30,1:35
FIMS_805,Dry,2026,TS11,,Sargassum Swimming Crab,,,,,0.8,0.06,c,146,9,31.3,37.8,0.7,57046,30,24.9087,-80.9377,1:30,1:35
FIMS_805,Dry,2026,TS11,,Grass Shrimp (n=9),,,,,,,,146,9,31.3,37.8,0.7,57046,30,24.9087,-80.9377,1:30,1:35
,,,,,,,,,,,,,,9,31.3,37.8,0.7,57046,30,24.9087,-80.9377,1:30,1:35
